-- MariaDB dump 10.19  Distrib 10.10.2-MariaDB, for osx10.17 (x86_64)
--
-- Host: mariadb    Database: vteams
-- ------------------------------------------------------
-- Server version	10.9.3-MariaDB

/*!40101 SET @OLD_CHARACTER_SET_CLIENT=@@CHARACTER_SET_CLIENT */;
/*!40101 SET @OLD_CHARACTER_SET_RESULTS=@@CHARACTER_SET_RESULTS */;
/*!40101 SET @OLD_COLLATION_CONNECTION=@@COLLATION_CONNECTION */;
/*!40101 SET NAMES utf8mb4 */;
/*!40103 SET @OLD_TIME_ZONE=@@TIME_ZONE */;
/*!40103 SET TIME_ZONE='+00:00' */;
/*!40014 SET @OLD_UNIQUE_CHECKS=@@UNIQUE_CHECKS, UNIQUE_CHECKS=0 */;
/*!40014 SET @OLD_FOREIGN_KEY_CHECKS=@@FOREIGN_KEY_CHECKS, FOREIGN_KEY_CHECKS=0 */;
/*!40101 SET @OLD_SQL_MODE=@@SQL_MODE, SQL_MODE='NO_AUTO_VALUE_ON_ZERO' */;
/*!40111 SET @OLD_SQL_NOTES=@@SQL_NOTES, SQL_NOTES=0 */;

--
-- Table structure for table `admin`
--

DROP TABLE IF EXISTS `admin`;
/*!40101 SET @saved_cs_client     = @@character_set_client */;
/*!40101 SET character_set_client = utf8 */;
CREATE TABLE `admin` (
  `id` int(11) NOT NULL AUTO_INCREMENT,
  `email` varchar(100) DEFAULT NULL,
  `password` varchar(45) DEFAULT NULL,
  PRIMARY KEY (`id`)
) ENGINE=InnoDB DEFAULT CHARSET=utf8mb3;
/*!40101 SET character_set_client = @saved_cs_client */;

--
-- Dumping data for table `admin`
--

LOCK TABLES `admin` WRITE;
/*!40000 ALTER TABLE `admin` DISABLE KEYS */;
/*!40000 ALTER TABLE `admin` ENABLE KEYS */;
UNLOCK TABLES;

--
-- Table structure for table `charging_station`
--

DROP TABLE IF EXISTS `charging_station`;
/*!40101 SET @saved_cs_client     = @@character_set_client */;
/*!40101 SET character_set_client = utf8 */;
CREATE TABLE `charging_station` (
  `id` int(11) NOT NULL AUTO_INCREMENT,
  `charging_zone_id` varchar(20) NOT NULL,
  `position` point NOT NULL,
  `occupied` tinyint(1) NOT NULL DEFAULT 0,
  `scooter_id` int(11) DEFAULT NULL,
  PRIMARY KEY (`id`),
  KEY `charging_station_charging_zone_idx` (`charging_zone_id`),
  KEY `charging_station_bike_idx` (`scooter_id`),
  CONSTRAINT `charging_station_charging_zone` FOREIGN KEY (`charging_zone_id`) REFERENCES `charging_zone` (`id`) ON DELETE CASCADE ON UPDATE CASCADE,
  CONSTRAINT `charging_station_scooter` FOREIGN KEY (`scooter_id`) REFERENCES `scooter` (`id`) ON DELETE SET NULL ON UPDATE CASCADE
) ENGINE=InnoDB AUTO_INCREMENT=704 DEFAULT CHARSET=utf8mb3;
/*!40101 SET character_set_client = @saved_cs_client */;

--
-- Dumping data for table `charging_station`
--

LOCK TABLES `charging_station` WRITE;
/*!40000 ALTER TABLE `charging_station` DISABLE KEYS */;
INSERT INTO `charging_station` VALUES
(1,'kna_c_2','\0\0\0\0\0\0\0;[L@ nT(/@',0,NULL),
(2,'kna_c_2','\0\0\0\0\0\0\0\0>L@(/@',0,NULL),
(3,'kna_c_2','\0\0\0\0\0\0\0lL@0(/@',0,NULL),
(4,'kna_c_2','\0\0\0\0\0\0\0cL@ Q(/@',0,NULL),
(5,'kna_c_2','\0\0\0\0\0\0\0LL@pa(/@',0,NULL),
(6,'kna_c_2','\0\0\0\0\0\0\0LL@,(/@',0,NULL),
(7,'kna_c_2','\0\0\0\0\0\0\0\\z*L@k(/@',0,NULL),
(8,'kna_c_2','\0\0\0\0\0\0\0\rL@0h(/@',0,NULL),
(9,'kna_c_2','\0\0\0\0\0\0\0OL@d9(/@',0,NULL),
(10,'kna_c_2','\0\0\0\0\0\0\0L@\0ۼ(/@',0,NULL),
(11,'kna_c_2','\0\0\0\0\0\0\0L@0(/@',0,NULL),
(12,'kna_c_2','\0\0\0\0\0\0\0]uL@M(/@',0,NULL),
(13,'kna_c_2','\0\0\0\0\0\0\0tL@ F(/@',0,NULL),
(14,'kna_c_2','\0\0\0\0\0\0\0ظL@잫(/@',0,NULL),
(15,'kna_c_2','\0\0\0\0\0\0\0\\;L@`S(/@',0,NULL),
(16,'kna_c_2','\0\0\0\0\0\0\0~L@pb(/@',0,NULL),
(17,'kna_c_2','\0\0\0\0\0\0\0XA{L@ O(/@',0,NULL),
(18,'kna_c_2','\0\0\0\0\0\0\0WayL@,(/@',0,NULL),
(19,'kna_c_2','\0\0\0\0\0\0\0ptL@(/@',0,NULL),
(20,'kna_c_2','\0\0\0\0\0\0\0roL@(/@',0,NULL),
(21,'kna_c_2','\0\0\0\0\0\0\0D\'kL@0(/@',0,NULL),
(22,'kna_c_2','\0\0\0\0\0\0\0x\ndL@В(/@',0,NULL),
(23,'kna_c_2','\0\0\0\0\0\0\0(\\L@(/@',0,NULL),
(24,'kna_c_2','\0\0\0\0\0\0\0U0XL@(/@',0,NULL),
(25,'kna_c_2','\0\0\0\0\0\0\0(QL@\n(/@',0,NULL),
(26,'kna_c_2','\0\0\0\0\0\0\0ULL@u%Y(/@',0,NULL),
(27,'kna_c_2','\0\0\0\0\0\0\0GL@pr)(/@',0,NULL),
(28,'kna_c_2','\0\0\0\0\0\0\0|\"BL@ o-(/@',0,NULL),
(29,'kna_c_2','\0\0\0\0\0\0\0xf;L@ kC(/@',0,NULL),
(30,'kna_c_2','\0\0\0\0\0\0\0!L@(/@',0,NULL),
(31,'kna_c_2','\0\0\0\0\0\0\0\ZL@0`.(/@',0,NULL),
(32,'kna_c_2','\0\0\0\0\0\0\0UL@Ҧ(/@',0,NULL),
(33,'kna_c_2','\0\0\0\0\0\0\05L@p\'`(/@',0,NULL),
(34,'kna_c_2','\0\0\0\0\0\0\0\nL@(/@',0,NULL),
(35,'kna_c_2','\0\0\0\0\0\0\0\\|>L@pjK(/@',0,NULL),
(36,'kna_c_2','\0\0\0\0\0\0\0d!L@(/@',0,NULL),
(37,'kna_c_2','\0\0\0\0\0\0\0psHL@(/@',0,NULL),
(38,'kna_c_2','\0\0\0\0\0\0\0L@ˡ(/@',0,NULL),
(39,'kna_c_2','\0\0\0\0\0\0\0ԚL@^ (/@',0,NULL),
(40,'kna_c_2','\0\0\0\0\0\0\0tL@h(/@',0,NULL),
(41,'kna_c_2','\0\0\0\0\0\0\0&OL@`-(/@',0,NULL),
(42,'kna_c_2','\0\0\0\0\0\0\0-cL@XnB(/@',0,NULL),
(43,'kna_c_2','\0\0\0\0\0\0\0W=L@!(/@',0,NULL),
(44,'kna_c_2','\0\0\0\0\0\0\0SL@i(/@',0,NULL),
(45,'kna_c_2','\0\0\0\0\0\0\0T-L@`(/@',0,NULL),
(46,'kna_c_2','\0\0\0\0\0\0\0L\nDL@(/@',0,NULL),
(47,'kna_c_2','\0\0\0\0\0\0\0PAL@A-(/@',0,NULL),
(48,'kna_c_2','\0\0\0\0\0\0\0$L@\0T(/@',0,NULL),
(49,'kna_c_2','\0\0\0\0\0\0\0^ٞL@\n(/@',0,NULL),
(50,'kna_c_2','\0\0\0\0\0\0\0xL@0V/(/@',0,NULL),
(51,'kna_c_2','\0\0\0\0\0\0\0lL@˿(/@',0,NULL),
(52,'kna_c_2','\0\0\0\0\0\0\0X-{L@^(/@',0,NULL),
(53,'kna_c_2','\0\0\0\0\0\0\0LdqL@\r{(/@',0,NULL),
(54,'kna_c_2','\0\0\0\0\0\0\0lL@07:(/@',0,NULL),
(55,'kna_c_2','\0\0\0\0\0\0\0`L@Pjy(/@',0,NULL),
(56,'kna_c_2','\0\0\0\0\0\0\0x҄^L@t-(/@',0,NULL),
(57,'kna_c_2','\0\0\0\0\0\0\0QL@~](/@',0,NULL),
(58,'kna_c_2','\0\0\0\0\0\0\0\r]HL@g\n(/@',0,NULL),
(59,'kna_c_2','\0\0\0\0\0\0\0D>L@(/@',0,NULL),
(60,'kna_c_2','\0\0\0\0\0\0\0D>L@7(/@',0,NULL),
(61,'kna_c_2','\0\0\0\0\0\0\0@`:L@T(/@',0,NULL),
(62,'kna_c_2','\0\0\0\0\0\0\0<0L@w(/@',0,NULL),
(63,'kna_c_2','\0\0\0\0\0\0\0D+L@PB1(/@',0,NULL),
(64,'kna_c_2','\0\0\0\0\0\0\0,zL@0(/@',0,NULL),
(65,'kna_c_2','\0\0\0\0\0\0\00qL@0(/@',0,NULL),
(66,'kna_c_2','\0\0\0\0\0\0\0L@PN(/@',0,NULL),
(67,'kna_c_2','\0\0\0\0\0\0\0ؿL@@f(/@',0,NULL),
(68,'kna_c_2','\0\0\0\0\0\0\0ɿL@i(/@',0,NULL),
(69,'kna_c_2','\0\0\0\0\0\0\0`FL@(/@',0,NULL),
(70,'kna_c_2','\0\0\0\0\0\0\0W\\L@Ю(/@',0,NULL),
(71,'kna_c_2','\0\0\0\0\0\0\0؀6L@zǔ(/@',0,NULL),
(72,'kna_c_2','\0\0\0\0\0\0\0pL@@}0(/@',0,NULL),
(73,'kna_c_2','\0\0\0\0\0\0\0t	cL@g#(/@',0,NULL),
(74,'kna_c_2','\0\0\0\0\0\0\0 @ۋL@lY(/@',0,NULL),
(75,'kna_c_2','\0\0\0\0\0\0\0MyL@pJ(/@',0,NULL),
(76,'kna_c_2','\0\0\0\0\0\0\0JL@\0;\\	(/@',0,NULL),
(77,'kna_c_2','\0\0\0\0\0\0\0LxL@O(/@',0,NULL),
(78,'kna_c_2','\0\0\0\0\0\0\0,Z`vL@0{Ic(/@',0,NULL),
(79,'kna_c_2','\0\0\0\0\0\0\0gsL@`a!(/@',0,NULL),
(80,'kna_c_2','\0\0\0\0\0\0\0̐lL@(/@',0,NULL),
(81,'kna_c_2','\0\0\0\0\0\0\0`L@07(/@',0,NULL),
(82,'kna_c_2','\0\0\0\0\0\0\0YL@P(/@',0,NULL),
(83,'kna_c_2','\0\0\0\0\0\0\0?APL@i(/@',0,NULL),
(84,'kna_c_2','\0\0\0\0\0\0\0dYL@@f*(/@',0,NULL),
(85,'kna_c_2','\0\0\0\0\0\0\0dጾL@ֈ(/@',0,NULL),
(86,'kna_c_2','\0\0\0\0\0\0\0L~L@@i(/@',0,NULL),
(87,'kna_c_2','\0\0\0\0\0\0\0\0-L@.(/@',0,NULL),
(88,'kna_c_2','\0\0\0\0\0\0\0xSL@zB(/@',0,NULL),
(89,'kna_c_2','\0\0\0\0\0\0\0\0L@pT(/@',0,NULL),
(90,'kna_c_2','\0\0\0\0\0\0\0HΞL@pN(/@',0,NULL),
(91,'kna_c_2','\0\0\0\0\0\0\0aþL@p.b)(/@',0,NULL),
(92,'kna_c_2','\0\0\0\0\0\0\08TƾL@d(/@',0,NULL),
(93,'kna_c_2','\0\0\0\0\0\0\0+6;L@\n1(/@',0,NULL),
(94,'kna_c_2','\0\0\0\0\0\0\0پL@(/@',0,NULL),
(95,'kna_c_2','\0\0\0\0\0\0\04ځ۾L@ :O(/@',0,NULL),
(96,'kna_c_2','\0\0\0\0\0\0\0	L@@\0o(/@',0,NULL),
(97,'kna_c_2','\0\0\0\0\0\0\0L@P(/@',0,NULL),
(98,'kna_c_2','\0\0\0\0\0\0\0L@ (/@',0,NULL),
(99,'kna_c_2','\0\0\0\0\0\0\0vL@>i(/@',0,NULL),
(100,'kna_c_2','\0\0\0\0\0\0\0ML@Pͪ(/@',0,NULL),
(101,'kna_c_1','\0\0\0\0\0\0\0.\"L@@vlg,/@',0,NULL),
(102,'kna_c_1','\0\0\0\0\0\0\0L@@XTg,/@',0,NULL),
(103,'kna_c_1','\0\0\0\0\0\0\0$>\ZL@ :<g,/@',0,NULL),
(104,'kna_c_1','\0\0\0\0\0\0\0@P\ZL@0g,/@',0,NULL),
(105,'kna_c_1','\0\0\0\0\0\0\0گL@0$g,/@',0,NULL),
(106,'kna_c_1','\0\0\0\0\0\0\0}L@0g,/@',0,NULL),
(107,'kna_c_1','\0\0\0\0\0\0\0dh$`L@Sf,/@',0,NULL),
(108,'kna_c_1','\0\0\0\0\0\0\0L@L{f,/@',0,NULL),
(109,'kna_c_1','\0\0\0\0\0\0\0PL@.cf,/@',0,NULL),
(110,'kna_c_1','\0\0\0\0\0\0\0@\ZTL@Kf,/@',0,NULL),
(111,'kna_c_1','\0\0\0\0\0\0\0(kAL@f,/@',0,NULL),
(112,'kna_c_1','\0\0\0\0\0\0\0L@{e,/@',0,NULL),
(113,'kna_c_1','\0\0\0\0\0\0\0@SL@]e,/@',0,NULL),
(114,'kna_c_1','\0\0\0\0\0\0\0HTL@?e,/@',0,NULL),
(115,'kna_c_1','\0\0\0\0\0\0\0|fL@\"Ae,/@',0,NULL),
(116,'kna_c_1','\0\0\0\0\0\0\0oL@@e,/@',0,NULL),
(117,'kna_c_1','\0\0\0\0\0\0\0X!0L@@e,/@',0,NULL),
(118,'kna_c_1','\0\0\0\0\0\0\0HbL@h.q,/@',0,NULL),
(119,'kna_c_1','\0\0\0\0\0\0\0|L@Cp,/@',0,NULL),
(120,'kna_c_1','\0\0\0\0\0\0\0@L@ p,/@',0,NULL),
(121,'kna_c_1','\0\0\0\0\0\0\0pDY\ZL@ܱp,/@',0,NULL),
(122,'kna_c_1','\0\0\0\0\0\0\0L@0p,/@',0,NULL),
(123,'kna_c_1','\0\0\0\0\0\0\0@_nL@gUp,/@',0,NULL),
(124,'kna_c_1','\0\0\0\0\0\0\0L@P~p,/@',0,NULL),
(125,'kna_c_1','\0\0\0\0\0\0\04{L@P~p,/@',0,NULL),
(126,'kna_c_1','\0\0\0\0\0\0\0L@`[p,/@',0,NULL),
(127,'kna_c_1','\0\0\0\0\0\0\0dk[L@ 9p,/@',0,NULL),
(128,'kna_c_1','\0\0\0\0\0\0\0wlL@ p,/@',0,NULL),
(129,'kna_c_1','\0\0\0\0\0\0\0\\Di%L@cp,/@',0,NULL),
(130,'kna_c_1','\0\0\0\0\0\0\0@L@`{o,/@',0,NULL),
(131,'kna_c_1','\0\0\0\0\0\0\0h{AL@o,/@',0,NULL),
(132,'kna_c_1','\0\0\0\0\0\0\0$L@o,/@',0,NULL),
(133,'kna_c_1','\0\0\0\0\0\0\0TL@ (o,/@',0,NULL),
(134,'kna_c_1','\0\0\0\0\0\0\0KgL@]jo,/@',0,NULL),
(135,'kna_c_1','\0\0\0\0\0\0\00L@P>\ZYo,/@',0,NULL),
(136,'kna_c_1','\0\0\0\0\0\0\0x!oL@ܑ6o,/@',0,NULL),
(137,'kna_c_1','\0\0\0\0\0\0\0HWL@@%o,/@',0,NULL),
(138,'kna_c_1','\0\0\0\0\0\0\0dL@\0x,/@',0,NULL),
(139,'kna_c_1','\0\0\0\0\0\0\0G|L@Ix,/@',0,NULL),
(140,'kna_c_1','\0\0\0\0\0\0\0ԝ\ZL@ajx,/@',0,NULL),
(141,'kna_c_1','\0\0\0\0\0\0\0$Ͽ\ZL@`rx,/@',0,NULL),
(142,'kna_c_1','\0\0\0\0\0\0\0HsX\ZL@Wx,/@',0,NULL),
(143,'kna_c_1','\0\0\0\0\0\0\0hL@Wx,/@',0,NULL),
(144,'kna_c_1','\0\0\0\0\0\0\0@iL@Dx,/@',0,NULL),
(145,'kna_c_1','\0\0\0\0\0\0\0L@P.#*x,/@',0,NULL),
(146,'kna_c_1','\0\0\0\0\0\0\0 :sL@q7x,/@',0,NULL),
(147,'kna_c_1','\0\0\0\0\0\0\0ܗL@pDx,/@',0,NULL),
(148,'kna_c_1','\0\0\0\0\0\0\0&:L@x,/@',0,NULL),
(149,'kna_c_1','\0\0\0\0\0\0\0L@x,/@',0,NULL),
(150,'kna_c_1','\0\0\0\0\0\0\0L@Ѓx,/@',0,NULL),
(151,'kna_c_1','\0\0\0\0\0\0\0x@L@[5x,/@',0,NULL),
(152,'kna_c_1','\0\0\0\0\0\0\0(L@0ڷw,/@',0,NULL),
(153,'kna_c_1','\0\0\0\0\0\0\0EL@\Zw,/@',0,NULL),
(154,'kna_c_1','\0\0\0\0\0\0\0ڳ0L@	~w,/@',0,NULL),
(155,'kna_c_1','\0\0\0\0\0\0\0t8L@rw,/@',0,NULL),
(156,'kna_c_1','\0\0\0\0\0\0\0@IL@`1w,/@',0,NULL),
(157,'kna_c_3','\0\0\0\0\0\0\0}*L@(./@',0,NULL),
(158,'kna_c_3','\0\0\0\0\0\0\0	L@ 7./@',0,NULL),
(159,'kna_c_3','\0\0\0\0\0\0\0|L@0ˀ./@',0,NULL),
(160,'kna_c_3','\0\0\0\0\0\0\0L@\0_%!./@',0,NULL),
(161,'kna_c_3','\0\0\0\0\0\0\0tL@࿮%./@',0,NULL),
(162,'kna_c_3','\0\0\0\0\0\0\0P1L@)./@',0,NULL),
(163,'kna_c_3','\0\0\0\0\0\0\0x?L@ -./@',0,NULL),
(164,'kna_c_3','\0\0\0\0\0\0\0`/L@`y\'1./@',0,NULL),
(165,'kna_c_3','\0\0\0\0\0\0\0X	iL@\036./@',0,NULL),
(166,'kna_c_3','\0\0\0\0\0\0\0T(OL@./@',0,NULL),
(167,'kna_c_3','\0\0\0\0\0\0\0|O,8L@\0*[./@',0,NULL),
(168,'kna_c_3','\0\0\0\0\0\0\0,L@@M\Z./@',0,NULL),
(169,'kna_c_3','\0\0\0\0\0\0\0pL@./@',0,NULL),
(170,'kna_c_3','\0\0\0\0\0\0\0ݴL@IG\"./@',0,NULL),
(171,'kna_c_3','\0\0\0\0\0\0\0lIL@0X%./@',0,NULL),
(172,'kna_c_3','\0\0\0\0\0\0\0X9L@\"_*./@',0,NULL),
(173,'kna_c_3','\0\0\0\0\0\0\04L@-./@',0,NULL),
(174,'kna_c_3','\0\0\0\0\0\0\0L@`1./@',0,NULL),
(175,'kna_c_3','\0\0\0\0\0\0\0p¢L@Ke5./@',0,NULL),
(176,'kna_c_3','\0\0\0\0\0\0\0XzL@p\0./@',0,NULL),
(177,'kna_c_3','\0\0\0\0\0\0\0;ZL@pL./@',0,NULL),
(178,'kna_c_3','\0\0\0\0\0\0\0LAL@./@',0,NULL),
(179,'kna_c_3','\0\0\0\0\0\0\04L@ W\"./@',0,NULL),
(180,'kna_c_3','\0\0\0\0\0\0\02y\nL@n	\'./@',0,NULL),
(181,'kna_c_3','\0\0\0\0\0\0\0؜|L@w+./@',0,NULL),
(182,'kna_c_3','\0\0\0\0\0\0\0L@GO/./@',0,NULL),
(183,'kna_c_3','\0\0\0\0\0\0\0XOL@&3./@',0,NULL),
(184,'kna_c_3','\0\0\0\0\0\0\0tCmL@ t./@',0,NULL),
(185,'kna_c_3','\0\0\0\0\0\0\0b`L@k./@',0,NULL),
(186,'kna_c_3','\0\0\0\0\0\0\0OL@\Z./@',0,NULL),
(187,'kna_c_3','\0\0\0\0\0\0\0xw>L@PÌ|./@',0,NULL),
(188,'kna_c_3','\0\0\0\0\0\0\0$z\'L@`\"./@',0,NULL),
(189,'kna_c_3','\0\0\0\0\0\0\0T~L@`ȭp\'./@',0,NULL),
(190,'kna_c_3','\0\0\0\0\0\0\0XL@09Q\\,./@',0,NULL),
(191,'kna_c_3','\0\0\0\0\0\0\0L@`&0./@',0,NULL),
(192,'kna_c_3','\0\0\0\0\0\0\0L@5s3./@',0,NULL),
(193,'sthlm_c_1','\0\0\0\0\0\0\0(\nQM@P9N2@',0,NULL),
(194,'sthlm_c_1','\0\0\0\0\0\0\0$QM@&}P2@',0,NULL),
(195,'sthlm_c_1','\0\0\0\0\0\0\0hƔRM@ZWR2@',0,NULL),
(196,'sthlm_c_1','\0\0\0\0\0\0\0@2RM@\n*T2@',0,NULL),
(197,'sthlm_c_1','\0\0\0\0\0\0\0(RRM@к8.V2@',0,NULL),
(198,'sthlm_c_1','\0\0\0\0\0\0\0oRM@0!\0X2@',0,NULL),
(199,'sthlm_c_1','\0\0\0\0\0\0\0D>|RM@`6Z2@',0,NULL),
(200,'sthlm_c_1','\0\0\0\0\0\0\0ԃRM@H1e\\2@',0,NULL),
(201,'sthlm_c_1','\0\0\0\0\0\0\0`RM@0w^2@',0,NULL),
(202,'sthlm_c_1','\0\0\0\0\0\0\0蘅RM@0_2@',0,NULL),
(203,'sthlm_c_1','\0\0\0\0\0\0\0SM@]a2@',0,NULL),
(204,'sthlm_c_1','\0\0\0\0\0\0\0&.SM@`/b2@',0,NULL),
(205,'sthlm_c_1','\0\0\0\0\0\0\0?KSM@~Kd2@',0,NULL),
(206,'sthlm_c_1','\0\0\0\0\0\0\0l/lSM@He2@',0,NULL),
(207,'sthlm_c_1','\0\0\0\0\0\0\0 ESM@Z\"h2@',0,NULL),
(208,'sthlm_c_1','\0\0\0\0\0\0\0<CSM@i2@',0,NULL),
(209,'sthlm_c_1','\0\0\0\0\0\0\0ضSM@]k2@',0,NULL),
(210,'sthlm_c_1','\0\0\0\0\0\0\0SM@\'l2@',0,NULL),
(211,'sthlm_c_1','\0\0\0\0\0\0\0#\"\0TM@Hwgn2@',0,NULL),
(212,'sthlm_c_1','\0\0\0\0\0\0\07$TM@]p2@',0,NULL),
(213,'sthlm_c_1','\0\0\0\0\0\0\0@aPM@0O2@',0,NULL),
(214,'sthlm_c_1','\0\0\0\0\0\0\0@PM@8OQ2@',0,NULL),
(215,'sthlm_c_1','\0\0\0\0\0\0\0QM@hv1S2@',0,NULL),
(216,'sthlm_c_1','\0\0\0\0\0\0\0|.QM@T2@',0,NULL),
(217,'sthlm_c_1','\0\0\0\0\0\0\0tOQM@m\rV2@',0,NULL),
(218,'sthlm_c_1','\0\0\0\0\0\0\0}vQM@(=΀X2@',0,NULL),
(219,'sthlm_c_1','\0\0\0\0\0\0\0LWQM@@&Z2@',0,NULL),
(220,'sthlm_c_1','\0\0\0\0\0\0\00QM@@[2@',0,NULL),
(221,'sthlm_c_1','\0\0\0\0\0\0\0yMQM@\0o\\2@',0,NULL),
(222,'sthlm_c_1','\0\0\0\0\0\0\0lwQM@d^2@',0,NULL),
(223,'sthlm_c_1','\0\0\0\0\0\0\0,qRM@y_2@',0,NULL),
(224,'sthlm_c_1','\0\0\0\0\0\0\09RM@؅l`2@',0,NULL),
(225,'sthlm_c_1','\0\0\0\0\0\0\0PWd6RM@4b2@',0,NULL),
(226,'sthlm_c_1','\0\0\0\0\0\0\0`/VRM@[H;c2@',0,NULL),
(227,'sthlm_c_1','\0\0\0\0\0\0\0#FxRM@\0Pd2@',0,NULL),
(228,'sthlm_c_1','\0\0\0\0\0\0\0h褕RM@\0	qf2@',0,NULL),
(229,'sthlm_c_1','\0\0\0\0\0\0\0RM@g2@',0,NULL),
(230,'sthlm_c_1','\0\0\0\0\0\0\0PU0RM@آh2@',0,NULL),
(231,'sthlm_c_1','\0\0\0\0\0\0\0`RM@Pxj2@',0,NULL),
(232,'sthlm_c_1','\0\0\0\0\0\0\0WSM@xs4l2@',0,NULL),
(233,'sthlm_c_1','\0\0\0\0\0\0\0N+SM@(\0m2@',0,NULL),
(234,'sthlm_c_1','\0\0\0\0\0\0\0rGSM@ʆo2@',0,NULL),
(235,'sthlm_c_1','\0\0\0\0\0\0\0DkcSM@J=q2@',0,NULL),
(236,'sthlm_c_1','\0\0\0\0\0\0\0WʀSM@>Nr2@',0,NULL),
(237,'sthlm_c_1','\0\0\0\0\0\0\0l=OM@\Z2Q2@',0,NULL),
(238,'sthlm_c_1','\0\0\0\0\0\0\0t_PM@P|R2@',0,NULL),
(239,'sthlm_c_1','\0\0\0\0\0\0\0$/PM@d4T2@',0,NULL),
(240,'sthlm_c_1','\0\0\0\0\0\0\0LpV@PM@NU2@',0,NULL),
(241,'sthlm_c_1','\0\0\0\0\0\0\04ePM@!KW2@',0,NULL),
(242,'sthlm_c_1','\0\0\0\0\0\0\047PM@h48X2@',0,NULL),
(243,'sthlm_c_1','\0\0\0\0\0\0\0LfPM@VZ2@',0,NULL),
(244,'sthlm_c_1','\0\0\0\0\0\0\0!PM@k[2@',0,NULL),
(245,'sthlm_c_1','\0\0\0\0\0\0\0̲PM@m\\2@',0,NULL),
(246,'sthlm_c_1','\0\0\0\0\0\0\0CPM@B_^2@',0,NULL),
(247,'sthlm_c_1','\0\0\0\0\0\0\0(QM@ݪ_2@',0,NULL),
(248,'sthlm_c_1','\0\0\0\0\0\0\0Lc\"QM@}ۭa2@',0,NULL),
(249,'sthlm_c_1','\0\0\0\0\0\0\0HDQM@htc2@',0,NULL),
(250,'sthlm_c_1','\0\0\0\0\0\0\0@ܶmQM@ f2@',0,NULL),
(251,'sthlm_c_1','\0\0\0\0\0\0\0QM@hUh2@',0,NULL),
(252,'sthlm_c_1','\0\0\0\0\0\0\0xeQM@.*j2@',0,NULL),
(253,'sthlm_c_1','\0\0\0\0\0\0\0QM@-ul2@',0,NULL),
(254,'sthlm_c_1','\0\0\0\0\0\0\02RM@svn2@',0,NULL),
(255,'sthlm_c_1','\0\0\0\0\0\0\0\0\"RM@Hp2@',0,NULL),
(256,'sthlm_c_1','\0\0\0\0\0\0\08MRM@Hحr2@',0,NULL),
(257,'sthlm_c_1','\0\0\0\0\0\0\00ցRM@JMt2@',0,NULL),
(258,'sthlm_c_3','\0\0\0\0\0\0\0=M@0>6p2@',0,NULL),
(259,'sthlm_c_3','\0\0\0\0\0\0\0l=M@\ruq2@',0,NULL),
(260,'sthlm_c_3','\0\0\0\0\0\0\0>M@ubs2@',0,NULL),
(261,'sthlm_c_3','\0\0\0\0\0\0\0,(9>M@8it2@',0,NULL),
(262,'sthlm_c_3','\0\0\0\0\0\0\0<k>M@ZEu2@',0,NULL),
(263,'sthlm_c_3','\0\0\0\0\0\0\00L>M@8~v2@',0,NULL),
(264,'sthlm_c_3','\0\0\0\0\0\0\0mw>M@wEx2@',0,NULL),
(265,'sthlm_c_3','\0\0\0\0\0\0\0<E?M@by2@',0,NULL),
(266,'sthlm_c_3','\0\0\0\0\0\0\00?M@Nz2@',0,NULL),
(267,'sthlm_c_3','\0\0\0\0\0\0\0p-?M@0P4{2@',0,NULL),
(268,'sthlm_c_3','\0\0\0\0\0\0\0\\qA@M@0;j}2@',0,NULL),
(269,'sthlm_c_3','\0\0\0\0\0\0\0 @M@!_~2@',0,NULL),
(270,'sthlm_c_3','\0\0\0\0\0\0\0w@M@2@',0,NULL),
(271,'sthlm_c_3','\0\0\0\0\0\0\0t,AM@X2@',0,NULL),
(272,'sthlm_c_3','\0\0\0\0\0\0\0&#AM@Ђ2@',0,NULL),
(273,'sthlm_c_3','\0\0\0\0\0\0\0pFAM@+[2@',0,NULL),
(274,'sthlm_c_3','\0\0\0\0\0\0\0~\n[BM@2@',0,NULL),
(275,'sthlm_c_3','\0\0\0\0\0\0\0BM@0[2@',0,NULL),
(276,'sthlm_c_3','\0\0\0\0\0\0\0\'CM@e2@',0,NULL),
(277,'sthlm_c_3','\0\0\0\0\0\0\0\0VCM@8hO2@',0,NULL),
(278,'sthlm_c_3','\0\0\0\0\0\0\0dӪCM@W2@',0,NULL),
(279,'sthlm_c_3','\0\0\0\0\0\0\0@j DM@9z2@',0,NULL),
(280,'sthlm_c_3','\0\0\0\0\0\0\0.yDM@@c2@',0,NULL),
(281,'sthlm_c_3','\0\0\0\0\0\0\0DM@(qΖ2@',0,NULL),
(282,'sthlm_c_3','\0\0\0\0\0\0\0$2EM@@\rʐ2@',0,NULL),
(283,'sthlm_c_3','\0\0\0\0\0\0\0ܹ<M@h/u2@',0,NULL),
(284,'sthlm_c_3','\0\0\0\0\0\0\0IH==M@xGpv2@',0,NULL),
(285,'sthlm_c_3','\0\0\0\0\0\0\0l=M@Kx2@',0,NULL),
(286,'sthlm_c_3','\0\0\0\0\0\0\0n>M@@z2@',0,NULL),
(287,'sthlm_c_3','\0\0\0\0\0\0\0\0<Z>M@0P4{2@',0,NULL),
(288,'sthlm_c_3','\0\0\0\0\0\0\0ܻ>M@0;j}2@',0,NULL),
(289,'sthlm_c_3','\0\0\0\0\0\0\0?M@0#\Z72@',0,NULL),
(290,'sthlm_c_3','\0\0\0\0\0\0\0$5r?M@`%K2@',0,NULL),
(291,'sthlm_c_3','\0\0\0\0\0\0\0)?M@Zn߁2@',0,NULL),
(292,'sthlm_c_3','\0\0\0\0\0\0\0P+@M@\0*h2@',0,NULL),
(293,'sthlm_c_3','\0\0\0\0\0\0\0穕@M@8a!2@',0,NULL),
(294,'sthlm_c_3','\0\0\0\0\0\0\0,4AM@h[2@',0,NULL),
(295,'sthlm_c_3','\0\0\0\0\0\0\0&#AM@2,2@',0,NULL),
(296,'sthlm_c_3','\0\0\0\0\0\0\0@BM@2@',0,NULL),
(297,'sthlm_c_3','\0\0\0\0\0\0\0чBM@П2@',0,NULL),
(298,'sthlm_c_3','\0\0\0\0\0\0\0XBM@\0oM2@',0,NULL),
(299,'sthlm_c_3','\0\0\0\0\0\0\0bCM@ײ2@',0,NULL),
(300,'sthlm_c_3','\0\0\0\0\0\0\0LuCM@\0B2@',0,NULL),
(301,'sthlm_c_3','\0\0\0\0\0\0\0\ZDM@P2@',0,NULL),
(302,'sthlm_c_3','\0\0\0\0\0\0\00ÊDM@yM2@',0,NULL),
(303,'sthlm_c_3','\0\0\0\0\0\0\0<gA<M@qy2@',0,NULL),
(304,'sthlm_c_3','\0\0\0\0\0\0\0t<M@O{2@',0,NULL),
(305,'sthlm_c_3','\0\0\0\0\0\0\0,=M@8}2@',0,NULL),
(306,'sthlm_c_3','\0\0\0\0\0\0\0,S=M@52@',0,NULL),
(307,'sthlm_c_3','\0\0\0\0\0\0\0=M@h؀2@',0,NULL),
(308,'sthlm_c_3','\0\0\0\0\0\0\0T,>M@Zn߁2@',0,NULL),
(309,'sthlm_c_3','\0\0\0\0\0\0\04v>M@H]Z2@',0,NULL),
(310,'sthlm_c_3','\0\0\0\0\0\0\0n~>M@8_q2@',0,NULL),
(311,'sthlm_c_3','\0\0\0\0\0\0\0Q?M@aw2@',0,NULL),
(312,'sthlm_c_3','\0\0\0\0\0\0\0ə?M@0ɇ2@',0,NULL),
(313,'sthlm_c_3','\0\0\0\0\0\0\0?M@̽T2@',0,NULL),
(314,'sthlm_c_3','\0\0\0\0\0\0\0,Ic@M@P2@',0,NULL),
(315,'sthlm_c_3','\0\0\0\0\0\0\0I?@M@j(2@',0,NULL),
(316,'sthlm_c_3','\0\0\0\0\0\0\0nAM@`2@',0,NULL),
(317,'sthlm_c_3','\0\0\0\0\0\0\0vXAM@h\n/2@',0,NULL),
(318,'sthlm_c_3','\0\0\0\0\0\0\08AM@`F2@',0,NULL),
(319,'sthlm_c_3','\0\0\0\0\0\0\0<?JBM@L2@',0,NULL),
(320,'sthlm_c_3','\0\0\0\0\0\0\0̙ʿBM@war2@',0,NULL),
(321,'sthlm_c_3','\0\0\0\0\0\0\0XCM@0є2@',0,NULL),
(322,'sthlm_c_3','\0\0\0\0\0\0\0|lgCM@02@',0,NULL),
(323,'sthlm_c_3','\0\0\0\0\0\0\0JCM@y2@',0,NULL),
(324,'sthlm_c_3','\0\0\0\0\0\0\0|;M@52@',0,NULL),
(325,'sthlm_c_3','\0\0\0\0\0\0\0dn	<M@h؀2@',0,NULL),
(326,'sthlm_c_3','\0\0\0\0\0\0\08~<M@Ђ2@',0,NULL),
(327,'sthlm_c_3','\0\0\0\0\0\0\0T@V<M@E2@',0,NULL),
(328,'sthlm_c_3','\0\0\0\0\0\0\0&=M@8c2@',0,NULL),
(329,'sthlm_c_3','\0\0\0\0\0\0\0=M@HF2@',0,NULL),
(330,'sthlm_c_3','\0\0\0\0\0\0\0S3=M@Uc2@',0,NULL),
(331,'sthlm_c_3','\0\0\0\0\0\0\0U%U>M@8hO2@',0,NULL),
(332,'sthlm_c_3','\0\0\0\0\0\0\0!I>M@W2@',0,NULL),
(333,'sthlm_c_3','\0\0\0\0\0\0\07:?M@ll2@',0,NULL),
(334,'sthlm_c_3','\0\0\0\0\0\0\00?M@p!2@',0,NULL),
(335,'sthlm_c_3','\0\0\0\0\0\0\0\"@M@\nj2@',0,NULL),
(336,'sthlm_c_3','\0\0\0\0\0\0\0h]@M@@\rʐ2@',0,NULL),
(337,'sthlm_c_3','\0\0\0\0\0\0\0	@M@Ȩ\"?2@',0,NULL),
(338,'sthlm_c_3','\0\0\0\0\0\0\0h7AM@D*ʓ2@',0,NULL),
(339,'sthlm_c_3','\0\0\0\0\0\0\0AM@(zM)2@',0,NULL),
(340,'sthlm_c_3','\0\0\0\0\0\0\0@BM@XIGʖ2@',0,NULL),
(341,'sthlm_c_3','\0\0\0\0\0\0\00wBM@p\\?2@',0,NULL),
(342,'sthlm_c_3','\0\0\0\0\0\0\0-.BM@82@',0,NULL),
(343,'sthlm_c_3','\0\0\0\0\0\0\0lKCM@2@',0,NULL),
(344,'sthlm_c_3','\0\0\0\0\0\0\0dӪCM@02@',0,NULL),
(345,'sthlm_c_3','\0\0\0\0\0\0\0-\\;M@2@',0,NULL),
(346,'sthlm_c_3','\0\0\0\0\0\0\0*w;M@p_߄2@',0,NULL),
(347,'sthlm_c_3','\0\0\0\0\0\0\0U@;M@hj2@',0,NULL),
(348,'sthlm_c_3','\0\0\0\0\0\0\0h<M@e2@',0,NULL),
(349,'sthlm_c_3','\0\0\0\0\0\0\0T@V<M@(5\\2@',0,NULL),
(350,'sthlm_c_3','\0\0\0\0\0\0\00B=M@j(2@',0,NULL),
(351,'sthlm_c_3','\0\0\0\0\0\0\0 j=M@`2@',0,NULL),
(352,'sthlm_c_3','\0\0\0\0\0\0\0!^(>M@hT2@',0,NULL),
(353,'sthlm_c_3','\0\0\0\0\0\0\0\Z>M@2@',0,NULL),
(354,'sthlm_c_3','\0\0\0\0\0\0\0;@?M@pw2@',0,NULL),
(355,'sthlm_c_3','\0\0\0\0\0\0\0^?M@c2@',0,NULL),
(356,'sthlm_c_3','\0\0\0\0\0\0\0h@M@I\\2@',0,NULL),
(357,'sthlm_c_3','\0\0\0\0\0\0\0\\@M@Kx2@',0,NULL),
(358,'sthlm_c_3','\0\0\0\0\0\0\04AM@O82@',0,NULL),
(359,'sthlm_c_3','\0\0\0\0\0\0\0AM@`2@',0,NULL),
(360,'sthlm_c_3','\0\0\0\0\0\0\0P8BM@\"2@',0,NULL),
(361,'sthlm_c_3','\0\0\0\0\0\0\0\'CM@%F2@',0,NULL),
(362,'sthlm_c_3','\0\0\0\0\0\0\0bCM@@ZY82@',0,NULL),
(363,'sthlm_c_3','\0\0\0\0\0\0\0	`:M@d߇2@',0,NULL),
(364,'sthlm_c_3','\0\0\0\0\0\0\0:M@g2@',0,NULL),
(365,'sthlm_c_3','\0\0\0\0\0\0\0䌃a;M@dy2@',0,NULL),
(366,'sthlm_c_3','\0\0\0\0\0\0\0xC;M@PP02@',0,NULL),
(367,'sthlm_c_3','\0\0\0\0\0\0\0<gA<M@<2@',0,NULL),
(368,'sthlm_c_3','\0\0\0\0\0\0\0T<M@`F2@',0,NULL),
(369,'sthlm_c_3','\0\0\0\0\0\0\0IH==M@u0)2@',0,NULL),
(370,'sthlm_c_3','\0\0\0\0\0\0\0l7Ӳ=M@\0x2@',0,NULL),
(371,'sthlm_c_3','\0\0\0\0\0\0\0U%U>M@02@',0,NULL),
(372,'sthlm_c_3','\0\0\0\0\0\0\0|>M@y2@',0,NULL),
(373,'sthlm_c_3','\0\0\0\0\0\0\0)?M@2@',0,NULL),
(374,'sthlm_c_3','\0\0\0\0\0\0\0-?M@V2@',0,NULL),
(375,'sthlm_c_3','\0\0\0\0\0\0\0<@M@ٛ2@',0,NULL),
(376,'sthlm_c_3','\0\0\0\0\0\0\0/ؼ@M@.N2@',0,NULL),
(377,'sthlm_c_3','\0\0\0\0\0\0\0ϔ=AM@0CÞ2@',0,NULL),
(378,'sthlm_c_3','\0\0\0\0\0\0\0AM@Z2@',0,NULL),
(379,'sthlm_c_3','\0\0\0\0\0\0\0|qUBM@8)2@',0,NULL),
(380,'sthlm_c_3','\0\0\0\0\0\0\0@p\\BM@`#2@',0,NULL),
(381,'sthlm_c_3','\0\0\0\0\0\0\0{9M@m\'r2@',0,NULL),
(382,'sthlm_c_3','\0\0\0\0\0\0\0qZ:M@ ?2@',0,NULL),
(383,'sthlm_c_3','\0\0\0\0\0\0\0-\\;M@বc2@',0,NULL),
(384,'sthlm_c_3','\0\0\0\0\0\0\0LG;M@8E2@',0,NULL),
(385,'sthlm_c_3','\0\0\0\0\0\0\0v<M@i2@',0,NULL),
(386,'sthlm_c_3','\0\0\0\0\0\0\0x:]<M@(U2@',0,NULL),
(387,'sthlm_c_3','\0\0\0\0\0\0\0^<M@2@',0,NULL),
(388,'sthlm_c_3','\0\0\0\0\0\0\0=M@V2@',0,NULL),
(389,'sthlm_c_3','\0\0\0\0\0\0\0=M@2@',0,NULL),
(390,'sthlm_c_3','\0\0\0\0\0\0\0e>M@r2@',0,NULL),
(391,'sthlm_c_3','\0\0\0\0\0\0\0E>M@2@',0,NULL),
(392,'sthlm_c_3','\0\0\0\0\0\0\00?M@`t2@',0,NULL),
(393,'sthlm_c_3','\0\0\0\0\0\0\0,W?M@X?2@',0,NULL),
(394,'sthlm_c_3','\0\0\0\0\0\0\0穕@M@`Zd2@',0,NULL),
(395,'sthlm_c_3','\0\0\0\0\0\0\0\0AM@F2@',0,NULL),
(396,'sthlm_c_3','\0\0\0\0\0\0\00dAM@c82@',0,NULL),
(397,'sthlm_c_3','\0\0\0\0\0\0\0MAM@p2k2@',0,NULL),
(398,'sthlm_c_3','\0\0\0\0\0\0\0.kBM@gʨ2@',0,NULL),
(399,'sthlm_c_2','\0\0\0\0\0\0\03*M@j<2@',0,NULL),
(400,'sthlm_c_2','\0\0\0\0\0\0\0-M@0~>2@',0,NULL),
(401,'sthlm_c_2','\0\0\0\0\0\0\0C\'ڮM@0U@2@',0,NULL),
(402,'sthlm_c_2','\0\0\0\0\0\0\0 M@`OB2@',0,NULL),
(403,'sthlm_c_2','\0\0\0\0\0\0\0M@C2@',0,NULL),
(404,'sthlm_c_2','\0\0\0\0\0\0\0koM@)K`E2@',0,NULL),
(405,'sthlm_c_2','\0\0\0\0\0\0\0KM@\"%F2@',0,NULL),
(406,'sthlm_c_2','\0\0\0\0\0\0\0_M@N_H2@',0,NULL),
(407,'sthlm_c_2','\0\0\0\0\0\0\0ܷ=\0M@0I2@',0,NULL),
(408,'sthlm_c_2','\0\0\0\0\0\0\0Y᭫M@ J2@',0,NULL),
(409,'sthlm_c_2','\0\0\0\0\0\0\0,M@4L2@',0,NULL),
(410,'sthlm_c_2','\0\0\0\0\0\0\0t>M@HKEMN2@',0,NULL),
(411,'sthlm_c_2','\0\0\0\0\0\0\0m?WM@5P2@',0,NULL),
(412,'sthlm_c_2','\0\0\0\0\0\0\03M@(Q2@',0,NULL),
(413,'sthlm_c_2','\0\0\0\0\0\0\0EM@KYS2@',0,NULL),
(414,'sthlm_c_2','\0\0\0\0\0\0\0j,߬M@w.U2@',0,NULL),
(415,'sthlm_c_2','\0\0\0\0\0\0\08M@(\\W2@',0,NULL),
(416,'sthlm_c_2','\0\0\0\0\0\0\0RxM@4Y2@',0,NULL),
(417,'sthlm_c_2','\0\0\0\0\0\0\0GM@-[2@',0,NULL),
(418,'sthlm_c_2','\0\0\0\0\0\0\0&d$M@Ċ\\2@',0,NULL),
(419,'sthlm_c_2','\0\0\0\0\0\0\0c!櫫M@d^2@',0,NULL),
(420,'sthlm_c_2','\0\0\0\0\0\0\0\\,M@t[`2@',0,NULL),
(421,'sthlm_c_2','\0\0\0\0\0\0\0o_SM@b2@',0,NULL),
(422,'sthlm_c_2','\0\0\0\0\0\0\0&M@God2@',0,NULL),
(423,'sthlm_c_2','\0\0\0\0\0\0\04Sz㪫M@	@g2@',0,NULL),
(424,'sthlm_c_2','\0\0\0\0\0\0\0M@äi2@',0,NULL),
(425,'sthlm_c_2','\0\0\0\0\0\0\0d\'M@ԗVk2@',0,NULL),
(426,'sthlm_c_2','\0\0\0\0\0\0\0*UM@fTl2@',0,NULL),
(427,'sthlm_c_2','\0\0\0\0\0\0\0p(M@0ĸn2@',0,NULL),
(428,'sthlm_c_2','\0\0\0\0\0\0\09M@np2@',0,NULL),
(429,'sthlm_c_2','\0\0\0\0\0\0\0EϩM@`dr2@',0,NULL),
(430,'sthlm_c_2','\0\0\0\0\0\0\0`6M@s,;2@',0,NULL),
(431,'sthlm_c_2','\0\0\0\0\0\0\0yM@PԾ<2@',0,NULL),
(432,'sthlm_c_2','\0\0\0\0\0\0\0JԭM@ЯY>2@',0,NULL),
(433,'sthlm_c_2','\0\0\0\0\0\0\0lM@L@2@',0,NULL),
(434,'sthlm_c_2','\0\0\0\0\0\0\0а{M@`vB2@',0,NULL),
(435,'sthlm_c_2','\0\0\0\0\0\0\0>OM@P<D2@',0,NULL),
(436,'sthlm_c_2','\0\0\0\0\0\0\00M@1E2@',0,NULL),
(437,'sthlm_c_2','\0\0\0\0\0\0\0PM@ (\0G2@',0,NULL),
(438,'sthlm_c_2','\0\0\0\0\0\0\0+׬M@.$I2@',0,NULL),
(439,'sthlm_c_2','\0\0\0\0\0\0\0|\nM@LyJ2@',0,NULL),
(440,'sthlm_c_2','\0\0\0\0\0\0\04.M@\0L2@',0,NULL),
(441,'sthlm_c_2','\0\0\0\0\0\0\0iDM@@n_@N2@',0,NULL),
(442,'sthlm_c_2','\0\0\0\0\0\0\0D)M@VzO2@',0,NULL),
(443,'sthlm_c_2','\0\0\0\0\0\0\0﫫M@,bQ2@',0,NULL),
(444,'sthlm_c_2','\0\0\0\0\0\0\0PV̫M@<(S2@',0,NULL),
(445,'sthlm_c_2','\0\0\0\0\0\0\0<5M@sT2@',0,NULL),
(446,'sthlm_c_2','\0\0\0\0\0\0\0e6M@^FV2@',0,NULL),
(447,'sthlm_c_2','\0\0\0\0\0\0\0fEM@/X2@',0,NULL),
(448,'sthlm_c_2','\0\0\0\0\0\0\0ѕM@J+]Z2@',0,NULL),
(449,'sthlm_c_2','\0\0\0\0\0\0\0t8֪M@(E\\2@',0,NULL),
(450,'sthlm_c_2','\0\0\0\0\0\0\0*M@xP^2@',0,NULL),
(451,'sthlm_c_2','\0\0\0\0\0\0\0HθM@Hu_2@',0,NULL),
(452,'sthlm_c_2','\0\0\0\0\0\0\0:M@.b2@',0,NULL),
(453,'sthlm_c_2','\0\0\0\0\0\0\03M@!c2@',0,NULL),
(454,'sthlm_c_2','\0\0\0\0\0\0\0RꩫM@e2@',0,NULL),
(455,'sthlm_c_2','\0\0\0\0\0\0\0\nϧM@x h2@',0,NULL),
(456,'sthlm_c_2','\0\0\0\0\0\0\06qrM@耿i2@',0,NULL),
(457,'sthlm_c_2','\0\0\0\0\0\0\0t[EM@EAwk2@',0,NULL),
(458,'sthlm_c_2','\0\0\0\0\0\0\0M@0n2@',0,NULL),
(459,'sthlm_c_2','\0\0\0\0\0\0\0-ߨM@Hrp2@',0,NULL),
(460,'sthlm_c_2','\0\0\0\0\0\0\0SM@`x92@',0,NULL),
(461,'sthlm_c_2','\0\0\0\0\0\0\0D;ȬM@;2@',0,NULL),
(462,'sthlm_c_2','\0\0\0\0\0\0\0OM@н=2@',0,NULL),
(463,'sthlm_c_2','\0\0\0\0\0\0\0aM@,o`?2@',0,NULL),
(464,'sthlm_c_2','\0\0\0\0\0\0\0ӍM@:A2@',0,NULL),
(465,'sthlm_c_2','\0\0\0\0\0\0\0yܫM@ ߙC2@',0,NULL),
(466,'sthlm_c_2','\0\0\0\0\0\0\0)M@h&E2@',0,NULL),
(467,'sthlm_c_2','\0\0\0\0\0\0\0[>vM@ 7YG2@',0,NULL),
(468,'sthlm_c_2','\0\0\0\0\0\0\0	SEM@`I2@',0,NULL),
(469,'sthlm_c_2','\0\0\0\0\0\0\0@gM@tLK2@',0,NULL),
(470,'sthlm_c_2','\0\0\0\0\0\0\0d|㪫M@-L2@',0,NULL),
(471,'sthlm_c_2','\0\0\0\0\0\0\0dM@N2@',0,NULL),
(472,'sthlm_c_2','\0\0\0\0\0\0\0@3}M@4P2@',0,NULL),
(473,'sthlm_c_2','\0\0\0\0\0\0\0bCM@AQ2@',0,NULL),
(474,'sthlm_c_2','\0\0\0\0\0\0\0P!M@PÿS2@',0,NULL),
(475,'sthlm_c_2','\0\0\0\0\0\0\0HݩM@P?U2@',0,NULL),
(476,'sthlm_c_2','\0\0\0\0\0\0\0M@ 5iW2@',0,NULL),
(477,'sthlm_c_2','\0\0\0\0\0\0\0RM@]uY2@',0,NULL),
(478,'sthlm_c_2','\0\0\0\0\0\0\0\"&M@x;d[2@',0,NULL),
(479,'sthlm_c_2','\0\0\0\0\0\0\0P稫M@9A^2@',0,NULL),
(480,'sthlm_c_2','\0\0\0\0\0\0\0숷M@\0L`2@',0,NULL),
(481,'sthlm_c_2','\0\0\0\0\0\0\0YkM@p4b2@',0,NULL),
(482,'sthlm_c_2','\0\0\0\0\0\0\0@-M@hCd2@',0,NULL),
(483,'sthlm_c_2','\0\0\0\0\0\0\0 	M@0n(f2@',0,NULL),
(484,'sthlm_c_2','\0\0\0\0\0\0\0,0[§M@HEh2@',0,NULL),
(485,'sthlm_c_2','\0\0\0\0\0\0\0tCM@h-j2@',0,NULL),
(486,'sthlm_c_2','\0\0\0\0\0\0\0,v`M@Gml2@',0,NULL),
(487,'sthlm_c_2','\0\0\0\0\0\0\0&M@2n2@',0,NULL),
(488,'sthlm_c_2','\0\0\0\0\0\0\0LūM@182@',0,NULL),
(489,'sthlm_c_2','\0\0\0\0\0\0\0LًM@\0+d92@',0,NULL),
(490,'sthlm_c_2','\0\0\0\0\0\0\0=MM@Ԡ^;2@',0,NULL),
(491,'sthlm_c_2','\0\0\0\0\0\0\0\0\nM@cʌ=2@',0,NULL),
(492,'sthlm_c_2','\0\0\0\0\0\0\0tM窫M@\0?2@',0,NULL),
(493,'sthlm_c_2','\0\0\0\0\0\0\0\\%M@pS@2@',0,NULL),
(494,'sthlm_c_2','\0\0\0\0\0\0\0HUfM@PB2@',0,NULL),
(495,'sthlm_c_2','\0\0\0\0\0\0\0tN>M@,C2@',0,NULL),
(496,'sthlm_c_2','\0\0\0\0\0\0\0M@tE2@',0,NULL),
(497,'sthlm_c_2','\0\0\0\0\0\0\0VM@@NِG2@',0,NULL),
(498,'sthlm_c_2','\0\0\0\0\0\0\0pRM@[VI2@',0,NULL),
(499,'sthlm_c_2','\0\0\0\0\0\0\0o_M@@rRJ2@',0,NULL),
(500,'sthlm_c_2','\0\0\0\0\0\0\0,&=M@ (L2@',0,NULL),
(501,'sthlm_c_2','\0\0\0\0\0\0\0lQ쨫M@bsM2@',0,NULL),
(502,'sthlm_c_2','\0\0\0\0\0\0\0ؿM@X*O2@',0,NULL),
(503,'sthlm_c_2','\0\0\0\0\0\0\0!M@#OQ2@',0,NULL),
(504,'sthlm_c_2','\0\0\0\0\0\0\0L<^M@R2@',0,NULL),
(505,'sthlm_c_2','\0\0\0\0\0\0\0d(M@ЫeS2@',0,NULL),
(506,'sthlm_c_2','\0\0\0\0\0\0\0 	M@xeU2@',0,NULL),
(507,'sthlm_c_2','\0\0\0\0\0\0\0,0[§M@iW2@',0,NULL),
(508,'sthlm_c_2','\0\0\0\0\0\0\0oM@IX2@',0,NULL),
(509,'sthlm_c_2','\0\0\0\0\0\0\0dM@:Z2@',0,NULL),
(510,'sthlm_c_2','\0\0\0\0\0\0\0&M@`S[2@',0,NULL),
(511,'sthlm_c_2','\0\0\0\0\0\0\04ҦM@H^2@',0,NULL),
(512,'sthlm_c_2','\0\0\0\0\0\0\0M@_2@',0,NULL),
(513,'sthlm_c_2','\0\0\0\0\0\0\0^pM@b2@',0,NULL),
(514,'sthlm_c_2','\0\0\0\0\0\0\0<QM@pc2@',0,NULL),
(515,'sthlm_c_2','\0\0\0\0\0\0\0KQ M@\ne2@',0,NULL),
(516,'sthlm_c_2','\0\0\0\0\0\0\0楫M@2g2@',0,NULL),
(517,'sthlm_c_2','\0\0\0\0\0\0\0#M@Tj2@',0,NULL),
(518,'jkpg_c_1','\0\0\0\0\0\0\0D^LL@7MU,@',0,NULL),
(519,'jkpg_c_1','\0\0\0\0\0\0\0gQLL@ǘbU,@',0,NULL),
(520,'jkpg_c_1','\0\0\0\0\0\0\0(ALL@@4wU,@',0,NULL),
(521,'jkpg_c_1','\0\0\0\0\0\0\09LL@`geU,@',0,NULL),
(522,'jkpg_c_1','\0\0\0\0\0\0\0XP\'LL@ {U,@',0,NULL),
(523,'jkpg_c_1','\0\0\0\0\0\0\0\0LL@`|U,@',0,NULL),
(524,'jkpg_c_1','\0\0\0\0\0\0\0LL@@?VU,@',0,NULL),
(525,'jkpg_c_1','\0\0\0\0\0\0\0)\0LL@tvDU,@',0,NULL),
(526,'jkpg_c_1','\0\0\0\0\0\0\0c|KL@ s\n!U,@',0,NULL),
(527,'jkpg_c_1','\0\0\0\0\0\0\0ະKL@@\"U,@',0,NULL),
(528,'jkpg_c_1','\0\0\0\0\0\0\0(KL@b$U,@',0,NULL),
(529,'jkpg_c_1','\0\0\0\0\0\0\0K]KL@uq&U,@',0,NULL),
(530,'jkpg_c_1','\0\0\0\0\0\0\0аKL@ Q$)U,@',0,NULL),
(531,'jkpg_c_1','\0\0\0\0\0\0\0ūKL@P\"T&+U,@',0,NULL),
(532,'jkpg_c_1','\0\0\0\0\0\0\0<AKL@@,U,@',0,NULL),
(533,'jkpg_c_1','\0\0\0\0\0\0\0ЎKL@Sq.U,@',0,NULL),
(534,'jkpg_c_1','\0\0\0\0\0\0\0ߦKL@B1U,@',0,NULL),
(535,'jkpg_c_1','\0\0\0\0\0\0\0b|KL@3U,@',0,NULL),
(536,'jkpg_c_1','\0\0\0\0\0\0\0aiKL@b4U,@',0,NULL),
(537,'jkpg_c_1','\0\0\0\0\0\0\0)ZKL@17U,@',0,NULL),
(538,'jkpg_c_1','\0\0\0\0\0\0\0HCRKL@@g@8U,@',0,NULL),
(539,'jkpg_c_1','\0\0\0\0\0\0\0xV4=KL@p8:U,@',0,NULL),
(540,'jkpg_c_1','\0\0\0\0\0\0\0h-KL@6<U,@',0,NULL),
(541,'jkpg_c_1','\0\0\0\0\0\0\0> KL@1\"?U,@',0,NULL),
(542,'jkpg_c_1','\0\0\0\0\0\0\0JsKL@rAU,@',0,NULL),
(543,'jkpg_c_1','\0\0\0\0\0\0\0lKL@БtU,@',0,NULL),
(544,'jkpg_c_1','\0\0\0\0\0\0\0	KL@XU,@',0,NULL),
(545,'jkpg_c_1','\0\0\0\0\0\0\0KL@eU,@',0,NULL),
(546,'jkpg_c_1','\0\0\0\0\0\0\0lKL@%tU,@',0,NULL),
(547,'jkpg_c_1','\0\0\0\0\0\0\0KL@pU,@',0,NULL),
(548,'jkpg_c_1','\0\0\0\0\0\0\0wKL@\ZU,@',0,NULL),
(549,'jkpg_c_1','\0\0\0\0\0\0\0PSlKL@@`}U,@',0,NULL),
(550,'jkpg_c_1','\0\0\0\0\0\0\0\\KL@`/kU,@',0,NULL),
(551,'jkpg_c_1','\0\0\0\0\0\0\0OKL@l U,@',0,NULL),
(552,'jkpg_c_1','\0\0\0\0\0\0\0H?KL@ ɎZ\"U,@',0,NULL),
(553,'jkpg_c_1','\0\0\0\0\0\0\0*KL@p $U,@',0,NULL),
(554,'jkpg_c_1','\0\0\0\0\0\0\0P\ZKL@uq&U,@',0,NULL),
(555,'jkpg_c_1','\0\0\0\0\0\0\0X\rKL@F(U,@',0,NULL),
(556,'jkpg_c_1','\0\0\0\0\0\0\0cJL@Q*U,@',0,NULL),
(557,'jkpg_c_1','\0\0\0\0\0\0\0JL@PK`,U,@',0,NULL),
(558,'jkpg_c_1','\0\0\0\0\0\0\0iJL@@s)/U,@',0,NULL),
(559,'jkpg_c_1','\0\0\0\0\0\0\0,JL@\0%0U,@',0,NULL),
(560,'jkpg_c_1','\0\0\0\0\0\0\0NJL@d,3U,@',0,NULL),
(561,'jkpg_c_1','\0\0\0\0\0\0\0 JL@ei5U,@',0,NULL),
(562,'jkpg_c_1','\0\0\0\0\0\0\0YJL@x7U,@',0,NULL),
(563,'jkpg_c_1','\0\0\0\0\0\0\0ҌJL@ Q9U,@',0,NULL),
(564,'jkpg_c_1','\0\0\0\0\0\0\0^JL@;U,@',0,NULL),
(565,'jkpg_c_1','\0\0\0\0\0\0\0tgJL@,>U,@',0,NULL),
(566,'jkpg_c_1','\0\0\0\0\0\0\0%ZJL@=}@U,@',0,NULL),
(567,'jkpg_c_1','\0\0\0\0\0\0\0>JL@\0EU,@',0,NULL),
(568,'jkpg_c_1','\0\0\0\0\0\0\0w*JL@0U,@',0,NULL),
(569,'jkpg_c_1','\0\0\0\0\0\0\0,JL@\0#U,@',0,NULL),
(570,'jkpg_c_1','\0\0\0\0\0\0\0xJL@0qU,@',0,NULL),
(571,'jkpg_c_1','\0\0\0\0\0\0\0\\JL@pU,@',0,NULL),
(572,'jkpg_c_1','\0\0\0\0\0\0\0?JL@Y\ZU,@',0,NULL),
(573,'jkpg_c_1','\0\0\0\0\0\0\0YJL@WUU,@',0,NULL),
(574,'jkpg_c_1','\0\0\0\0\0\0\0$0JL@`/kU,@',0,NULL),
(575,'jkpg_c_1','\0\0\0\0\0\0\0`l}JL@l U,@',0,NULL),
(576,'jkpg_c_1','\0\0\0\0\0\0\0:mJL@Z\"U,@',0,NULL),
(577,'jkpg_c_1','\0\0\0\0\0\0\0%ZJL@X#U,@',0,NULL),
(578,'jkpg_c_1','\0\0\0\0\0\0\0mMJL@l\"&U,@',0,NULL),
(579,'jkpg_c_1','\0\0\0\0\0\0\0,5JL@@r(U,@',0,NULL),
(580,'jkpg_c_1','\0\0\0\0\0\0\0P#JL@`*U,@',0,NULL),
(581,'jkpg_c_1','\0\0\0\0\0\0\0JL@AN,U,@',0,NULL),
(582,'jkpg_c_1','\0\0\0\0\0\0\00	JL@c.U,@',0,NULL),
(583,'jkpg_c_1','\0\0\0\0\0\0\084eIL@p{0U,@',0,NULL),
(584,'jkpg_c_1','\0\0\0\0\0\0\0lIL@PP\rg2U,@',0,NULL),
(585,'jkpg_c_1','\0\0\0\0\0\0\0IL@@ 4U,@',0,NULL),
(586,'jkpg_c_1','\0\0\0\0\0\0\0`%IL@04q6U,@',0,NULL),
(587,'jkpg_c_1','\0\0\0\0\0\0\0IL@sE9U,@',0,NULL),
(588,'jkpg_c_1','\0\0\0\0\0\0\0&IL@`SZ;U,@',0,NULL),
(589,'jkpg_c_1','\0\0\0\0\0\0\0N[IL@Wg=U,@',0,NULL),
(590,'jkpg_c_1','\0\0\0\0\0\0\0.JL@ptU,@',0,NULL),
(591,'jkpg_c_1','\0\0\0\0\0\0\0JL@\n&U,@',0,NULL),
(592,'jkpg_c_1','\0\0\0\0\0\0\0\\JL@Ю`cU,@',0,NULL),
(593,'jkpg_c_1','\0\0\0\0\0\0\0^IL@Ho=U,@',0,NULL),
(594,'jkpg_c_1','\0\0\0\0\0\0\0IL@RU,@',0,NULL),
(595,'jkpg_c_1','\0\0\0\0\0\0\0`%IL@ {\ZU,@',0,NULL),
(596,'jkpg_c_1','\0\0\0\0\0\0\0PzؼIL@0BU,@',0,NULL),
(597,'jkpg_c_1','\0\0\0\0\0\0\0ȧIL@\0CU,@',0,NULL),
(598,'jkpg_c_1','\0\0\0\0\0\0\0p@IL@l U,@',0,NULL),
(599,'jkpg_c_1','\0\0\0\0\0\0\00ӊIL@ ɎZ\"U,@',0,NULL),
(600,'jkpg_c_1','\0\0\0\0\0\0\0hpIL@џ$U,@',0,NULL),
(601,'jkpg_c_1','\0\0\0\0\0\0\0(i`IL@uq&U,@',0,NULL),
(602,'jkpg_c_1','\0\0\0\0\0\0\0dp[IL@(U,@',0,NULL),
(603,'jkpg_c_1','\0\0\0\0\0\0\0٤KIL@BO*U,@',0,NULL),
(604,'jkpg_c_1','\0\0\0\0\0\0\0<79IL@n[,U,@',0,NULL),
(605,'jkpg_c_1','\0\0\0\0\0\0\08k)IL@Pl-U,@',0,NULL),
(606,'jkpg_c_1','\0\0\0\0\0\0\0IL@/U,@',0,NULL),
(607,'jkpg_c_1','\0\0\0\0\0\0\0:	IL@?2U,@',0,NULL),
(608,'jkpg_c_1','\0\0\0\0\0\0\0HHL@X3U,@',0,NULL),
(609,'jkpg_c_1','\0\0\0\0\0\0\0HL@PJ5U,@',0,NULL),
(610,'jkpg_c_1','\0\0\0\0\0\0\0DHL@97U,@',0,NULL),
(611,'jkpg_c_1','\0\0\0\0\0\0\0aHL@PG9U,@',0,NULL),
(612,'jkpg_c_1','\0\0\0\0\0\0\0TRHL@0[<U,@',0,NULL),
(613,'jkpg_c_2','\0\0\0\0\0\0\0OL@d:Z,@',0,NULL),
(614,'jkpg_c_2','\0\0\0\0\0\0\0VsL@ ~?Z,@',0,NULL),
(615,'jkpg_c_2','\0\0\0\0\0\0\06|L@ kiDZ,@',0,NULL),
(616,'jkpg_c_2','\0\0\0\0\0\0\04WL@pQ%IZ,@',0,NULL),
(617,'jkpg_c_2','\0\0\0\0\0\0\0,L@78MZ,@',0,NULL),
(618,'jkpg_c_2','\0\0\0\0\0\0\0DoL@&4RZ,@',0,NULL),
(619,'jkpg_c_2','\0\0\0\0\0\0\0/nL@@WZ,@',0,NULL),
(620,'jkpg_c_2','\0\0\0\0\0\0\0#L@t\\Z,@',0,NULL),
(621,'jkpg_c_2','\0\0\0\0\0\0\0GL@av`Z,@',0,NULL),
(622,'jkpg_c_2','\0\0\0\0\0\0\0kL@]aeZ,@',0,NULL),
(623,'jkpg_c_2','\0\0\0\0\0\0\0CXL@YLjZ,@',0,NULL),
(624,'jkpg_c_2','\0\0\0\0\0\0\0i3L@z pZ,@',0,NULL),
(625,'jkpg_c_2','\0\0\0\0\0\0\0h?L@\0ee9Z,@',0,NULL),
(626,'jkpg_c_2','\0\0\0\0\0\0\0L׌\ZL@ e>Z,@',0,NULL),
(627,'jkpg_c_2','\0\0\0\0\0\0\0XL@TBZ,@',0,NULL),
(628,'jkpg_c_2','\0\0\0\0\0\0\0L@ EZ,@',0,NULL),
(629,'jkpg_c_2','\0\0\0\0\0\0\02SL@saIZ,@',0,NULL),
(630,'jkpg_c_2','\0\0\0\0\0\0\0wL@Hz?NZ,@',0,NULL),
(631,'jkpg_c_2','\0\0\0\0\0\0\0,L@`oRZ,@',0,NULL),
(632,'jkpg_c_2','\0\0\0\0\0\0\0`L@VZ,@',0,NULL),
(633,'jkpg_c_2','\0\0\0\0\0\0\0pI:L@`#.[Z,@',0,NULL),
(634,'jkpg_c_2','\0\0\0\0\0\0\0|!L@tY_Z,@',0,NULL),
(635,'jkpg_c_2','\0\0\0\0\0\0\0qL@}8xdZ,@',0,NULL),
(636,'jkpg_c_2','\0\0\0\0\0\0\0|L@@l4ciZ,@',0,NULL),
(637,'jkpg_c_2','\0\0\0\0\0\0\0gL@irnZ,@',0,NULL),
(638,'jkpg_c_2','\0\0\0\0\0\0\0EݫL@7Z,@',0,NULL),
(639,'jkpg_c_2','\0\0\0\0\0\0\0L@37<Z,@',0,NULL),
(640,'jkpg_c_2','\0\0\0\0\0\0\08HaL@@g@Z,@',0,NULL),
(641,'jkpg_c_2','\0\0\0\0\0\0\0Ă5BL@b:DZ,@',0,NULL),
(642,'jkpg_c_2','\0\0\0\0\0\0\0`=L@\0@HZ,@',0,NULL),
(643,'jkpg_c_2','\0\0\0\0\0\0\0L@Hz?NZ,@',0,NULL),
(644,'jkpg_c_2','\0\0\0\0\0\0\0L@QYSZ,@',0,NULL),
(645,'jkpg_c_2','\0\0\0\0\0\0\0DwCL@0WZ,@',0,NULL),
(646,'jkpg_c_2','\0\0\0\0\0\0\0,L@ \n\\Z,@',0,NULL),
(647,'jkpg_c_2','\0\0\0\0\0\0\0h	VL@00aZ,@',0,NULL),
(648,'jkpg_c_2','\0\0\0\0\0\0\0IL@ fZ,@',0,NULL),
(649,'jkpg_c_2','\0\0\0\0\0\0\0TgQ$L@YLjZ,@',0,NULL),
(650,'jkpg_c_2','\0\0\0\0\0\0\04s*L@T6Z,@',0,NULL),
(651,'jkpg_c_2','\0\0\0\0\0\0\0hCL@N;Z,@',0,NULL),
(652,'jkpg_c_2','\0\0\0\0\0\0\0aL@ Qa>Z,@',0,NULL),
(653,'jkpg_c_2','\0\0\0\0\0\0\00wL@ЇeDZ,@',0,NULL),
(654,'jkpg_c_2','\0\0\0\0\0\0\0:L@bIZ,@',0,NULL),
(655,'jkpg_c_2','\0\0\0\0\0\0\0|8WL@@ZNZ,@',0,NULL),
(656,'jkpg_c_2','\0\0\0\0\0\0\0xFL@ISZ,@',0,NULL),
(657,'jkpg_c_2','\0\0\0\0\0\0\0\rL@7rXZ,@',0,NULL),
(658,'jkpg_c_2','\0\0\0\0\0\0\0̾F\rL@Zvu^Z,@',0,NULL),
(659,'jkpg_c_2','\0\0\0\0\0\0\0x\rL@Fr`cZ,@',0,NULL),
(660,'jkpg_c_2','\0\0\0\0\0\0\0NW\rL@\0GhZ,@',0,NULL),
(661,'jkpg_c_2','\0\0\0\0\0\0\0\rL@`04Z,@',0,NULL),
(662,'jkpg_c_2','\0\0\0\0\0\0\0=\rL@pJ,:Z,@',0,NULL),
(663,'jkpg_c_2','\0\0\0\0\0\0\0>o\rL@ ??Z,@',0,NULL),
(664,'jkpg_c_2','\0\0\0\0\0\0\0qD\rL@p%$DZ,@',0,NULL),
(665,'jkpg_c_2','\0\0\0\0\0\0\0u\rL@p?ElJZ,@',0,NULL),
(666,'jkpg_c_2','\0\0\0\0\0\0\0D6oL@`H$OZ,@',0,NULL),
(667,'jkpg_c_2','\0\0\0\0\0\0\0L@P=BTZ,@',0,NULL),
(668,'jkpg_c_2','\0\0\0\0\0\0\0XL@ XZ,@',0,NULL),
(669,'jkpg_c_2','\0\0\0\0\0\0\0P}L@P4^Z,@',0,NULL),
(670,'jkpg_c_2','\0\0\0\0\0\0\0hdL@\ZbZ,@',0,NULL),
(671,'jkpg_c_2','\0\0\0\0\0\0\0RL@3gZ,@',0,NULL),
(672,'jkpg_c_2','\0\0\0\0\0\0\0\\4L@D3Z,@',0,NULL),
(673,'jkpg_c_2','\0\0\0\0\0\0\0@L@c8Z,@',0,NULL),
(674,'jkpg_c_2','\0\0\0\0\0\0\0ԱL@0<Z,@',0,NULL),
(675,'jkpg_c_2','\0\0\0\0\0\0\0cdL@0PAZ,@',0,NULL),
(676,'jkpg_c_2','\0\0\0\0\0\0\0T!QrL@~njFZ,@',0,NULL),
(677,'jkpg_c_2','\0\0\0\0\0\0\0a:L@~KZ,@',0,NULL),
(678,'jkpg_c_2','\0\0\0\0\0\0\00ML@psIPZ,@',0,NULL),
(679,'jkpg_c_2','\0\0\0\0\0\0\0h\n\nL@bEUZ,@',0,NULL),
(680,'jkpg_c_2','\0\0\0\0\0\0\0\0\nL@ &YZ,@',0,NULL),
(681,'jkpg_c_2','\0\0\0\0\0\0\0`\nL@P4^Z,@',0,NULL),
(682,'jkpg_c_2','\0\0\0\0\0\0\0\0&%\nL@\0\ZdZ,@',0,NULL),
(683,'jkpg_c_2','\0\0\0\0\0\0\0>}\nL@}vI1Z,@',0,NULL),
(684,'jkpg_c_2','\0\0\0\0\0\0\0i	L@(b4Z,@',0,NULL),
(685,'jkpg_c_2','\0\0\0\0\0\0\0 V	L@ߟ8Z,@',0,NULL),
(686,'jkpg_c_2','\0\0\0\0\0\0\0c	L@0=Z,@',0,NULL),
(687,'jkpg_c_2','\0\0\0\0\0\0\0S	L@]CZ,@',0,NULL),
(688,'jkpg_c_2','\0\0\0\0\0\0\0[	L@HZ,@',0,NULL),
(689,'jkpg_c_2','\0\0\0\0\0\0\0T	L@0nNZ,@',0,NULL),
(690,'jkpg_c_2','\0\0\0\0\0\0\0mNL@@QZUZ,@',0,NULL),
(691,'jkpg_c_2','\0\0\0\0\0\0\0L@bZZ,@',0,NULL),
(692,'jkpg_c_2','\0\0\0\0\0\0\0|L@bG`Z,@',0,NULL),
(693,'jkpg_c_2','\0\0\0\0\0\0\0noiL@}8,Z,@',0,NULL),
(694,'jkpg_c_2','\0\0\0\0\0\0\06PL@l40Z,@',0,NULL),
(695,'jkpg_c_2','\0\0\0\0\0\0\01L@`4Z,@',0,NULL),
(696,'jkpg_c_2','\0\0\0\0\0\0\0_YL@pJ,:Z,@',0,NULL),
(697,'jkpg_c_2','\0\0\0\0\0\0\0,iL@@%O?Z,@',0,NULL),
(698,'jkpg_c_2','\0\0\0\0\0\0\0,iL@iDZ,@',0,NULL),
(699,'jkpg_c_2','\0\0\0\0\0\0\0WL@<HZ,@',0,NULL),
(700,'jkpg_c_2','\0\0\0\0\0\0\0XSL@\0NZ,@',0,NULL),
(701,'jkpg_c_2','\0\0\0\0\0\0\0tL@\0SZ,@',0,NULL),
(702,'jkpg_c_2','\0\0\0\0\0\0\0uaL@prXZ,@',0,NULL),
(703,'jkpg_c_2','\0\0\0\0\0\0\00L@\0]Z,@',0,NULL);
/*!40000 ALTER TABLE `charging_station` ENABLE KEYS */;
UNLOCK TABLES;

--
-- Table structure for table `charging_zone`
--

DROP TABLE IF EXISTS `charging_zone`;
/*!40101 SET @saved_cs_client     = @@character_set_client */;
/*!40101 SET character_set_client = utf8 */;
CREATE TABLE `charging_zone` (
  `id` varchar(20) NOT NULL,
  `parking_zone_id` varchar(20) DEFAULT NULL,
  `area` polygon DEFAULT NULL,
  PRIMARY KEY (`id`),
  KEY `charging_zone_parking_zone_idx` (`parking_zone_id`),
  CONSTRAINT `charging_zone_parking_zone` FOREIGN KEY (`parking_zone_id`) REFERENCES `parking_zone` (`id`) ON DELETE SET NULL ON UPDATE CASCADE
) ENGINE=InnoDB DEFAULT CHARSET=utf8mb3;
/*!40101 SET character_set_client = @saved_cs_client */;

--
-- Dumping data for table `charging_zone`
--

LOCK TABLES `charging_zone` WRITE;
/*!40000 ALTER TABLE `charging_zone` DISABLE KEYS */;
INSERT INTO `charging_zone` VALUES
('jkpg_c_1','jkpg_1','\0\0\0\0\0\0\0\0\0\0\0\0\0nLL@p;U,@țIL@\rU,@<HL@І0=U,@XKL@}DU,@nLL@p;U,@'),
('jkpg_c_2','jkpg_2','\0\0\0\0\0\0\0\0\0\0\0\0\0C}L@`|{7Z,@lL@ .3%Z,@lL@`Z,@|L@0QvZ,@C}L@`|{7Z,@'),
('kna_c_1','kna_1','\0\0\0\0\0\0\0\0\0\0\0\0\0$̡sL@ a,/@m5`L@PV},/@x\0tL@P[l~,/@x\0tL@<c,/@$̡sL@ a,/@'),
('kna_c_2','kna_2','\0\0\0\0\0\0\0\0\0\0\0\0\02L@+(/@ L@8(/@H\'L@\0@ʞ(/@L@`t(/@2L@+(/@'),
('kna_c_3','kna_3','\0\0\0\0\0\0\0\0\0\0\0\0\0mmL@PH./@7L@0UpY./@xL@5./@ML@P9./@mmL@PH./@'),
('sthlm_c_1','sthlm_1','\0\0\0\0\0\0\0\0\0\0\0\0\0RM@D/LM2@<1OM@P2@RM@uUw2@TTM@<(q2@RM@D/LM2@'),
('sthlm_c_2','sthlm_2','\0\0\0\0\0\0\0\0\0\0\0\0\0\\͉֯M@p6:<2@<ݡM@0q432@OʫM@Fj2@gM@UNt2@\\͉֯M@p6:<2@'),
('sthlm_c_3','sthlm_3','\0\0\0\0\0\0\0\0\0\0\0\0\0\\r=M@vbm2@(8M@Q@2@0$BM@\\y\'2@EM@Q@2@\\r=M@vbm2@');
/*!40000 ALTER TABLE `charging_zone` ENABLE KEYS */;
UNLOCK TABLES;

--
-- Table structure for table `city`
--

DROP TABLE IF EXISTS `city`;
/*!40101 SET @saved_cs_client     = @@character_set_client */;
/*!40101 SET character_set_client = utf8 */;
CREATE TABLE `city` (
  `id` varchar(20) NOT NULL,
  `name` varchar(45) DEFAULT NULL,
  PRIMARY KEY (`id`),
  UNIQUE KEY `name_UNIQUE` (`name`)
) ENGINE=InnoDB DEFAULT CHARSET=utf8mb3;
/*!40101 SET character_set_client = @saved_cs_client */;

--
-- Dumping data for table `city`
--

LOCK TABLES `city` WRITE;
/*!40000 ALTER TABLE `city` DISABLE KEYS */;
INSERT INTO `city` VALUES
('jkpg','Jönköping'),
('kna','Karlskrona'),
('sthlm','Stockholm');
/*!40000 ALTER TABLE `city` ENABLE KEYS */;
UNLOCK TABLES;

--
-- Table structure for table `invoice`
--

DROP TABLE IF EXISTS `invoice`;
/*!40101 SET @saved_cs_client     = @@character_set_client */;
/*!40101 SET character_set_client = utf8 */;
CREATE TABLE `invoice` (
  `id` int(11) NOT NULL AUTO_INCREMENT,
  `trip_id` int(11) NOT NULL,
  `payed` timestamp NULL DEFAULT NULL,
  `amount` float NOT NULL,
  `billed` timestamp NOT NULL DEFAULT current_timestamp(),
  `fee` int(11) DEFAULT 0,
  PRIMARY KEY (`id`),
  KEY `invoice_trip_idx` (`trip_id`),
  CONSTRAINT `invoice_trip` FOREIGN KEY (`trip_id`) REFERENCES `trip` (`id`) ON DELETE CASCADE ON UPDATE CASCADE
) ENGINE=InnoDB AUTO_INCREMENT=51 DEFAULT CHARSET=utf8mb3;
/*!40101 SET character_set_client = @saved_cs_client */;

--
-- Dumping data for table `invoice`
--

LOCK TABLES `invoice` WRITE;
/*!40000 ALTER TABLE `invoice` DISABLE KEYS */;
INSERT INTO `invoice` VALUES
(1,1,'2023-01-22 12:18:38',78,'2023-01-22 12:18:38',15),
(2,2,'2023-01-22 12:18:38',183,'2023-01-22 12:18:38',15),
(3,3,NULL,24,'2023-01-22 12:18:38',15),
(4,4,'2023-01-22 12:18:38',150,'2023-01-22 12:18:38',15),
(5,5,'2023-01-22 12:18:38',153,'2023-01-22 12:18:38',15),
(6,6,'2023-01-22 12:18:38',171,'2023-01-22 12:18:38',15),
(7,7,'2023-01-22 12:18:38',99,'2023-01-22 12:18:38',15),
(8,8,'2023-01-22 12:18:38',93,'2023-01-22 12:18:38',15),
(9,9,'2023-01-22 12:18:38',108,'2023-01-22 12:18:38',15),
(10,10,'2023-01-22 12:18:38',99,'2023-01-22 12:18:38',15),
(11,11,'2023-01-22 12:18:38',183,'2023-01-22 12:18:38',15),
(12,12,'2023-01-22 12:18:38',84,'2023-01-22 12:18:38',15),
(13,13,'2023-01-22 12:18:38',105,'2023-01-22 12:18:38',15),
(14,14,NULL,117,'2023-01-22 12:18:38',15),
(15,15,NULL,42,'2023-01-22 12:18:38',15),
(16,16,'2023-01-22 12:18:38',174,'2023-01-22 12:18:38',15),
(17,17,'2023-01-22 12:18:38',15,'2023-01-22 12:18:38',15),
(18,18,'2023-01-22 12:18:38',78,'2023-01-22 12:18:38',15),
(19,19,'2023-01-22 12:18:38',132,'2023-01-22 12:18:38',15),
(20,20,'2023-01-22 12:18:38',168,'2023-01-22 12:18:38',15),
(21,21,NULL,117,'2023-01-22 12:18:38',15),
(22,22,'2023-01-22 12:18:38',87,'2023-01-22 12:18:38',15),
(23,23,'2023-01-22 12:18:38',57,'2023-01-22 12:18:38',15),
(24,24,'2023-01-22 12:18:38',135,'2023-01-22 12:18:38',15),
(25,25,'2023-01-22 12:18:38',96,'2023-01-22 12:18:38',15),
(26,26,'2023-01-22 12:18:38',27,'2023-01-22 12:18:38',15),
(27,27,'2023-01-22 12:18:38',144,'2023-01-22 12:18:38',15),
(28,28,'2023-01-22 12:18:38',84,'2023-01-22 12:18:38',15),
(29,29,'2023-01-22 12:18:38',69,'2023-01-22 12:18:38',15),
(30,30,'2023-01-22 12:18:38',33,'2023-01-22 12:18:38',15),
(31,31,NULL,63,'2023-01-22 12:18:38',15),
(32,32,'2023-01-22 12:18:38',18,'2023-01-22 12:18:38',15),
(33,33,'2023-01-22 12:18:38',135,'2023-01-22 12:18:38',15),
(34,34,'2023-01-22 12:18:38',66,'2023-01-22 12:18:38',15),
(35,35,'2023-01-22 12:18:38',174,'2023-01-22 12:18:38',15),
(36,36,'2023-01-22 12:18:38',135,'2023-01-22 12:18:38',15),
(37,37,'2023-01-22 12:18:38',102,'2023-01-22 12:18:38',15),
(38,38,'2023-01-22 12:18:38',162,'2023-01-22 12:18:38',15),
(39,39,NULL,36,'2023-01-22 12:18:38',15),
(40,40,'2023-01-22 12:18:38',126,'2023-01-22 12:18:38',15),
(41,41,NULL,135,'2023-01-22 12:18:38',15),
(42,42,'2023-01-22 12:18:38',57,'2023-01-22 12:18:38',15),
(43,43,'2023-01-22 12:18:38',147,'2023-01-22 12:18:38',15),
(44,44,'2023-01-22 12:18:38',174,'2023-01-22 12:18:38',15),
(45,45,'2023-01-22 12:18:38',156,'2023-01-22 12:18:38',15),
(46,46,'2023-01-22 12:18:38',39,'2023-01-22 12:18:38',15),
(47,47,'2023-01-22 12:18:38',189,'2023-01-22 12:18:38',15),
(48,48,'2023-01-22 12:18:38',72,'2023-01-22 12:18:38',15),
(49,49,'2023-01-22 12:18:38',108,'2023-01-22 12:18:38',15),
(50,50,'2023-01-22 12:18:38',186,'2023-01-22 12:18:38',15);
/*!40000 ALTER TABLE `invoice` ENABLE KEYS */;
UNLOCK TABLES;

--
-- Table structure for table `maintenance_log`
--

DROP TABLE IF EXISTS `maintenance_log`;
/*!40101 SET @saved_cs_client     = @@character_set_client */;
/*!40101 SET character_set_client = utf8 */;
CREATE TABLE `maintenance_log` (
  `id` int(11) NOT NULL AUTO_INCREMENT,
  `scooter_id` int(11) NOT NULL,
  `timestamp` timestamp NULL DEFAULT current_timestamp(),
  `event` varchar(100) DEFAULT NULL,
  `invoked_by` varchar(20) NOT NULL,
  PRIMARY KEY (`id`),
  KEY `maintenance_log_bike_idx` (`scooter_id`),
  CONSTRAINT `maintenance_log_scooter` FOREIGN KEY (`scooter_id`) REFERENCES `scooter` (`id`) ON DELETE CASCADE ON UPDATE CASCADE
) ENGINE=InnoDB DEFAULT CHARSET=utf8mb3;
/*!40101 SET character_set_client = @saved_cs_client */;

--
-- Dumping data for table `maintenance_log`
--

LOCK TABLES `maintenance_log` WRITE;
/*!40000 ALTER TABLE `maintenance_log` DISABLE KEYS */;
/*!40000 ALTER TABLE `maintenance_log` ENABLE KEYS */;
UNLOCK TABLES;
/*!50003 SET @saved_cs_client      = @@character_set_client */ ;
/*!50003 SET @saved_cs_results     = @@character_set_results */ ;
/*!50003 SET @saved_col_connection = @@collation_connection */ ;
/*!50003 SET character_set_client  = utf8mb3 */ ;
/*!50003 SET character_set_results = utf8mb3 */ ;
/*!50003 SET collation_connection  = utf8mb3_general_ci */ ;
/*!50003 SET @saved_sql_mode       = @@sql_mode */ ;
/*!50003 SET sql_mode              = 'ONLY_FULL_GROUP_BY,STRICT_TRANS_TABLES,NO_ZERO_IN_DATE,NO_ZERO_DATE,ERROR_FOR_DIVISION_BY_ZERO,NO_ENGINE_SUBSTITUTION' */ ;
DELIMITER ;;
/*!50003 CREATE*/ /*!50017 DEFINER=`snaladm`@`mariadb`*/ /*!50003 TRIGGER `vteams`.`maintenance_log_AFTER_INSERT` AFTER INSERT ON `maintenance_log` FOR EACH ROW
BEGIN
	IF NEW.invoked_by = 'service' THEN
		UPDATE scooter
        SET scooter.last_serviced = CURRENT_TIMESTAMP()
        WHERE scooter.id = NEW.scooter_id;
	END IF;
END */;;
DELIMITER ;
/*!50003 SET sql_mode              = @saved_sql_mode */ ;
/*!50003 SET character_set_client  = @saved_cs_client */ ;
/*!50003 SET character_set_results = @saved_cs_results */ ;
/*!50003 SET collation_connection  = @saved_col_connection */ ;

--
-- Table structure for table `parking_zone`
--

DROP TABLE IF EXISTS `parking_zone`;
/*!40101 SET @saved_cs_client     = @@character_set_client */;
/*!40101 SET character_set_client = utf8 */;
CREATE TABLE `parking_zone` (
  `id` varchar(20) NOT NULL,
  `city_id` varchar(20) DEFAULT NULL,
  `area` polygon DEFAULT NULL,
  PRIMARY KEY (`id`),
  KEY `parking_zone_city_idx` (`city_id`),
  CONSTRAINT `parking_zone_city` FOREIGN KEY (`city_id`) REFERENCES `city` (`id`) ON DELETE CASCADE ON UPDATE CASCADE
) ENGINE=InnoDB DEFAULT CHARSET=utf8mb3;
/*!40101 SET character_set_client = @saved_cs_client */;

--
-- Dumping data for table `parking_zone`
--

LOCK TABLES `parking_zone` WRITE;
/*!40000 ALTER TABLE `parking_zone` DISABLE KEYS */;
INSERT INTO `parking_zone` VALUES
('jkpg_1','jkpg','\0\0\0\0\0\0\0\0\0\0\r\0\0\0Pװ,L@ SRM,@($\nL@\0htI,@p+L@N8J,@0gL@H,@pyKL@PH,@H|L@̴K,@9L@XO,@zZL@\0NyВP,@0\rpL@\0/!R,@l3L@5T,@`cIL@@{V,@`Ӷx{L@_9Q,@Pװ,L@ SRM,@'),
('jkpg_2','jkpg','\0\0\0\0\0\0\0\0\0\0\0\0\0{AL@\0P&W,@@XL@AV,@\0L@PE{mX,@DXL@@X,@@7\"{L@_Z,@l>L@,Z,@-HCL@/J^,@_KL@`4\r\'`,@ھL@g`,@ ͿL@ue,@T-L@@hWj,@[L@@u܋l,@@Z-L@ $#j,@ngCL@0\Zd,@L@x^,@{AL@\0P&W,@'),
('kna_1','kna','\0\0\0\0\0\0\0\0\0\0\0\0\0,LL@p2)/@|T$lL@F1f*/@ڊL@P0|+/@L@0jâS-/@\0.L@1hk-/@6bҕL@Pyu0/@T9;\ZL@ 31/@L@Pm0/@\ZjLL@ *//@4(~ZL@fR//@	5kL@ЋV\Z//@i^qL@P6-/@( ~L@A!*/@ 9SL@)/@Pּ,L@:)/@LL@P|)/@,LL@p2)/@'),
('kna_2','kna','\0\0\0\0\0\0\0\0\0\0\0\0\0l;fL@7D$/@-BL@`!$/@(}L@n!%/@-BL@\0\"&/@pS\ZL@@;!&/@UL@C_2.(/@>L@Rl(/@Lj1L@Ac(/@:߶.L@0B5=*/@0x+L@b+/@6L@&+/@]@L@s|,/@O=L@ ]el,/@Tt0L@]F	//@TOL@@у	//@8V\rNL@50/@$hL@~0/@LyJL@\0f-/@d$L@i-/@<\"L@@+f+/@ZGL@ܠ)/@l;fL@7D$/@'),
('kna_3','kna','\0\0\0\0\0\0\0\0\0\0\0\0\0X-DL@`,/@`L@ i+/@ˡL@@e,/@VL@N,/@L@-/@Ў{dfL@@./@8%sL@@m//@KL@`Q1/@fL@ T|e2/@ODL@ \"H3/@+2qmL@3/@|u5L@.-/@\ZSTL@ \\./@4\0L@0`0-/@XHsL@\0>:./@lL@Լi./@XޙFL@PgR-/@X-DL@`,/@'),
('sthlm_1','sthlm','\0\0\0\0\0\0\0\0\0\0\0\0\0deͨM@(S2@l!cM@p2@D\\M@02@PaM@xuRc\r2@|]`M@\06?~32@İ$kM@(ͮzx2@|8dM@hRS2@ЙTM@{2@ЫϧM@l2@\\M@@2@M@hZ2@>EƨM@PaZ2@pg3M@ؕ2@$DڋʨM@-Bȩ2@KM@k2@deͨM@(S2@'),
('sthlm_2','sthlm','\0\0\0\0\0\0\0\0\0\0\0\0\0Z\rM@e.\n2@3ܪM@X(x2@P7M@$X2@8549M@P:N2@|7[M@02@0|M@p2@tsEM@\0i2@~M@HDl2@yW)M@92@tsEM@qb2@sa4M@hW\Z2@%-M@H+62@ YM@p2@Z\rM@e.\n2@'),
('sthlm_3','sthlm','\0\0\0\0\0\0\0\0\0\0\r\0\0\0M@X4m\r2@M@es\r2@~tRM@ڂ2@M@.N_	2@0_M@ܳ2@Ѕ\\hM@h32@\0;M@+2@UT^<M@F2@ةM@<Z32@#M@BD2@yfM@[2@P&!M@Zo(h2@M@X4m\r2@');
/*!40000 ALTER TABLE `parking_zone` ENABLE KEYS */;
UNLOCK TABLES;

--
-- Table structure for table `scooter`
--

DROP TABLE IF EXISTS `scooter`;
/*!40101 SET @saved_cs_client     = @@character_set_client */;
/*!40101 SET character_set_client = utf8 */;
CREATE TABLE `scooter` (
  `id` int(11) NOT NULL AUTO_INCREMENT,
  `available` tinyint(1) NOT NULL DEFAULT 1,
  `enabled` tinyint(1) NOT NULL DEFAULT 1,
  `charge` int(11) NOT NULL DEFAULT 100,
  `last_serviced` timestamp NULL DEFAULT current_timestamp(),
  `first_used` timestamp NULL DEFAULT NULL,
  `distance_traveled` float DEFAULT 0,
  `last_position` point DEFAULT NULL,
  `is_charging` tinyint(1) NOT NULL DEFAULT 0,
  `city_id` varchar(20) DEFAULT NULL,
  PRIMARY KEY (`id`),
  KEY `scooter_city_idx` (`city_id`),
  CONSTRAINT `scooter_city` FOREIGN KEY (`city_id`) REFERENCES `city` (`id`) ON DELETE SET NULL ON UPDATE CASCADE
) ENGINE=InnoDB AUTO_INCREMENT=1001 DEFAULT CHARSET=utf8mb3;
/*!40101 SET character_set_client = @saved_cs_client */;

--
-- Dumping data for table `scooter`
--

LOCK TABLES `scooter` WRITE;
/*!40000 ALTER TABLE `scooter` DISABLE KEYS */;
INSERT INTO `scooter` VALUES
(1,1,1,80,'2023-01-22 12:18:38',NULL,0,'\0\0\0\0\0\0\0?W{+L@&c\0./@',0,'kna'),
(2,1,1,40,'2023-01-22 12:18:38',NULL,0,'\0\0\0\0\0\0\0|ؗ4,L@Mw-/@',0,'kna'),
(3,1,1,92,'2023-01-22 12:18:38',NULL,0,'\0\0\0\0\0\0\0ܐL@д-/@',0,'kna'),
(4,1,1,93,'2023-01-22 12:18:38',NULL,0,'\0\0\0\0\0\0\0HL@0?D=0/@',0,'kna'),
(5,1,1,55,'2023-01-22 12:18:38',NULL,0,'\0\0\0\0\0\0\0]%L@;//@',0,'kna'),
(6,1,1,60,'2023-01-22 12:18:38',NULL,0,'\0\0\0\0\0\0\0ѦpLL@;/@',0,'kna'),
(7,1,1,50,'2023-01-22 12:18:38',NULL,0,'\0\0\0\0\0\0\0͸L@i-/@',0,'kna'),
(8,1,1,96,'2023-01-22 12:18:38',NULL,0,'\0\0\0\0\0\0\0ظ9\\L@H2W1/@',0,'kna'),
(9,1,1,50,'2023-01-22 12:18:38',NULL,0,'\0\0\0\0\0\0\0^L@E2/@',0,'kna'),
(10,1,1,67,'2023-01-22 12:18:38',NULL,0,'\0\0\0\0\0\0\0zLL@>03/@',0,'kna'),
(11,1,1,95,'2023-01-22 12:18:38',NULL,0,'\0\0\0\0\0\0\0oǻL@3+/@',0,'kna'),
(12,1,1,69,'2023-01-22 12:18:38',NULL,0,'\0\0\0\0\0\0\0O3\"L@1Cҽ\'3/@',0,'kna'),
(13,1,1,60,'2023-01-22 12:18:38',NULL,0,'\0\0\0\0\0\0\0o\ZL@`gE<4/@',0,'kna'),
(14,1,1,77,'2023-01-22 12:18:38',NULL,0,'\0\0\0\0\0\0\0NL@+?:/@',0,'kna'),
(15,1,1,93,'2023-01-22 12:18:38',NULL,0,'\0\0\0\0\0\0\0؁2L@ҐD6/@',0,'kna'),
(16,1,1,73,'2023-01-22 12:18:38',NULL,0,'\0\0\0\0\0\0\0ﴁދL@}&/@',0,'kna'),
(17,1,1,49,'2023-01-22 12:18:38',NULL,0,'\0\0\0\0\0\0\0|TL@(n3/@',0,'kna'),
(18,1,1,67,'2023-01-22 12:18:38',NULL,0,'\0\0\0\0\0\0\0֧;XL@\0!/@',0,'kna'),
(19,1,1,100,'2023-01-22 12:18:38',NULL,0,'\0\0\0\0\0\0\0o\0\\L@E{W-/@',0,'kna'),
(20,1,1,40,'2023-01-22 12:18:38',NULL,0,'\0\0\0\0\0\0\0o?L@W*/@',0,'kna'),
(21,1,1,50,'2023-01-22 12:18:38',NULL,0,'\0\0\0\0\0\0\0Tp&L@\Z-,4/@',0,'kna'),
(22,1,1,51,'2023-01-22 12:18:38',NULL,0,'\0\0\0\0\0\0\0\0L@gV%/@',0,'kna'),
(23,1,1,72,'2023-01-22 12:18:38',NULL,0,'\0\0\0\0\0\0\02<XL@fuh#6/@',0,'kna'),
(24,1,1,48,'2023-01-22 12:18:38',NULL,0,'\0\0\0\0\0\0\0:kkL@=m//@',0,'kna'),
(25,1,1,67,'2023-01-22 12:18:38',NULL,0,'\0\0\0\0\0\0\0LUL@\\}./@',0,'kna'),
(26,1,1,48,'2023-01-22 12:18:38',NULL,0,'\0\0\0\0\0\0\0	L@]*1/@',0,'kna'),
(27,1,1,69,'2023-01-22 12:18:38',NULL,0,'\0\0\0\0\0\0\0rw9L@<-/@',0,'kna'),
(28,1,1,92,'2023-01-22 12:18:38',NULL,0,'\0\0\0\0\0\0\0YFL@017/@',0,'kna'),
(29,1,1,60,'2023-01-22 12:18:38',NULL,0,'\0\0\0\0\0\0\0 L@[./@',0,'kna'),
(30,1,1,75,'2023-01-22 12:18:38',NULL,0,'\0\0\0\0\0\0\09L@ho؈7/@',0,'kna'),
(31,1,1,73,'2023-01-22 12:18:38',NULL,0,'\0\0\0\0\0\0\0$sL@\0jk./@',0,'kna'),
(32,1,1,81,'2023-01-22 12:18:38',NULL,0,'\0\0\0\0\0\0\0HL@_\r+//@',0,'kna'),
(33,1,1,52,'2023-01-22 12:18:38',NULL,0,'\0\0\0\0\0\0\0Q^YL@|U /@',0,'kna'),
(34,1,1,68,'2023-01-22 12:18:38',NULL,0,'\0\0\0\0\0\0\0_CL@9U6/@',0,'kna'),
(35,1,1,55,'2023-01-22 12:18:38',NULL,0,'\0\0\0\0\0\0\0NkTL@rMwo7/@',0,'kna'),
(36,1,1,63,'2023-01-22 12:18:38',NULL,0,'\0\0\0\0\0\0\0SX7L@9):/@',0,'kna'),
(37,1,1,41,'2023-01-22 12:18:38',NULL,0,'\0\0\0\0\0\0\09#:L@3/@',0,'kna'),
(38,1,1,85,'2023-01-22 12:18:38',NULL,0,'\0\0\0\0\0\0\0G&L@PE;/@',0,'kna'),
(39,1,1,76,'2023-01-22 12:18:38',NULL,0,'\0\0\0\0\0\0\0I41L@qw>/@',0,'kna'),
(40,1,1,87,'2023-01-22 12:18:38',NULL,0,'\0\0\0\0\0\0\08ĳL@,/@',0,'kna'),
(41,1,1,79,'2023-01-22 12:18:38',NULL,0,'\0\0\0\0\0\0\0Tv[L@-Z//@',0,'kna'),
(42,1,1,93,'2023-01-22 12:18:38',NULL,0,'\0\0\0\0\0\0\0#UL@`=+/@',0,'kna'),
(43,1,1,74,'2023-01-22 12:18:38',NULL,0,'\0\0\0\0\0\0\0~!L@3cd4/@',0,'kna'),
(44,1,1,44,'2023-01-22 12:18:38',NULL,0,'\0\0\0\0\0\0\0GL@\n\0K!5/@',0,'kna'),
(45,1,1,51,'2023-01-22 12:18:38',NULL,0,'\0\0\0\0\0\0\0r=nL@e+/@',0,'kna'),
(46,1,1,85,'2023-01-22 12:18:38',NULL,0,'\0\0\0\0\0\0\0YZa\nL@Y5/@',0,'kna'),
(47,1,1,95,'2023-01-22 12:18:38',NULL,0,'\0\0\0\0\0\0\0,7	L@p9/@',0,'kna'),
(48,1,1,76,'2023-01-22 12:18:38',NULL,0,'\0\0\0\0\0\0\0K8L@~F!/@',0,'kna'),
(49,1,1,89,'2023-01-22 12:18:38',NULL,0,'\0\0\0\0\0\0\0rL@P/6/@',0,'kna'),
(50,1,1,93,'2023-01-22 12:18:38',NULL,0,'\0\0\0\0\0\0\0dKŲL@\r9/@',0,'kna'),
(51,1,1,43,'2023-01-22 12:18:38',NULL,0,'\0\0\0\0\0\0\0Ha}L@Jgni5/@',0,'kna'),
(52,1,1,54,'2023-01-22 12:18:38',NULL,0,'\0\0\0\0\0\0\0L@_\"=&/@',0,'kna'),
(53,1,1,63,'2023-01-22 12:18:38',NULL,0,'\0\0\0\0\0\0\0rׅL@.>/@',0,'kna'),
(54,1,1,49,'2023-01-22 12:18:38',NULL,0,'\0\0\0\0\0\0\0\r/L@_e./@',0,'kna'),
(55,1,1,99,'2023-01-22 12:18:38',NULL,0,'\0\0\0\0\0\0\0t-L@3*3/@',0,'kna'),
(56,1,1,47,'2023-01-22 12:18:38',NULL,0,'\0\0\0\0\0\0\04\ZC;L@nw0/@',0,'kna'),
(57,1,1,53,'2023-01-22 12:18:38',NULL,0,'\0\0\0\0\0\0\0vTL@#>$/@',0,'kna'),
(58,1,1,51,'2023-01-22 12:18:38',NULL,0,'\0\0\0\0\0\0\0~L@䍗݆1/@',0,'kna'),
(59,1,1,58,'2023-01-22 12:18:38',NULL,0,'\0\0\0\0\0\0\0)URL@-/@',0,'kna'),
(60,1,1,62,'2023-01-22 12:18:38',NULL,0,'\0\0\0\0\0\0\0ϢzL@$]+/@',0,'kna'),
(61,1,1,63,'2023-01-22 12:18:38',NULL,0,'\0\0\0\0\0\0\0L%y&L@\"+;/@',0,'kna'),
(62,1,1,80,'2023-01-22 12:18:38',NULL,0,'\0\0\0\0\0\0\0\rL@azX*/@',0,'kna'),
(63,1,1,100,'2023-01-22 12:18:38',NULL,0,'\0\0\0\0\0\0\0\Z_DqL@?*/@',0,'kna'),
(64,1,1,76,'2023-01-22 12:18:38',NULL,0,'\0\0\0\0\0\0\06L@sO,/@',0,'kna'),
(65,1,1,88,'2023-01-22 12:18:38',NULL,0,'\0\0\0\0\0\0\0+ϣL@~1t^./@',0,'kna'),
(66,1,1,93,'2023-01-22 12:18:38',NULL,0,'\0\0\0\0\0\0\0uL@*7 /@',0,'kna'),
(67,1,1,62,'2023-01-22 12:18:38',NULL,0,'\0\0\0\0\0\0\0I_]QL@{HB01/@',0,'kna'),
(68,1,1,41,'2023-01-22 12:18:38',NULL,0,'\0\0\0\0\0\0\0\Z >dL@uND\"/@',0,'kna'),
(69,1,1,52,'2023-01-22 12:18:38',NULL,0,'\0\0\0\0\0\0\0YɎL@	%-/@',0,'kna'),
(70,1,1,61,'2023-01-22 12:18:38',NULL,0,'\0\0\0\0\0\0\0?]eL@=/@',0,'kna'),
(71,1,1,50,'2023-01-22 12:18:38',NULL,0,'\0\0\0\0\0\0\08gL@3/@',0,'kna'),
(72,1,1,71,'2023-01-22 12:18:38',NULL,0,'\0\0\0\0\0\0\0w[QL@F./@',0,'kna'),
(73,1,1,87,'2023-01-22 12:18:38',NULL,0,'\0\0\0\0\0\0\0>L@Tm!/@',0,'kna'),
(74,1,1,91,'2023-01-22 12:18:38',NULL,0,'\0\0\0\0\0\0\0GY\nL@]3/@',0,'kna'),
(75,1,1,86,'2023-01-22 12:18:38',NULL,0,'\0\0\0\0\0\0\0EL@ی3/@',0,'kna'),
(76,1,1,62,'2023-01-22 12:18:38',NULL,0,'\0\0\0\0\0\0\0UL@%[./@',0,'kna'),
(77,1,1,95,'2023-01-22 12:18:38',NULL,0,'\0\0\0\0\0\0\0hTcL@,Ӳ9(/@',0,'kna'),
(78,1,1,74,'2023-01-22 12:18:38',NULL,0,'\0\0\0\0\0\0\0|L@2./@',0,'kna'),
(79,1,1,69,'2023-01-22 12:18:38',NULL,0,'\0\0\0\0\0\0\0(L@u=_:/@',0,'kna'),
(80,1,1,48,'2023-01-22 12:18:38',NULL,0,'\0\0\0\0\0\0\0wL@*#F7/@',0,'kna'),
(81,1,1,43,'2023-01-22 12:18:38',NULL,0,'\0\0\0\0\0\0\0\0JL@.D7/@',0,'kna'),
(82,1,1,86,'2023-01-22 12:18:38',NULL,0,'\0\0\0\0\0\0\02a*L@-/@',0,'kna'),
(83,1,1,45,'2023-01-22 12:18:38',NULL,0,'\0\0\0\0\0\0\0L@2/@',0,'kna'),
(84,1,1,85,'2023-01-22 12:18:38',NULL,0,'\0\0\0\0\0\0\0}\nB\rL@UK7)/@',0,'kna'),
(85,1,1,76,'2023-01-22 12:18:38',NULL,0,'\0\0\0\0\0\0\0Ur{L@ZuV~//@',0,'kna'),
(86,1,1,74,'2023-01-22 12:18:38',NULL,0,'\0\0\0\0\0\0\0YL@<)8/@',0,'kna'),
(87,1,1,82,'2023-01-22 12:18:38',NULL,0,'\0\0\0\0\0\0\0_)[L@VOf-/@',0,'kna'),
(88,1,1,79,'2023-01-22 12:18:38',NULL,0,'\0\0\0\0\0\0\0YeL@O2/@',0,'kna'),
(89,1,1,100,'2023-01-22 12:18:38',NULL,0,'\0\0\0\0\0\0\0ٗL@YH\"/@',0,'kna'),
(90,1,1,98,'2023-01-22 12:18:38',NULL,0,'\0\0\0\0\0\0\0AL@H2/@',0,'kna'),
(91,1,1,55,'2023-01-22 12:18:38',NULL,0,'\0\0\0\0\0\0\0.QL@aO;5/@',0,'kna'),
(92,1,1,76,'2023-01-22 12:18:38',NULL,0,'\0\0\0\0\0\0\0j0:uL@vZt3/@',0,'kna'),
(93,1,1,53,'2023-01-22 12:18:38',NULL,0,'\0\0\0\0\0\0\0L@iB4/@',0,'kna'),
(94,1,1,90,'2023-01-22 12:18:38',NULL,0,'\0\0\0\0\0\0\0\0L@ʝ4/@',0,'kna'),
(95,1,1,46,'2023-01-22 12:18:38',NULL,0,'\0\0\0\0\0\0\04\rL@G%0/@',0,'kna'),
(96,1,1,79,'2023-01-22 12:18:38',NULL,0,'\0\0\0\0\0\0\0w\nL@]\'9/@',0,'kna'),
(97,1,1,55,'2023-01-22 12:18:38',NULL,0,'\0\0\0\0\0\0\0	<L@6\"*/@',0,'kna'),
(98,1,1,84,'2023-01-22 12:18:38',NULL,0,'\0\0\0\0\0\0\0$eL@ wt5/@',0,'kna'),
(99,1,1,62,'2023-01-22 12:18:38',NULL,0,'\0\0\0\0\0\0\0yL@RB4/@',0,'kna'),
(100,1,1,70,'2023-01-22 12:18:38',NULL,0,'\0\0\0\0\0\0\0L@?O-/@',0,'kna'),
(101,1,1,59,'2023-01-22 12:18:38',NULL,0,'\0\0\0\0\0\0\0lL@^6/@',0,'kna'),
(102,1,1,94,'2023-01-22 12:18:38',NULL,0,'\0\0\0\0\0\0\0F\'%L@ּ^NV9/@',0,'kna'),
(103,1,1,92,'2023-01-22 12:18:38',NULL,0,'\0\0\0\0\0\0\0}%L@[uz\"/@',0,'kna'),
(104,1,1,43,'2023-01-22 12:18:38',NULL,0,'\0\0\0\0\0\0\0DpL@_71/@',0,'kna'),
(105,1,1,100,'2023-01-22 12:18:38',NULL,0,'\0\0\0\0\0\0\0pdD8L@k֙s8/@',0,'kna'),
(106,1,1,76,'2023-01-22 12:18:38',NULL,0,'\0\0\0\0\0\0\03TL@ɞv\">/@',0,'kna'),
(107,1,1,99,'2023-01-22 12:18:38',NULL,0,'\0\0\0\0\0\0\0)cL@IC(/@',0,'kna'),
(108,1,1,76,'2023-01-22 12:18:38',NULL,0,'\0\0\0\0\0\0\0t^L@\0OT=/@',0,'kna'),
(109,1,1,67,'2023-01-22 12:18:38',NULL,0,'\0\0\0\0\0\0\0}R6L@oU\',/@',0,'kna'),
(110,1,1,81,'2023-01-22 12:18:38',NULL,0,'\0\0\0\0\0\0\0!J@&L@7</@',0,'kna'),
(111,1,1,97,'2023-01-22 12:18:38',NULL,0,'\0\0\0\0\0\0\0R\'L@+q!/@',0,'kna'),
(112,1,1,94,'2023-01-22 12:18:38',NULL,0,'\0\0\0\0\0\0\0\n`KL@2/@',0,'kna'),
(113,1,1,54,'2023-01-22 12:18:38',NULL,0,'\0\0\0\0\0\0\0}#L@CV4/@',0,'kna'),
(114,1,1,41,'2023-01-22 12:18:38',NULL,0,'\0\0\0\0\0\0\0SN>L@tZy,/@',0,'kna'),
(115,1,1,43,'2023-01-22 12:18:38',NULL,0,'\0\0\0\0\0\0\0xzfJL@d,/@',0,'kna'),
(116,1,1,40,'2023-01-22 12:18:38',NULL,0,'\0\0\0\0\0\0\08&\"L@9~//@',0,'kna'),
(117,1,1,46,'2023-01-22 12:18:38',NULL,0,'\0\0\0\0\0\0\0h{L@2/@',0,'kna'),
(118,1,1,99,'2023-01-22 12:18:38',NULL,0,'\0\0\0\0\0\0\0L@c./@',0,'kna'),
(119,1,1,50,'2023-01-22 12:18:38',NULL,0,'\0\0\0\0\0\0\0+hsL@ưL:/@',0,'kna'),
(120,1,1,61,'2023-01-22 12:18:38',NULL,0,'\0\0\0\0\0\0\0L@8g*/@',0,'kna'),
(121,1,1,73,'2023-01-22 12:18:38',NULL,0,'\0\0\0\0\0\0\0~6L@ǈ0/@',0,'kna'),
(122,1,1,87,'2023-01-22 12:18:38',NULL,0,'\0\0\0\0\0\0\0\ZHL@NQD9/@',0,'kna'),
(123,1,1,95,'2023-01-22 12:18:38',NULL,0,'\0\0\0\0\0\0\0V0L@oJ(/@',0,'kna'),
(124,1,1,89,'2023-01-22 12:18:38',NULL,0,'\0\0\0\0\0\0\0QL@t3/@',0,'kna'),
(125,1,1,92,'2023-01-22 12:18:38',NULL,0,'\0\0\0\0\0\0\0fL@Rk	3/@',0,'kna'),
(126,1,1,59,'2023-01-22 12:18:38',NULL,0,'\0\0\0\0\0\0\0FOcFL@A//@',0,'kna'),
(127,1,1,50,'2023-01-22 12:18:38',NULL,0,'\0\0\0\0\0\0\0ykL@+/@',0,'kna'),
(128,1,1,75,'2023-01-22 12:18:38',NULL,0,'\0\0\0\0\0\0\0\0r=L@r	h0/@',0,'kna'),
(129,1,1,47,'2023-01-22 12:18:38',NULL,0,'\0\0\0\0\0\0\0ҩL@N//@',0,'kna'),
(130,1,1,49,'2023-01-22 12:18:38',NULL,0,'\0\0\0\0\0\0\0vL@3&//@',0,'kna'),
(131,1,1,53,'2023-01-22 12:18:38',NULL,0,'\0\0\0\0\0\0\0jL@3(0/@',0,'kna'),
(132,1,1,46,'2023-01-22 12:18:38',NULL,0,'\0\0\0\0\0\0\0MBitL@]b./@',0,'kna'),
(133,1,1,40,'2023-01-22 12:18:38',NULL,0,'\0\0\0\0\0\0\0ܽiL@~M8/@',0,'kna'),
(134,1,1,40,'2023-01-22 12:18:38',NULL,0,'\0\0\0\0\0\0\0NċL@p /@',0,'kna'),
(135,1,1,61,'2023-01-22 12:18:38',NULL,0,'\0\0\0\0\0\0\0L~V\ZL@ZKis4/@',0,'kna'),
(136,1,1,64,'2023-01-22 12:18:38',NULL,0,'\0\0\0\0\0\0\0J\\+RL@CEE1/@',0,'kna'),
(137,1,1,67,'2023-01-22 12:18:38',NULL,0,'\0\0\0\0\0\0\0D^L@fy//@',0,'kna'),
(138,1,1,54,'2023-01-22 12:18:38',NULL,0,'\0\0\0\0\0\0\0*HL@T\r&/@',0,'kna'),
(139,1,1,49,'2023-01-22 12:18:38',NULL,0,'\0\0\0\0\0\0\02\"L@˭=!/@',0,'kna'),
(140,1,1,62,'2023-01-22 12:18:38',NULL,0,'\0\0\0\0\0\0\0C.L@7`Hf*/@',0,'kna'),
(141,1,1,97,'2023-01-22 12:18:38',NULL,0,'\0\0\0\0\0\0\0}oL@i\0\r(2/@',0,'kna'),
(142,1,1,59,'2023-01-22 12:18:38',NULL,0,'\0\0\0\0\0\0\0ufL@vq(/@',0,'kna'),
(143,1,1,67,'2023-01-22 12:18:38',NULL,0,'\0\0\0\0\0\0\0lL@^04/@',0,'kna'),
(144,1,1,43,'2023-01-22 12:18:38',NULL,0,'\0\0\0\0\0\0\0_L@!//@',0,'kna'),
(145,1,1,92,'2023-01-22 12:18:38',NULL,0,'\0\0\0\0\0\0\0\'\0L@7T!5/@',0,'kna'),
(146,1,1,100,'2023-01-22 12:18:38',NULL,0,'\0\0\0\0\0\0\0SiL@\nE./@',0,'kna'),
(147,1,1,41,'2023-01-22 12:18:38',NULL,0,'\0\0\0\0\0\0\0^BL@Vs2/@',0,'kna'),
(148,1,1,78,'2023-01-22 12:18:38',NULL,0,'\0\0\0\0\0\0\0&L@yV//@',0,'kna'),
(149,1,1,60,'2023-01-22 12:18:38',NULL,0,'\0\0\0\0\0\0\0ֈL@.G@c,@',0,'jkpg'),
(150,1,1,64,'2023-01-22 12:18:38',NULL,0,'\0\0\0\0\0\0\0_kL@BLIJ,@',0,'jkpg'),
(151,1,1,54,'2023-01-22 12:18:38',NULL,0,'\0\0\0\0\0\0\0\'vL@f8fS,@',0,'jkpg'),
(152,1,1,75,'2023-01-22 12:18:38',NULL,0,'\0\0\0\0\0\0\0kARL@LWTs,@',0,'jkpg'),
(153,1,1,60,'2023-01-22 12:18:38',NULL,0,'\0\0\0\0\0\0\0AL@)Or,@',0,'jkpg'),
(154,1,1,87,'2023-01-22 12:18:38',NULL,0,'\0\0\0\0\0\0\0]UL@>).F,@',0,'jkpg'),
(155,1,1,45,'2023-01-22 12:18:38',NULL,0,'\0\0\0\0\0\0\0D<iL@ߗUb,@',0,'jkpg'),
(156,1,1,70,'2023-01-22 12:18:38',NULL,0,'\0\0\0\0\0\0\0ZL@A>k,@',0,'jkpg'),
(157,1,1,70,'2023-01-22 12:18:38',NULL,0,'\0\0\0\0\0\0\03ZUL@xd,@',0,'jkpg'),
(158,1,1,98,'2023-01-22 12:18:38',NULL,0,'\0\0\0\0\0\0\0s6L@]L,@',0,'jkpg'),
(159,1,1,48,'2023-01-22 12:18:38',NULL,0,'\0\0\0\0\0\0\0rL@Gt,@',0,'jkpg'),
(160,1,1,91,'2023-01-22 12:18:38',NULL,0,'\0\0\0\0\0\0\0DL@E,@',0,'jkpg'),
(161,1,1,87,'2023-01-22 12:18:38',NULL,0,'\0\0\0\0\0\0\06+L@@6szD,@',0,'jkpg'),
(162,1,1,55,'2023-01-22 12:18:38',NULL,0,'\0\0\0\0\0\0\0@L@gt,@',0,'jkpg'),
(163,1,1,92,'2023-01-22 12:18:38',NULL,0,'\0\0\0\0\0\0\0~VaL@an,@',0,'jkpg'),
(164,1,1,71,'2023-01-22 12:18:38',NULL,0,'\0\0\0\0\0\0\0jL@\0I,@',0,'jkpg'),
(165,1,1,82,'2023-01-22 12:18:38',NULL,0,'\0\0\0\0\0\0\0ŸL@ʘ<O,@',0,'jkpg'),
(166,1,1,88,'2023-01-22 12:18:38',NULL,0,'\0\0\0\0\0\0\0kL@U]bqk,@',0,'jkpg'),
(167,1,1,73,'2023-01-22 12:18:38',NULL,0,'\0\0\0\0\0\0\0΄3L@ ,\n~H,@',0,'jkpg'),
(168,1,1,46,'2023-01-22 12:18:38',NULL,0,'\0\0\0\0\0\0\0 icL@5G#\rn,@',0,'jkpg'),
(169,1,1,74,'2023-01-22 12:18:38',NULL,0,'\0\0\0\0\0\0\0.L@F\r)c,@',0,'jkpg'),
(170,1,1,48,'2023-01-22 12:18:38',NULL,0,'\0\0\0\0\0\0\0FBL@F`54I,@',0,'jkpg'),
(171,1,1,62,'2023-01-22 12:18:38',NULL,0,'\0\0\0\0\0\0\0\"LL@`LG_,@',0,'jkpg'),
(172,1,1,42,'2023-01-22 12:18:38',NULL,0,'\0\0\0\0\0\0\0(e{L@E˚f,@',0,'jkpg'),
(173,1,1,84,'2023-01-22 12:18:38',NULL,0,'\0\0\0\0\0\0\0,nL@\nPok,@',0,'jkpg'),
(174,1,1,49,'2023-01-22 12:18:38',NULL,0,'\0\0\0\0\0\0\0ڣL@dLYk,@',0,'jkpg'),
(175,1,1,64,'2023-01-22 12:18:38',NULL,0,'\0\0\0\0\0\0\0/L@iвRr,@',0,'jkpg'),
(176,1,1,58,'2023-01-22 12:18:38',NULL,0,'\0\0\0\0\0\0\0?L@Ia,@',0,'jkpg'),
(177,1,1,98,'2023-01-22 12:18:38',NULL,0,'\0\0\0\0\0\0\0\\vSL@D8v,@',0,'jkpg'),
(178,1,1,53,'2023-01-22 12:18:38',NULL,0,'\0\0\0\0\0\0\02\"3L@ph,@',0,'jkpg'),
(179,1,1,78,'2023-01-22 12:18:38',NULL,0,'\0\0\0\0\0\0\0Y3xL@%\Zv,@',0,'jkpg'),
(180,1,1,64,'2023-01-22 12:18:38',NULL,0,'\0\0\0\0\0\0\0\"3ML@ɺ\nf,@',0,'jkpg'),
(181,1,1,92,'2023-01-22 12:18:38',NULL,0,'\0\0\0\0\0\0\0oz5L@  ]I,@',0,'jkpg'),
(182,1,1,67,'2023-01-22 12:18:38',NULL,0,'\0\0\0\0\0\0\0L@8Od8F,@',0,'jkpg'),
(183,1,1,89,'2023-01-22 12:18:38',NULL,0,'\0\0\0\0\0\0\0vL@%K,@',0,'jkpg'),
(184,1,1,68,'2023-01-22 12:18:38',NULL,0,'\0\0\0\0\0\0\0L@oQO,@',0,'jkpg'),
(185,1,1,40,'2023-01-22 12:18:38',NULL,0,'\0\0\0\0\0\0\08$T+L@Jj,@',0,'jkpg'),
(186,1,1,67,'2023-01-22 12:18:38',NULL,0,'\0\0\0\0\0\0\0M̈L@gFBT,@',0,'jkpg'),
(187,1,1,98,'2023-01-22 12:18:38',NULL,0,'\0\0\0\0\0\0\0lL@lqE,@',0,'jkpg'),
(188,1,1,78,'2023-01-22 12:18:38',NULL,0,'\0\0\0\0\0\0\0\'+;+L@?S.E,@',0,'jkpg'),
(189,1,1,82,'2023-01-22 12:18:38',NULL,0,'\0\0\0\0\0\0\0S]L@[q[R,@',0,'jkpg'),
(190,1,1,69,'2023-01-22 12:18:38',NULL,0,'\0\0\0\0\0\0\0)/L@U&0o,@',0,'jkpg'),
(191,1,1,80,'2023-01-22 12:18:38',NULL,0,'\0\0\0\0\0\0\0BBL@$s,F,@',0,'jkpg'),
(192,1,1,79,'2023-01-22 12:18:38',NULL,0,'\0\0\0\0\0\0\0abL@\'g,@',0,'jkpg'),
(193,1,1,41,'2023-01-22 12:18:38',NULL,0,'\0\0\0\0\0\0\04rL@Lg,@',0,'jkpg'),
(194,1,1,79,'2023-01-22 12:18:38',NULL,0,'\0\0\0\0\0\0\03L@4F,@',0,'jkpg'),
(195,1,1,69,'2023-01-22 12:18:38',NULL,0,'\0\0\0\0\0\0\0L@<KO,@',0,'jkpg'),
(196,1,1,83,'2023-01-22 12:18:38',NULL,0,'\0\0\0\0\0\0\0\r\nL@Yh\"b,@',0,'jkpg'),
(197,1,1,53,'2023-01-22 12:18:38',NULL,0,'\0\0\0\0\0\0\0k&|L@ov,@',0,'jkpg'),
(198,1,1,86,'2023-01-22 12:18:38',NULL,0,'\0\0\0\0\0\0\0%+L@$v,@',0,'jkpg'),
(199,1,1,49,'2023-01-22 12:18:38',NULL,0,'\0\0\0\0\0\0\0]wL@\0sp,@',0,'jkpg'),
(200,1,1,95,'2023-01-22 12:18:38',NULL,0,'\0\0\0\0\0\0\0\Z#L@moh,@',0,'jkpg'),
(201,1,1,60,'2023-01-22 12:18:38',NULL,0,'\0\0\0\0\0\0\0>QL@Bu\']v,@',0,'jkpg'),
(202,1,1,94,'2023-01-22 12:18:38',NULL,0,'\0\0\0\0\0\0\0 e+*L@{rH,@',0,'jkpg'),
(203,1,1,47,'2023-01-22 12:18:38',NULL,0,'\0\0\0\0\0\0\0te$L@ro,@',0,'jkpg'),
(204,1,1,65,'2023-01-22 12:18:38',NULL,0,'\0\0\0\0\0\0\0HL@t,@',0,'jkpg'),
(205,1,1,91,'2023-01-22 12:18:38',NULL,0,'\0\0\0\0\0\0\0pL@IӑVr,@',0,'jkpg'),
(206,1,1,57,'2023-01-22 12:18:38',NULL,0,'\0\0\0\0\0\0\05t\ZIL@\"R,@',0,'jkpg'),
(207,1,1,45,'2023-01-22 12:18:38',NULL,0,'\0\0\0\0\0\0\0L@\Z8Q,@',0,'jkpg'),
(208,1,1,52,'2023-01-22 12:18:38',NULL,0,'\0\0\0\0\0\0\0bL@bMoT,@',0,'jkpg'),
(209,1,1,70,'2023-01-22 12:18:38',NULL,0,'\0\0\0\0\0\0\0]\'L@Mh~Q,@',0,'jkpg'),
(210,1,1,46,'2023-01-22 12:18:38',NULL,0,'\0\0\0\0\0\0\0y))aL@nF,@',0,'jkpg'),
(211,1,1,97,'2023-01-22 12:18:38',NULL,0,'\0\0\0\0\0\0\0g@L@aS,@',0,'jkpg'),
(212,1,1,85,'2023-01-22 12:18:38',NULL,0,'\0\0\0\0\0\0\0UpL@Wsc,@',0,'jkpg'),
(213,1,1,63,'2023-01-22 12:18:38',NULL,0,'\0\0\0\0\0\0\0s/GL@8oi,t,@',0,'jkpg'),
(214,1,1,62,'2023-01-22 12:18:38',NULL,0,'\0\0\0\0\0\0\0I>tL@Q.F,@',0,'jkpg'),
(215,1,1,97,'2023-01-22 12:18:38',NULL,0,'\0\0\0\0\0\0\0I^L@XOed,@',0,'jkpg'),
(216,1,1,57,'2023-01-22 12:18:38',NULL,0,'\0\0\0\0\0\0\0tL@WlY,@',0,'jkpg'),
(217,1,1,94,'2023-01-22 12:18:38',NULL,0,'\0\0\0\0\0\0\0(hjL@(j,@',0,'jkpg'),
(218,1,1,52,'2023-01-22 12:18:38',NULL,0,'\0\0\0\0\0\0\0F	L@+`{Z,@',0,'jkpg'),
(219,1,1,99,'2023-01-22 12:18:38',NULL,0,'\0\0\0\0\0\0\0[RL@\0ɠG,@',0,'jkpg'),
(220,1,1,89,'2023-01-22 12:18:38',NULL,0,'\0\0\0\0\0\0\03᫐L@s\nyF,@',0,'jkpg'),
(221,1,1,69,'2023-01-22 12:18:38',NULL,0,'\0\0\0\0\0\0\0r9^L@wK7qq,@',0,'jkpg'),
(222,1,1,47,'2023-01-22 12:18:38',NULL,0,'\0\0\0\0\0\0\0bL@4I`,@',0,'jkpg'),
(223,1,1,87,'2023-01-22 12:18:38',NULL,0,'\0\0\0\0\0\0\0a%<L@z>i,@',0,'jkpg'),
(224,1,1,51,'2023-01-22 12:18:38',NULL,0,'\0\0\0\0\0\0\0\n L@jID,@',0,'jkpg'),
(225,1,1,54,'2023-01-22 12:18:38',NULL,0,'\0\0\0\0\0\0\0N!%;L@0\"T_,@',0,'jkpg'),
(226,1,1,48,'2023-01-22 12:18:38',NULL,0,'\0\0\0\0\0\0\0(L@cc\r8J,@',0,'jkpg'),
(227,1,1,85,'2023-01-22 12:18:38',NULL,0,'\0\0\0\0\0\0\0Y-L@ Ϩ)Z,@',0,'jkpg'),
(228,1,1,70,'2023-01-22 12:18:38',NULL,0,'\0\0\0\0\0\0\0L@ܺSo,@',0,'jkpg'),
(229,1,1,77,'2023-01-22 12:18:38',NULL,0,'\0\0\0\0\0\0\0L@6Xk,@',0,'jkpg'),
(230,1,1,51,'2023-01-22 12:18:38',NULL,0,'\0\0\0\0\0\0\0`M=L@XL{H,@',0,'jkpg'),
(231,1,1,80,'2023-01-22 12:18:38',NULL,0,'\0\0\0\0\0\0\0ב}L@Xm,@',0,'jkpg'),
(232,1,1,70,'2023-01-22 12:18:38',NULL,0,'\0\0\0\0\0\0\0z\"L@\0:Q,@',0,'jkpg'),
(233,1,1,45,'2023-01-22 12:18:38',NULL,0,'\0\0\0\0\0\0\0tL@8.@u,@',0,'jkpg'),
(234,1,1,47,'2023-01-22 12:18:38',NULL,0,'\0\0\0\0\0\0\0C\0L@44I,@',0,'jkpg'),
(235,1,1,88,'2023-01-22 12:18:38',NULL,0,'\0\0\0\0\0\0\0`a<.WL@6̍q,@',0,'jkpg'),
(236,1,1,46,'2023-01-22 12:18:38',NULL,0,'\0\0\0\0\0\0\0}}L@fiGT,@',0,'jkpg'),
(237,1,1,65,'2023-01-22 12:18:38',NULL,0,'\0\0\0\0\0\0\00uL@	L,@',0,'jkpg'),
(238,1,1,51,'2023-01-22 12:18:38',NULL,0,'\0\0\0\0\0\0\0b.]uL@9@$J,@',0,'jkpg'),
(239,1,1,100,'2023-01-22 12:18:38',NULL,0,'\0\0\0\0\0\0\0~L@;K,@',0,'jkpg'),
(240,1,1,44,'2023-01-22 12:18:38',NULL,0,'\0\0\0\0\0\0\0+֡L@`@@X,@',0,'jkpg'),
(241,1,1,93,'2023-01-22 12:18:38',NULL,0,'\0\0\0\0\0\0\03<L@-\"J,@',0,'jkpg'),
(242,1,1,62,'2023-01-22 12:18:38',NULL,0,'\0\0\0\0\0\0\0A?kL@qr<[,@',0,'jkpg'),
(243,1,1,90,'2023-01-22 12:18:38',NULL,0,'\0\0\0\0\0\0\0zd<L@P,@',0,'jkpg'),
(244,1,1,61,'2023-01-22 12:18:38',NULL,0,'\0\0\0\0\0\0\0&s5L@45ԥk,@',0,'jkpg'),
(245,1,1,84,'2023-01-22 12:18:38',NULL,0,'\0\0\0\0\0\0\0!UL@gs,@',0,'jkpg'),
(246,1,1,56,'2023-01-22 12:18:38',NULL,0,'\0\0\0\0\0\0\0Rn9L@37t,@',0,'jkpg'),
(247,1,1,85,'2023-01-22 12:18:38',NULL,0,'\0\0\0\0\0\0\0)̎L@SCwQ,@',0,'jkpg'),
(248,1,1,57,'2023-01-22 12:18:38',NULL,0,'\0\0\0\0\0\0\0]\0L@)N,@',0,'jkpg'),
(249,1,1,86,'2023-01-22 12:18:38',NULL,0,'\0\0\0\0\0\0\0VdKL@nD,@',0,'jkpg'),
(250,1,1,67,'2023-01-22 12:18:38',NULL,0,'\0\0\0\0\0\0\0>IL@#gzI,@',0,'jkpg'),
(251,1,1,71,'2023-01-22 12:18:38',NULL,0,'\0\0\0\0\0\0\0%;L@2M.K,@',0,'jkpg'),
(252,1,1,100,'2023-01-22 12:18:38',NULL,0,'\0\0\0\0\0\0\03L@s8od,@',0,'jkpg'),
(253,1,1,96,'2023-01-22 12:18:38',NULL,0,'\0\0\0\0\0\0\0:$L@*TڂDT,@',0,'jkpg'),
(254,1,1,99,'2023-01-22 12:18:38',NULL,0,'\0\0\0\0\0\0\0k3L@P5L)p,@',0,'jkpg'),
(255,1,1,67,'2023-01-22 12:18:38',NULL,0,'\0\0\0\0\0\0\0q^)$L@>p],@',0,'jkpg'),
(256,1,1,76,'2023-01-22 12:18:38',NULL,0,'\0\0\0\0\0\0\0n:L@F,@',0,'jkpg'),
(257,1,1,97,'2023-01-22 12:18:38',NULL,0,'\0\0\0\0\0\0\0p#L@nhv,@',0,'jkpg'),
(258,1,1,95,'2023-01-22 12:18:38',NULL,0,'\0\0\0\0\0\0\0-VL@YJS,@',0,'jkpg'),
(259,1,1,75,'2023-01-22 12:18:38',NULL,0,'\0\0\0\0\0\0\0J4L@~_,@',0,'jkpg'),
(260,1,1,52,'2023-01-22 12:18:38',NULL,0,'\0\0\0\0\0\0\0>n҉L@Nt,@',0,'jkpg'),
(261,1,1,83,'2023-01-22 12:18:38',NULL,0,'\0\0\0\0\0\0\0y&L@˳Zw,@',0,'jkpg'),
(262,1,1,51,'2023-01-22 12:18:38',NULL,0,'\0\0\0\0\0\0\09KļL@^y\n^,@',0,'jkpg'),
(263,1,1,68,'2023-01-22 12:18:38',NULL,0,'\0\0\0\0\0\0\0YkL@hH,@',0,'jkpg'),
(264,1,1,68,'2023-01-22 12:18:38',NULL,0,'\0\0\0\0\0\0\0Щ2L@KK,@',0,'jkpg'),
(265,1,1,59,'2023-01-22 12:18:38',NULL,0,'\0\0\0\0\0\0\0\r!sL@?O#L,@',0,'jkpg'),
(266,1,1,56,'2023-01-22 12:18:38',NULL,0,'\0\0\0\0\0\0\0L@q,@',0,'jkpg'),
(267,1,1,75,'2023-01-22 12:18:38',NULL,0,'\0\0\0\0\0\0\0UcL@I)e,@',0,'jkpg'),
(268,1,1,43,'2023-01-22 12:18:38',NULL,0,'\0\0\0\0\0\0\0+L@)^NK,@',0,'jkpg'),
(269,1,1,94,'2023-01-22 12:18:38',NULL,0,'\0\0\0\0\0\0\0l/ivL@(H,@',0,'jkpg'),
(270,1,1,100,'2023-01-22 12:18:38',NULL,0,'\0\0\0\0\0\0\0\n1L@+\\Mfp,@',0,'jkpg'),
(271,1,1,76,'2023-01-22 12:18:38',NULL,0,'\0\0\0\0\0\0\0@L@{jZ,@',0,'jkpg'),
(272,1,1,90,'2023-01-22 12:18:38',NULL,0,'\0\0\0\0\0\0\0D%L@1F,@',0,'jkpg'),
(273,1,1,100,'2023-01-22 12:18:38',NULL,0,'\0\0\0\0\0\0\0὞*L@9c,@',0,'jkpg'),
(274,1,1,83,'2023-01-22 12:18:38',NULL,0,'\0\0\0\0\0\0\0\'	7GL@V t,@',0,'jkpg'),
(275,1,1,82,'2023-01-22 12:18:38',NULL,0,'\0\0\0\0\0\0\0~L@It,@',0,'jkpg'),
(276,1,1,62,'2023-01-22 12:18:38',NULL,0,'\0\0\0\0\0\0\0\0vL@:E,@',0,'jkpg'),
(277,1,1,87,'2023-01-22 12:18:38',NULL,0,'\0\0\0\0\0\0\0DL@J*n,@',0,'jkpg'),
(278,1,1,46,'2023-01-22 12:18:38',NULL,0,'\0\0\0\0\0\0\0L@oc,@',0,'jkpg'),
(279,1,1,48,'2023-01-22 12:18:38',NULL,0,'\0\0\0\0\0\0\0;RL@[% ;q,@',0,'jkpg'),
(280,1,1,82,'2023-01-22 12:18:38',NULL,0,'\0\0\0\0\0\0\0kTK|L@ayEh,@',0,'jkpg'),
(281,1,1,73,'2023-01-22 12:18:38',NULL,0,'\0\0\0\0\0\0\0AML@\\g[,@',0,'jkpg'),
(282,1,1,43,'2023-01-22 12:18:38',NULL,0,'\0\0\0\0\0\0\0w\ro\'ZL@.v,@',0,'jkpg'),
(283,1,1,44,'2023-01-22 12:18:38',NULL,0,'\0\0\0\0\0\0\0L@Kb,@',0,'jkpg'),
(284,1,1,95,'2023-01-22 12:18:38',NULL,0,'\0\0\0\0\0\0\0l$VL@OI=qF,@',0,'jkpg'),
(285,1,1,59,'2023-01-22 12:18:38',NULL,0,'\0\0\0\0\0\0\0ZvL@ѣ^K,@',0,'jkpg'),
(286,1,1,43,'2023-01-22 12:18:38',NULL,0,'\0\0\0\0\0\0\0(%mL@q`G[,@',0,'jkpg'),
(287,1,1,81,'2023-01-22 12:18:38',NULL,0,'\0\0\0\0\0\0\0_NүL@}n,@',0,'jkpg'),
(288,1,1,57,'2023-01-22 12:18:38',NULL,0,'\0\0\0\0\0\0\0>L@qJ\\\"RG,@',0,'jkpg'),
(289,1,1,84,'2023-01-22 12:18:38',NULL,0,'\0\0\0\0\0\0\0bL@r	M,@',0,'jkpg'),
(290,1,1,57,'2023-01-22 12:18:38',NULL,0,'\0\0\0\0\0\0\00oHL@FeGPC,@',0,'jkpg'),
(291,1,1,67,'2023-01-22 12:18:38',NULL,0,'\0\0\0\0\0\0\06HtL@AIZ,@',0,'jkpg'),
(292,1,1,89,'2023-01-22 12:18:38',NULL,0,'\0\0\0\0\0\0\0XL@h,@',0,'jkpg'),
(293,1,1,71,'2023-01-22 12:18:38',NULL,0,'\0\0\0\0\0\0\0\'O}L@a$]i,@',0,'jkpg'),
(294,1,1,75,'2023-01-22 12:18:38',NULL,0,'\0\0\0\0\0\0\0YnL@If,@',0,'jkpg'),
(295,1,1,53,'2023-01-22 12:18:38',NULL,0,'\0\0\0\0\0\0\0ڏCL@0LB,@',0,'jkpg'),
(296,1,1,98,'2023-01-22 12:18:38',NULL,0,'\0\0\0\0\0\0\0L@j,@',0,'jkpg'),
(297,1,1,66,'2023-01-22 12:18:38',NULL,0,'\0\0\0\0\0\0\0|qL@o\"n,@',0,'jkpg'),
(298,1,1,87,'2023-01-22 12:18:38',NULL,0,'\0\0\0\0\0\0\0EbqSL@|M0	\\,@',0,'jkpg'),
(299,1,1,73,'2023-01-22 12:18:38',NULL,0,'\0\0\0\0\0\0\0wL@.*,C\Zn,@',0,'jkpg'),
(300,1,1,85,'2023-01-22 12:18:38',NULL,0,'\0\0\0\0\0\0\0wL@{i,@',0,'jkpg'),
(301,1,1,99,'2023-01-22 12:18:38',NULL,0,'\0\0\0\0\0\0\0EqL@0F,@',0,'jkpg'),
(302,1,1,83,'2023-01-22 12:18:38',NULL,0,'\0\0\0\0\0\0\0g]}\rL@hdq&N,@',0,'jkpg'),
(303,1,1,96,'2023-01-22 12:18:38',NULL,0,'\0\0\0\0\0\0\0\"ؔL@r!mN,@',0,'jkpg'),
(304,1,1,82,'2023-01-22 12:18:38',NULL,0,'\0\0\0\0\0\0\0Ax\nL@wc,@',0,'jkpg'),
(305,1,1,95,'2023-01-22 12:18:38',NULL,0,'\0\0\0\0\0\0\069L@ej,@',0,'jkpg'),
(306,1,1,82,'2023-01-22 12:18:38',NULL,0,'\0\0\0\0\0\0\0DL@HT,@',0,'jkpg'),
(307,1,1,44,'2023-01-22 12:18:38',NULL,0,'\0\0\0\0\0\0\0]<nL@K+F[,@',0,'jkpg'),
(308,1,1,57,'2023-01-22 12:18:38',NULL,0,'\0\0\0\0\0\0\0\\ZL@c)<J,@',0,'jkpg'),
(309,1,1,85,'2023-01-22 12:18:38',NULL,0,'\0\0\0\0\0\0\0rdD/L@mn	RN,@',0,'jkpg'),
(310,1,1,67,'2023-01-22 12:18:38',NULL,0,'\0\0\0\0\0\0\0lL@$N̷b,@',0,'jkpg'),
(311,1,1,86,'2023-01-22 12:18:38',NULL,0,'\0\0\0\0\0\0\0{L@J,@',0,'jkpg'),
(312,1,1,42,'2023-01-22 12:18:38',NULL,0,'\0\0\0\0\0\0\0\'dL@	lTa,@',0,'jkpg'),
(313,1,1,48,'2023-01-22 12:18:38',NULL,0,'\0\0\0\0\0\0\06L@7=OʨJ,@',0,'jkpg'),
(314,1,1,93,'2023-01-22 12:18:38',NULL,0,'\0\0\0\0\0\0\0~^L@{}Dn,@',0,'jkpg'),
(315,1,1,53,'2023-01-22 12:18:38',NULL,0,'\0\0\0\0\0\0\0\"|6L@P2zG,@',0,'jkpg'),
(316,1,1,69,'2023-01-22 12:18:38',NULL,0,'\0\0\0\0\0\0\06AL@:-N,@',0,'jkpg'),
(317,1,1,76,'2023-01-22 12:18:38',NULL,0,'\0\0\0\0\0\0\0n^-L@gzo,@',0,'jkpg'),
(318,1,1,75,'2023-01-22 12:18:38',NULL,0,'\0\0\0\0\0\0\0^L@^	M,@',0,'jkpg'),
(319,1,1,65,'2023-01-22 12:18:38',NULL,0,'\0\0\0\0\0\0\0QjL@MZ,@',0,'jkpg'),
(320,1,1,92,'2023-01-22 12:18:38',NULL,0,'\0\0\0\0\0\0\0>L@6nLM,@',0,'jkpg'),
(321,1,1,56,'2023-01-22 12:18:38',NULL,0,'\0\0\0\0\0\0\0ȩ\nL@:kD,@',0,'jkpg'),
(322,1,1,40,'2023-01-22 12:18:38',NULL,0,'\0\0\0\0\0\0\0##L@Ih,@',0,'jkpg'),
(323,1,1,82,'2023-01-22 12:18:38',NULL,0,'\0\0\0\0\0\0\0JEL@~tn,@',0,'jkpg'),
(324,1,1,65,'2023-01-22 12:18:38',NULL,0,'\0\0\0\0\0\0\0L@t޵e,@',0,'jkpg'),
(325,1,1,62,'2023-01-22 12:18:38',NULL,0,'\0\0\0\0\0\0\0aVhL@lL\\,@',0,'jkpg'),
(326,1,1,46,'2023-01-22 12:18:38',NULL,0,'\0\0\0\0\0\0\0\rL@Q{Y,@',0,'jkpg'),
(327,1,1,79,'2023-01-22 12:18:38',NULL,0,'\0\0\0\0\0\0\0L@b>[XK,@',0,'jkpg'),
(328,1,1,62,'2023-01-22 12:18:38',NULL,0,'\0\0\0\0\0\0\0WL@1H^,@',0,'jkpg'),
(329,1,1,92,'2023-01-22 12:18:38',NULL,0,'\0\0\0\0\0\0\0pp6L@	ݣF,@',0,'jkpg'),
(330,1,1,51,'2023-01-22 12:18:38',NULL,0,'\0\0\0\0\0\0\0Q]pL@u韑b,@',0,'jkpg'),
(331,1,1,56,'2023-01-22 12:18:38',NULL,0,'\0\0\0\0\0\0\0&pGL@lUOJ,@',0,'jkpg'),
(332,1,1,68,'2023-01-22 12:18:38',NULL,0,'\0\0\0\0\0\0\0Q2Q,L@avG,@',0,'jkpg'),
(333,1,1,84,'2023-01-22 12:18:38',NULL,0,'\0\0\0\0\0\0\0GoL@]dO,@',0,'jkpg'),
(334,1,1,98,'2023-01-22 12:18:38',NULL,0,'\0\0\0\0\0\0\0i(L@qYt,@',0,'jkpg'),
(335,1,1,74,'2023-01-22 12:18:38',NULL,0,'\0\0\0\0\0\0\0YR>oL@4-\nN,@',0,'jkpg'),
(336,1,1,47,'2023-01-22 12:18:38',NULL,0,'\0\0\0\0\0\0\0:\\L@ÑK,@',0,'jkpg'),
(337,1,1,96,'2023-01-22 12:18:38',NULL,0,'\0\0\0\0\0\0\0iC<L@yK,@',0,'jkpg'),
(338,1,1,73,'2023-01-22 12:18:38',NULL,0,'\0\0\0\0\0\0\0uL@\rH,@',0,'jkpg'),
(339,1,1,81,'2023-01-22 12:18:38',NULL,0,'\0\0\0\0\0\0\0qL@%MM,@',0,'jkpg'),
(340,1,1,71,'2023-01-22 12:18:38',NULL,0,'\0\0\0\0\0\0\0(WL@}	I,@',0,'jkpg'),
(341,1,1,82,'2023-01-22 12:18:38',NULL,0,'\0\0\0\0\0\0\0]SL@:v,@',0,'jkpg'),
(342,1,1,92,'2023-01-22 12:18:38',NULL,0,'\0\0\0\0\0\0\0L@ |:X,@',0,'jkpg'),
(343,1,1,82,'2023-01-22 12:18:38',NULL,0,'\0\0\0\0\0\0\0u6\ZL@\Z[c|O,@',0,'jkpg'),
(344,1,1,96,'2023-01-22 12:18:38',NULL,0,'\0\0\0\0\0\0\0~ƦML@n@Zk,@',0,'jkpg'),
(345,1,1,50,'2023-01-22 12:18:38',NULL,0,'\0\0\0\0\0\0\0bOL@j\"1-c,@',0,'jkpg'),
(346,1,1,81,'2023-01-22 12:18:38',NULL,0,'\0\0\0\0\0\0\0@PL@59fE,@',0,'jkpg'),
(347,1,1,55,'2023-01-22 12:18:38',NULL,0,'\0\0\0\0\0\0\0HL@sfNu,@',0,'jkpg'),
(348,1,1,86,'2023-01-22 12:18:38',NULL,0,'\0\0\0\0\0\0\09BL@LKRik,@',0,'jkpg'),
(349,1,1,52,'2023-01-22 12:18:38',NULL,0,'\0\0\0\0\0\0\0m.M@ų2@',0,'sthlm'),
(350,1,1,75,'2023-01-22 12:18:38',NULL,0,'\0\0\0\0\0\0\0]j>M@yh@2@',0,'sthlm'),
(351,1,1,49,'2023-01-22 12:18:38',NULL,0,'\0\0\0\0\0\0\0EѻM@i2@',0,'sthlm'),
(352,1,1,76,'2023-01-22 12:18:38',NULL,0,'\0\0\0\0\0\0\0O~<M@u3_2@',0,'sthlm'),
(353,1,1,51,'2023-01-22 12:18:38',NULL,0,'\0\0\0\0\0\0\0\rM@CBMy2@',0,'sthlm'),
(354,1,1,97,'2023-01-22 12:18:38',NULL,0,'\0\0\0\0\0\0\0u}TM@?2@',0,'sthlm'),
(355,1,1,61,'2023-01-22 12:18:38',NULL,0,'\0\0\0\0\0\0\0M@d,\n2@',0,'sthlm'),
(356,1,1,84,'2023-01-22 12:18:38',NULL,0,'\0\0\0\0\0\0\0(bM@ᅄ2@',0,'sthlm'),
(357,1,1,59,'2023-01-22 12:18:38',NULL,0,'\0\0\0\0\0\0\0m\\M@l,2@',0,'sthlm'),
(358,1,1,83,'2023-01-22 12:18:38',NULL,0,'\0\0\0\0\0\0\0x\nM@๵2@',0,'sthlm'),
(359,1,1,66,'2023-01-22 12:18:38',NULL,0,'\0\0\0\0\0\0\0e]M@0m2@',0,'sthlm'),
(360,1,1,58,'2023-01-22 12:18:38',NULL,0,'\0\0\0\0\0\0\0/q`ɫM@yD\Z5U2@',0,'sthlm'),
(361,1,1,50,'2023-01-22 12:18:38',NULL,0,'\0\0\0\0\0\0\0~Q,M@wT\n2@',0,'sthlm'),
(362,1,1,47,'2023-01-22 12:18:38',NULL,0,'\0\0\0\0\0\0\0^өM@5v$2@',0,'sthlm'),
(363,1,1,51,'2023-01-22 12:18:38',NULL,0,'\0\0\0\0\0\0\0ʽ~M@{2@',0,'sthlm'),
(364,1,1,72,'2023-01-22 12:18:38',NULL,0,'\0\0\0\0\0\0\0M@Ase2@',0,'sthlm'),
(365,1,1,49,'2023-01-22 12:18:38',NULL,0,'\0\0\0\0\0\0\0>{\\M@t2@',0,'sthlm'),
(366,1,1,91,'2023-01-22 12:18:38',NULL,0,'\0\0\0\0\0\0\0bM@L	2@',0,'sthlm'),
(367,1,1,42,'2023-01-22 12:18:38',NULL,0,'\0\0\0\0\0\0\0dUAM@`\Z2@',0,'sthlm'),
(368,1,1,84,'2023-01-22 12:18:38',NULL,0,'\0\0\0\0\0\0\0gM@2@',0,'sthlm'),
(369,1,1,78,'2023-01-22 12:18:38',NULL,0,'\0\0\0\0\0\0\04M@	z\\O2@',0,'sthlm'),
(370,1,1,99,'2023-01-22 12:18:38',NULL,0,'\0\0\0\0\0\0\0T0M@n2@',0,'sthlm'),
(371,1,1,65,'2023-01-22 12:18:38',NULL,0,'\0\0\0\0\0\0\0:-;M@)062@',0,'sthlm'),
(372,1,1,97,'2023-01-22 12:18:38',NULL,0,'\0\0\0\0\0\0\0Ck6M@,sR2@',0,'sthlm'),
(373,1,1,64,'2023-01-22 12:18:38',NULL,0,'\0\0\0\0\0\0\0Dr0M@^x 2@',0,'sthlm'),
(374,1,1,99,'2023-01-22 12:18:38',NULL,0,'\0\0\0\0\0\0\0˸(ާM@\"Z2@',0,'sthlm'),
(375,1,1,88,'2023-01-22 12:18:38',NULL,0,'\0\0\0\0\0\0\0gMM@q2@',0,'sthlm'),
(376,1,1,41,'2023-01-22 12:18:38',NULL,0,'\0\0\0\0\0\0\0g,,rM@\Zb_A32@',0,'sthlm'),
(377,1,1,78,'2023-01-22 12:18:38',NULL,0,'\0\0\0\0\0\0\0IM@ev\r2@',0,'sthlm'),
(378,1,1,53,'2023-01-22 12:18:38',NULL,0,'\0\0\0\0\0\0\0ekM@Q~2@',0,'sthlm'),
(379,1,1,48,'2023-01-22 12:18:38',NULL,0,'\0\0\0\0\0\0\0KubM@\";2@',0,'sthlm'),
(380,1,1,87,'2023-01-22 12:18:38',NULL,0,'\0\0\0\0\0\0\0Tt&M@2@',0,'sthlm'),
(381,1,1,62,'2023-01-22 12:18:38',NULL,0,'\0\0\0\0\0\0\0)M@q{2@',0,'sthlm'),
(382,1,1,96,'2023-01-22 12:18:38',NULL,0,'\0\0\0\0\0\0\0Ey.M@&2@',0,'sthlm'),
(383,1,1,68,'2023-01-22 12:18:38',NULL,0,'\0\0\0\0\0\0\0_M@\"2@',0,'sthlm'),
(384,1,1,91,'2023-01-22 12:18:38',NULL,0,'\0\0\0\0\0\0\05EFYM@C2@',0,'sthlm'),
(385,1,1,44,'2023-01-22 12:18:38',NULL,0,'\0\0\0\0\0\0\0GVrM@ϒo872@',0,'sthlm'),
(386,1,1,69,'2023-01-22 12:18:38',NULL,0,'\0\0\0\0\0\0\0,RM@dۺ2@',0,'sthlm'),
(387,1,1,75,'2023-01-22 12:18:38',NULL,0,'\0\0\0\0\0\0\0-Y\'ޫM@k F2@',0,'sthlm'),
(388,1,1,58,'2023-01-22 12:18:38',NULL,0,'\0\0\0\0\0\0\0uQjlM@*L2@',0,'sthlm'),
(389,1,1,83,'2023-01-22 12:18:38',NULL,0,'\0\0\0\0\0\0\0wvM@A2@',0,'sthlm'),
(390,1,1,67,'2023-01-22 12:18:38',NULL,0,'\0\0\0\0\0\0\0O;M@U]$k2@',0,'sthlm'),
(391,1,1,49,'2023-01-22 12:18:38',NULL,0,'\0\0\0\0\0\0\0$\nM@m +2@',0,'sthlm'),
(392,1,1,71,'2023-01-22 12:18:38',NULL,0,'\0\0\0\0\0\0\0SM@#2@',0,'sthlm'),
(393,1,1,99,'2023-01-22 12:18:38',NULL,0,'\0\0\0\0\0\0\0ɕM@}2@',0,'sthlm'),
(394,1,1,95,'2023-01-22 12:18:38',NULL,0,'\0\0\0\0\0\0\0u8\nM@LV2@',0,'sthlm'),
(395,1,1,89,'2023-01-22 12:18:38',NULL,0,'\0\0\0\0\0\0\0hOfM@{th2@',0,'sthlm'),
(396,1,1,40,'2023-01-22 12:18:38',NULL,0,'\0\0\0\0\0\0\0, ހM@= 2@',0,'sthlm'),
(397,1,1,95,'2023-01-22 12:18:38',NULL,0,'\0\0\0\0\0\0\0)eM@yy2@',0,'sthlm'),
(398,1,1,69,'2023-01-22 12:18:38',NULL,0,'\0\0\0\0\0\0\0w\'ĬM@t.V2@',0,'sthlm'),
(399,1,1,80,'2023-01-22 12:18:38',NULL,0,'\0\0\0\0\0\0\0Ȏ_M@xY2@',0,'sthlm'),
(400,1,1,43,'2023-01-22 12:18:38',NULL,0,'\0\0\0\0\0\0\0*\n_ѧM@.2@',0,'sthlm'),
(401,1,1,90,'2023-01-22 12:18:38',NULL,0,'\0\0\0\0\0\0\0PM@]ŲG2@',0,'sthlm'),
(402,1,1,89,'2023-01-22 12:18:38',NULL,0,'\0\0\0\0\0\0\0XMM@C2@',0,'sthlm'),
(403,1,1,41,'2023-01-22 12:18:38',NULL,0,'\0\0\0\0\0\0\0@E2M@92@',0,'sthlm'),
(404,1,1,54,'2023-01-22 12:18:38',NULL,0,'\0\0\0\0\0\0\0lM@FA`2@',0,'sthlm'),
(405,1,1,58,'2023-01-22 12:18:38',NULL,0,'\0\0\0\0\0\0\0׌qìM@2@',0,'sthlm'),
(406,1,1,90,'2023-01-22 12:18:38',NULL,0,'\0\0\0\0\0\0\0\rjM@γɛr2@',0,'sthlm'),
(407,1,1,74,'2023-01-22 12:18:38',NULL,0,'\0\0\0\0\0\0\0bM@2@',0,'sthlm'),
(408,1,1,95,'2023-01-22 12:18:38',NULL,0,'\0\0\0\0\0\0\0NM@kR2@',0,'sthlm'),
(409,1,1,92,'2023-01-22 12:18:38',NULL,0,'\0\0\0\0\0\0\0~eM@4YP42@',0,'sthlm'),
(410,1,1,60,'2023-01-22 12:18:38',NULL,0,'\0\0\0\0\0\0\0z&M@UA2@',0,'sthlm'),
(411,1,1,93,'2023-01-22 12:18:38',NULL,0,'\0\0\0\0\0\0\0ۑRM@1mx\r2@',0,'sthlm'),
(412,1,1,64,'2023-01-22 12:18:38',NULL,0,'\0\0\0\0\0\0\0Q]k9M@	=2@',0,'sthlm'),
(413,1,1,67,'2023-01-22 12:18:38',NULL,0,'\0\0\0\0\0\0\0Ri!M@d\r2@',0,'sthlm'),
(414,1,1,45,'2023-01-22 12:18:38',NULL,0,'\0\0\0\0\0\0\0jM@L2@',0,'sthlm'),
(415,1,1,80,'2023-01-22 12:18:38',NULL,0,'\0\0\0\0\0\0\0MJM@֛zU2@',0,'sthlm'),
(416,1,1,87,'2023-01-22 12:18:38',NULL,0,'\0\0\0\0\0\0\0UYSTM@?2@',0,'sthlm'),
(417,1,1,53,'2023-01-22 12:18:38',NULL,0,'\0\0\0\0\0\0\0TOM@]V*2@',0,'sthlm'),
(418,1,1,48,'2023-01-22 12:18:38',NULL,0,'\0\0\0\0\0\0\0ZM@µn2@',0,'sthlm'),
(419,1,1,40,'2023-01-22 12:18:38',NULL,0,'\0\0\0\0\0\0\0}M@#J02@',0,'sthlm'),
(420,1,1,70,'2023-01-22 12:18:38',NULL,0,'\0\0\0\0\0\0\0pFy	.M@a2@',0,'sthlm'),
(421,1,1,40,'2023-01-22 12:18:38',NULL,0,'\0\0\0\0\0\0\0]M@3Yw2@',0,'sthlm'),
(422,1,1,82,'2023-01-22 12:18:38',NULL,0,'\0\0\0\0\0\0\0E\'yM@%2@',0,'sthlm'),
(423,1,1,80,'2023-01-22 12:18:38',NULL,0,'\0\0\0\0\0\0\0FRuM@^\r2@',0,'sthlm'),
(424,1,1,93,'2023-01-22 12:18:38',NULL,0,'\0\0\0\0\0\0\0ܫM@V<362@',0,'sthlm'),
(425,1,1,86,'2023-01-22 12:18:38',NULL,0,'\0\0\0\0\0\0\0/rM@7M*[2@',0,'sthlm'),
(426,1,1,54,'2023-01-22 12:18:38',NULL,0,'\0\0\0\0\0\0\0ilM@b22@',0,'sthlm'),
(427,1,1,50,'2023-01-22 12:18:38',NULL,0,'\0\0\0\0\0\0\07eEMҪM@RM2@',0,'sthlm'),
(428,1,1,58,'2023-01-22 12:18:38',NULL,0,'\0\0\0\0\0\0\0#Cg\rM@4+&2@',0,'sthlm'),
(429,1,1,58,'2023-01-22 12:18:38',NULL,0,'\0\0\0\0\0\0\0F7,M@YE۟2@',0,'sthlm'),
(430,1,1,73,'2023-01-22 12:18:38',NULL,0,'\0\0\0\0\0\0\0WtRM@X+2@',0,'sthlm'),
(431,1,1,88,'2023-01-22 12:18:38',NULL,0,'\0\0\0\0\0\0\0hM@LgJZ02@',0,'sthlm'),
(432,1,1,83,'2023-01-22 12:18:38',NULL,0,'\0\0\0\0\0\0\0gɦM@$B02@',0,'sthlm'),
(433,1,1,56,'2023-01-22 12:18:38',NULL,0,'\0\0\0\0\0\0\0;yM@XH7ې2@',0,'sthlm'),
(434,1,1,97,'2023-01-22 12:18:38',NULL,0,'\0\0\0\0\0\0\0\"M@	2@',0,'sthlm'),
(435,1,1,72,'2023-01-22 12:18:38',NULL,0,'\0\0\0\0\0\0\0L]̪M@At`}\Z2@',0,'sthlm'),
(436,1,1,54,'2023-01-22 12:18:38',NULL,0,'\0\0\0\0\0\0\0M@r9.T2@',0,'sthlm'),
(437,1,1,94,'2023-01-22 12:18:38',NULL,0,'\0\0\0\0\0\0\0`M@?#R	2@',0,'sthlm'),
(438,1,1,88,'2023-01-22 12:18:38',NULL,0,'\0\0\0\0\0\0\0M@ZM2@',0,'sthlm'),
(439,1,1,87,'2023-01-22 12:18:38',NULL,0,'\0\0\0\0\0\0\0tM@̈́2@',0,'sthlm'),
(440,1,1,45,'2023-01-22 12:18:38',NULL,0,'\0\0\0\0\0\0\0)\n(M@NC\'2@',0,'sthlm'),
(441,1,1,58,'2023-01-22 12:18:38',NULL,0,'\0\0\0\0\0\0\0k\'YM@D2@',0,'sthlm'),
(442,1,1,43,'2023-01-22 12:18:38',NULL,0,'\0\0\0\0\0\0\0ߺM@v߅2@',0,'sthlm'),
(443,1,1,83,'2023-01-22 12:18:38',NULL,0,'\0\0\0\0\0\0\0T=M@g\'2@',0,'sthlm'),
(444,1,1,81,'2023-01-22 12:18:38',NULL,0,'\0\0\0\0\0\0\0uIM@`2@',0,'sthlm'),
(445,1,1,68,'2023-01-22 12:18:38',NULL,0,'\0\0\0\0\0\0\0$dM@3X\r2@',0,'sthlm'),
(446,1,1,99,'2023-01-22 12:18:38',NULL,0,'\0\0\0\0\0\0\0SM@\0f5\r2@',0,'sthlm'),
(447,1,1,62,'2023-01-22 12:18:38',NULL,0,'\0\0\0\0\0\0\0j&(6M@ܝ#\r2@',0,'sthlm'),
(448,1,1,78,'2023-01-22 12:18:38',NULL,0,'\0\0\0\0\0\0\0dM@Ok^2@',0,'sthlm'),
(449,1,1,53,'2023-01-22 12:18:38',NULL,0,'\0\0\0\0\0\0\0g*M@	2@',0,'sthlm'),
(450,1,1,60,'2023-01-22 12:18:38',NULL,0,'\0\0\0\0\0\0\0IM@2@',0,'sthlm'),
(451,1,1,48,'2023-01-22 12:18:38',NULL,0,'\0\0\0\0\0\0\0\Zn\"M@\'QI2@',0,'sthlm'),
(452,1,1,54,'2023-01-22 12:18:38',NULL,0,'\0\0\0\0\0\0\0J/єM@։R3V2@',0,'sthlm'),
(453,1,1,64,'2023-01-22 12:18:38',NULL,0,'\0\0\0\0\0\0\0Wނ:M@k2@',0,'sthlm'),
(454,1,1,62,'2023-01-22 12:18:38',NULL,0,'\0\0\0\0\0\0\0ǺlM@ċд2@',0,'sthlm'),
(455,1,1,91,'2023-01-22 12:18:38',NULL,0,'\0\0\0\0\0\0\0	JM@xy72@',0,'sthlm'),
(456,1,1,82,'2023-01-22 12:18:38',NULL,0,'\0\0\0\0\0\0\0 M@M2@',0,'sthlm'),
(457,1,1,65,'2023-01-22 12:18:38',NULL,0,'\0\0\0\0\0\0\0oاM@[Cͺ2@',0,'sthlm'),
(458,1,1,46,'2023-01-22 12:18:38',NULL,0,'\0\0\0\0\0\0\0S]M@+)J<W2@',0,'sthlm'),
(459,1,1,80,'2023-01-22 12:18:38',NULL,0,'\0\0\0\0\0\0\0\rM@4I1\Z2@',0,'sthlm'),
(460,1,1,62,'2023-01-22 12:18:38',NULL,0,'\0\0\0\0\0\0\0p\0ĬM@}X02@',0,'sthlm'),
(461,1,1,63,'2023-01-22 12:18:38',NULL,0,'\0\0\0\0\0\0\00zM@}wpԭ2@',0,'sthlm'),
(462,1,1,45,'2023-01-22 12:18:38',NULL,0,'\0\0\0\0\0\0\0dmM@4_2@',0,'sthlm'),
(463,1,1,95,'2023-01-22 12:18:38',NULL,0,'\0\0\0\0\0\0\0iͨM@!Ch2@',0,'sthlm'),
(464,1,1,41,'2023-01-22 12:18:38',NULL,0,'\0\0\0\0\0\0\0׹(M@xj\r2@',0,'sthlm'),
(465,1,1,55,'2023-01-22 12:18:38',NULL,0,'\0\0\0\0\0\0\05M@^tGN2@',0,'sthlm'),
(466,1,1,78,'2023-01-22 12:18:38',NULL,0,'\0\0\0\0\0\0\0rY<~M@cj{2@',0,'sthlm'),
(467,1,1,83,'2023-01-22 12:18:38',NULL,0,'\0\0\0\0\0\0\0eQ)1M@Lg2@',0,'sthlm'),
(468,1,1,53,'2023-01-22 12:18:38',NULL,0,'\0\0\0\0\0\0\0i³M@z2@',0,'sthlm'),
(469,1,1,97,'2023-01-22 12:18:38',NULL,0,'\0\0\0\0\0\0\0MM@1@',0,'sthlm'),
(470,1,1,83,'2023-01-22 12:18:38',NULL,0,'\0\0\0\0\0\0\0&ᘪM@=ڗ2@',0,'sthlm'),
(471,1,1,88,'2023-01-22 12:18:38',NULL,0,'\0\0\0\0\0\0\0K@զM@ؤ2@',0,'sthlm'),
(472,1,1,94,'2023-01-22 12:18:38',NULL,0,'\0\0\0\0\0\0\0OݨM@f	2@',0,'sthlm'),
(473,1,1,90,'2023-01-22 12:18:38',NULL,0,'\0\0\0\0\0\0\0\nM@WL\n2@',0,'sthlm'),
(474,1,1,63,'2023-01-22 12:18:38',NULL,0,'\0\0\0\0\0\0\0VתM@f2@',0,'sthlm'),
(475,1,1,90,'2023-01-22 12:18:38',NULL,0,'\0\0\0\0\0\0\0%^M@da~m}\r2@',0,'sthlm'),
(476,1,1,51,'2023-01-22 12:18:38',NULL,0,'\0\0\0\0\0\0\0| M@l\Z2@',0,'sthlm'),
(477,1,1,62,'2023-01-22 12:18:38',NULL,0,'\0\0\0\0\0\0\0M]M@:(\Z2@',0,'sthlm'),
(478,1,1,57,'2023-01-22 12:18:38',NULL,0,'\0\0\0\0\0\0\0>K.-M@A$\Z2@',0,'sthlm'),
(479,1,1,60,'2023-01-22 12:18:38',NULL,0,'\0\0\0\0\0\0\0/M@!D/2@',0,'sthlm'),
(480,1,1,94,'2023-01-22 12:18:38',NULL,0,'\0\0\0\0\0\0\0GbM@xX2@',0,'sthlm'),
(481,1,1,40,'2023-01-22 12:18:38',NULL,0,'\0\0\0\0\0\0\0E@M@-8+2@',0,'sthlm'),
(482,1,1,73,'2023-01-22 12:18:38',NULL,0,'\0\0\0\0\0\0\0i\\M@N]	2@',0,'sthlm'),
(483,1,1,51,'2023-01-22 12:18:38',NULL,0,'\0\0\0\0\0\0\0uM@c2@',0,'sthlm'),
(484,1,1,92,'2023-01-22 12:18:38',NULL,0,'\0\0\0\0\0\0\0eM@1ɺ2@',0,'sthlm'),
(485,1,1,82,'2023-01-22 12:18:38',NULL,0,'\0\0\0\0\0\0\0u_xM@nP2@',0,'sthlm'),
(486,1,1,68,'2023-01-22 12:18:38',NULL,0,'\0\0\0\0\0\0\0Y2+M@=MU2@',0,'sthlm'),
(487,1,1,97,'2023-01-22 12:18:38',NULL,0,'\0\0\0\0\0\0\02/AM@2@',0,'sthlm'),
(488,1,1,69,'2023-01-22 12:18:38',NULL,0,'\0\0\0\0\0\0\0CdM@Lnv2@',0,'sthlm'),
(489,1,1,71,'2023-01-22 12:18:38',NULL,0,'\0\0\0\0\0\0\0?!M@m62@',0,'sthlm'),
(490,1,1,84,'2023-01-22 12:18:38',NULL,0,'\0\0\0\0\0\0\0)Q .M@SJ2@',0,'sthlm'),
(491,1,1,92,'2023-01-22 12:18:38',NULL,0,'\0\0\0\0\0\0\0n|@M@f\">2@',0,'sthlm'),
(492,1,1,53,'2023-01-22 12:18:38',NULL,0,'\0\0\0\0\0\0\0M@4os2@',0,'sthlm'),
(493,1,1,72,'2023-01-22 12:18:38',NULL,0,'\0\0\0\0\0\0\0M@h2@',0,'sthlm'),
(494,1,1,88,'2023-01-22 12:18:38',NULL,0,'\0\0\0\0\0\0\0u+M@o\r5\"2@',0,'sthlm'),
(495,1,1,96,'2023-01-22 12:18:38',NULL,0,'\0\0\0\0\0\0\0smM@6WG2@',0,'sthlm'),
(496,1,1,93,'2023-01-22 12:18:38',NULL,0,'\0\0\0\0\0\0\0)7M@ǾZW2@',0,'sthlm'),
(497,1,1,96,'2023-01-22 12:18:38',NULL,0,'\0\0\0\0\0\0\0?5bM@y|ֳ2@',0,'sthlm'),
(498,1,1,65,'2023-01-22 12:18:38',NULL,0,'\0\0\0\0\0\0\0M@l\r2@',0,'sthlm'),
(499,1,1,42,'2023-01-22 12:18:38',NULL,0,'\0\0\0\0\0\0\0*M@:A\n2@',0,'sthlm'),
(500,1,1,91,'2023-01-22 12:18:38',NULL,0,'\0\0\0\0\0\0\0wpmM@Xp2@',0,'sthlm'),
(501,1,1,51,'2023-01-22 12:18:38',NULL,0,'\0\0\0\0\0\0\0xxM@W2@',0,'sthlm'),
(502,1,1,40,'2023-01-22 12:18:38',NULL,0,'\0\0\0\0\0\0\0EM@\\\'`E2@',0,'sthlm'),
(503,1,1,55,'2023-01-22 12:18:38',NULL,0,'\0\0\0\0\0\0\0cM@AE?2@',0,'sthlm'),
(504,1,1,59,'2023-01-22 12:18:38',NULL,0,'\0\0\0\0\0\0\0zWM@(AT+2@',0,'sthlm'),
(505,1,1,52,'2023-01-22 12:18:38',NULL,0,'\0\0\0\0\0\0\0<:M@E(y2@',0,'sthlm'),
(506,1,1,64,'2023-01-22 12:18:38',NULL,0,'\0\0\0\0\0\0\0EM@?e2@',0,'sthlm'),
(507,1,1,58,'2023-01-22 12:18:38',NULL,0,'\0\0\0\0\0\0\0çM@O*E2@',0,'sthlm'),
(508,1,1,81,'2023-01-22 12:18:38',NULL,0,'\0\0\0\0\0\0\0]%M@I{j2@',0,'sthlm'),
(509,1,1,98,'2023-01-22 12:18:38',NULL,0,'\0\0\0\0\0\0\0%`M@gWd2@',0,'sthlm'),
(510,1,1,64,'2023-01-22 12:18:38',NULL,0,'\0\0\0\0\0\0\0=M@2@',0,'sthlm'),
(511,1,1,73,'2023-01-22 12:18:38',NULL,0,'\0\0\0\0\0\0\0X=2M@2@',0,'sthlm'),
(512,1,1,89,'2023-01-22 12:18:38',NULL,0,'\0\0\0\0\0\0\0ʬM@\Z\Z2@',0,'sthlm'),
(513,1,1,62,'2023-01-22 12:18:38',NULL,0,'\0\0\0\0\0\0\0< M@d\'^2@',0,'sthlm'),
(514,1,1,44,'2023-01-22 12:18:38',NULL,0,'\0\0\0\0\0\0\09HgQM@h~k2@',0,'sthlm'),
(515,1,1,83,'2023-01-22 12:18:38',NULL,0,'\0\0\0\0\0\0\0%fM@i2@',0,'sthlm'),
(516,1,1,57,'2023-01-22 12:18:38',NULL,0,'\0\0\0\0\0\0\0TM@[w2@',0,'sthlm'),
(517,1,1,84,'2023-01-22 12:18:38',NULL,0,'\0\0\0\0\0\0\0IqīM@y7h\Z2@',0,'sthlm'),
(518,1,1,74,'2023-01-22 12:18:38',NULL,0,'\0\0\0\0\0\0\0ډ1M@ūc2@',0,'sthlm'),
(519,1,1,91,'2023-01-22 12:18:38',NULL,0,'\0\0\0\0\0\0\0ާM@ M]2@',0,'sthlm'),
(520,1,1,75,'2023-01-22 12:18:38',NULL,0,'\0\0\0\0\0\0\0xM@?i02@',0,'sthlm'),
(521,1,1,81,'2023-01-22 12:18:38',NULL,0,'\0\0\0\0\0\0\0\re`MM@0;M2@',0,'sthlm'),
(522,1,1,98,'2023-01-22 12:18:38',NULL,0,'\0\0\0\0\0\0\0fbM@Ja2@',0,'sthlm'),
(523,1,1,90,'2023-01-22 12:18:38',NULL,0,'\0\0\0\0\0\0\0T3M@xW\n2@',0,'sthlm'),
(524,1,1,63,'2023-01-22 12:18:38',NULL,0,'\0\0\0\0\0\0\0{M@)ۥJ2@',0,'sthlm'),
(525,1,1,49,'2023-01-22 12:18:38',NULL,0,'\0\0\0\0\0\0\0*i\nM@xt2@',0,'sthlm'),
(526,1,1,92,'2023-01-22 12:18:38',NULL,0,'\0\0\0\0\0\0\0έCުM@p@[2@',0,'sthlm'),
(527,1,1,57,'2023-01-22 12:18:38',NULL,0,'\0\0\0\0\0\0\0O$M@p\r2@',0,'sthlm'),
(528,1,1,82,'2023-01-22 12:18:38',NULL,0,'\0\0\0\0\0\0\0]\\M@2@',0,'sthlm'),
(529,1,1,63,'2023-01-22 12:18:38',NULL,0,'\0\0\0\0\0\0\0\ZM@eF2@',0,'sthlm'),
(530,1,1,73,'2023-01-22 12:18:38',NULL,0,'\0\0\0\0\0\0\05(M@eS12@',0,'sthlm'),
(531,1,1,60,'2023-01-22 12:18:38',NULL,0,'\0\0\0\0\0\0\0hxȬM@@~\n2@',0,'sthlm'),
(532,1,1,41,'2023-01-22 12:18:38',NULL,0,'\0\0\0\0\0\0\0+<M@72@',0,'sthlm'),
(533,1,1,70,'2023-01-22 12:18:38',NULL,0,'\0\0\0\0\0\0\0q/M@1T[	2@',0,'sthlm'),
(534,1,1,89,'2023-01-22 12:18:38',NULL,0,'\0\0\0\0\0\0\0I\\1M@%2@',0,'sthlm'),
(535,1,1,94,'2023-01-22 12:18:38',NULL,0,'\0\0\0\0\0\0\0\07M@22@',0,'sthlm'),
(536,1,1,56,'2023-01-22 12:18:38',NULL,0,'\0\0\0\0\0\0\0xjzM@YJ2@',0,'sthlm'),
(537,1,1,44,'2023-01-22 12:18:38',NULL,0,'\0\0\0\0\0\0\0.{M@Lm	2@',0,'sthlm'),
(538,1,1,56,'2023-01-22 12:18:38',NULL,0,'\0\0\0\0\0\0\0龣LM@C@|\r2@',0,'sthlm'),
(539,1,1,95,'2023-01-22 12:18:38',NULL,0,'\0\0\0\0\0\0\0.M@Y2@',0,'sthlm'),
(540,1,1,76,'2023-01-22 12:18:38',NULL,0,'\0\0\0\0\0\0\0v&KKM@]2@',0,'sthlm'),
(541,1,1,96,'2023-01-22 12:18:38',NULL,0,'\0\0\0\0\0\0\0zwiLM@\02@',0,'sthlm'),
(542,1,1,92,'2023-01-22 12:18:38',NULL,0,'\0\0\0\0\0\0\0v8M@ż2@',0,'sthlm'),
(543,1,1,54,'2023-01-22 12:18:38',NULL,0,'\0\0\0\0\0\0\0	M@xSt2@',0,'sthlm'),
(544,1,1,66,'2023-01-22 12:18:38',NULL,0,'\0\0\0\0\0\0\0.ykM@m2@',0,'sthlm'),
(545,1,1,62,'2023-01-22 12:18:38',NULL,0,'\0\0\0\0\0\0\00ⴵM@W2@',0,'sthlm'),
(546,1,1,75,'2023-01-22 12:18:38',NULL,0,'\0\0\0\0\0\0\0nM@&|2@',0,'sthlm'),
(547,1,1,92,'2023-01-22 12:18:38',NULL,0,'\0\0\0\0\0\0\0{M@yk5\"2@',0,'sthlm'),
(548,1,1,94,'2023-01-22 12:18:38',NULL,0,'\0\0\0\0\0\0\0[M@J2@',0,'sthlm'),
(549,1,1,67,'2023-01-22 12:18:38',NULL,0,'\0\0\0\0\0\0\0M@Gk2@',0,'sthlm'),
(550,1,1,59,'2023-01-22 12:18:38',NULL,0,'\0\0\0\0\0\0\0T(؝}M@TOX2@',0,'sthlm'),
(551,1,1,78,'2023-01-22 12:18:38',NULL,0,'\0\0\0\0\0\0\0EkSM@_-2@',0,'sthlm'),
(552,1,1,50,'2023-01-22 12:18:38',NULL,0,'\0\0\0\0\0\0\0-~ҨM@/zV(2@',0,'sthlm'),
(553,1,1,84,'2023-01-22 12:18:38',NULL,0,'\0\0\0\0\0\0\01%?uM@K2@',0,'sthlm'),
(554,1,1,97,'2023-01-22 12:18:38',NULL,0,'\0\0\0\0\0\0\0Et*M@C12@',0,'sthlm'),
(555,1,1,44,'2023-01-22 12:18:38',NULL,0,'\0\0\0\0\0\0\0\r+M@Zto12@',0,'sthlm'),
(556,1,1,58,'2023-01-22 12:18:38',NULL,0,'\0\0\0\0\0\0\0LzfM@v¼	2@',0,'sthlm'),
(557,1,1,69,'2023-01-22 12:18:38',NULL,0,'\0\0\0\0\0\0\0O;ѫM@-ա\n2@',0,'sthlm'),
(558,1,1,68,'2023-01-22 12:18:38',NULL,0,'\0\0\0\0\0\0\0M@y^|2@',0,'sthlm'),
(559,1,1,45,'2023-01-22 12:18:38',NULL,0,'\0\0\0\0\0\0\0UӪM@\Z2@',0,'sthlm'),
(560,1,1,94,'2023-01-22 12:18:38',NULL,0,'\0\0\0\0\0\0\0/a`M@s|2@',0,'sthlm'),
(561,1,1,99,'2023-01-22 12:18:38',NULL,0,'\0\0\0\0\0\0\0E<M@Q7>2@',0,'sthlm'),
(562,1,1,91,'2023-01-22 12:18:38',NULL,0,'\0\0\0\0\0\0\0%~ M@\r2@',0,'sthlm'),
(563,1,1,96,'2023-01-22 12:18:38',NULL,0,'\0\0\0\0\0\0\0T\\n\rM@WL\n2@',0,'sthlm'),
(564,1,1,63,'2023-01-22 12:18:38',NULL,0,'\0\0\0\0\0\0\0\rM@uJ)\n2@',0,'sthlm'),
(565,1,1,47,'2023-01-22 12:18:38',NULL,0,'\0\0\0\0\0\0\0#өM@yk2@',0,'sthlm'),
(566,1,1,56,'2023-01-22 12:18:38',NULL,0,'\0\0\0\0\0\0\0H[M@Uz12@',0,'sthlm'),
(567,1,1,47,'2023-01-22 12:18:38',NULL,0,'\0\0\0\0\0\0\0M@n	2@',0,'sthlm'),
(568,1,1,52,'2023-01-22 12:18:38',NULL,0,'\0\0\0\0\0\0\0sM@N2@',0,'sthlm'),
(569,1,1,90,'2023-01-22 12:18:38',NULL,0,'\0\0\0\0\0\0\0C7M@Pawx2@',0,'sthlm'),
(570,1,1,70,'2023-01-22 12:18:38',NULL,0,'\0\0\0\0\0\0\0ګM@T|}\n2@',0,'sthlm'),
(571,1,1,98,'2023-01-22 12:18:38',NULL,0,'\0\0\0\0\0\0\0aJM@k#2@',0,'sthlm'),
(572,1,1,48,'2023-01-22 12:18:38',NULL,0,'\0\0\0\0\0\0\0P8jM@(2@',0,'sthlm'),
(573,1,1,61,'2023-01-22 12:18:38',NULL,0,'\0\0\0\0\0\0\0|4&jM@c\02@',0,'sthlm'),
(574,1,1,80,'2023-01-22 12:18:38',NULL,0,'\0\0\0\0\0\0\0?t1oM@Ao2@',0,'sthlm'),
(575,1,1,83,'2023-01-22 12:18:38',NULL,0,'\0\0\0\0\0\0\0$uM@	2@',0,'sthlm'),
(576,1,1,71,'2023-01-22 12:18:38',NULL,0,'\0\0\0\0\0\0\0xJZ~M@<2@',0,'sthlm'),
(577,1,1,54,'2023-01-22 12:18:38',NULL,0,'\0\0\0\0\0\0\0C͹M@32@',0,'sthlm'),
(578,1,1,46,'2023-01-22 12:18:38',NULL,0,'\0\0\0\0\0\0\0AT)tM@\'%2@',0,'sthlm'),
(579,1,1,51,'2023-01-22 12:18:38',NULL,0,'\0\0\0\0\0\0\0FM@d2@',0,'sthlm'),
(580,1,1,80,'2023-01-22 12:18:38',NULL,0,'\0\0\0\0\0\0\0\0M@}T2@',0,'sthlm'),
(581,1,1,93,'2023-01-22 12:18:38',NULL,0,'\0\0\0\0\0\0\0osM@|a2@',0,'sthlm'),
(582,1,1,93,'2023-01-22 12:18:38',NULL,0,'\0\0\0\0\0\0\0.JSM@-52@',0,'sthlm'),
(583,1,1,78,'2023-01-22 12:18:38',NULL,0,'\0\0\0\0\0\0\0cM@;7ו2@',0,'sthlm'),
(584,1,1,69,'2023-01-22 12:18:38',NULL,0,'\0\0\0\0\0\0\0C8M@堗2@',0,'sthlm'),
(585,1,1,84,'2023-01-22 12:18:38',NULL,0,'\0\0\0\0\0\0\0L\\M@\\2@',0,'sthlm'),
(586,1,1,59,'2023-01-22 12:18:38',NULL,0,'\0\0\0\0\0\0\0)M@&2@',0,'sthlm'),
(587,1,1,94,'2023-01-22 12:18:38',NULL,0,'\0\0\0\0\0\0\0Z{M@N\n2@',0,'sthlm'),
(588,1,1,57,'2023-01-22 12:18:38',NULL,0,'\0\0\0\0\0\0\0YI,M@\'mh2@',0,'sthlm'),
(589,1,1,70,'2023-01-22 12:18:38',NULL,0,'\0\0\0\0\0\0\0ߛ	ZM@\\K$r2@',0,'sthlm'),
(590,1,1,42,'2023-01-22 12:18:38',NULL,0,'\0\0\0\0\0\0\0hŗاM@pš2@',0,'sthlm'),
(591,1,1,49,'2023-01-22 12:18:38',NULL,0,'\0\0\0\0\0\0\0()RM@!`2@',0,'sthlm'),
(592,1,1,89,'2023-01-22 12:18:38',NULL,0,'\0\0\0\0\0\0\0M@wBW2@',0,'sthlm'),
(593,1,1,55,'2023-01-22 12:18:38',NULL,0,'\0\0\0\0\0\0\0輐DM@ih\02@',0,'sthlm'),
(594,1,1,87,'2023-01-22 12:18:38',NULL,0,'\0\0\0\0\0\0\0\\pM@a02@',0,'sthlm'),
(595,1,1,76,'2023-01-22 12:18:38',NULL,0,'\0\0\0\0\0\0\0z;M@sI\n2@',0,'sthlm'),
(596,1,1,49,'2023-01-22 12:18:38',NULL,0,'\0\0\0\0\0\0\0 beM@,2@',0,'sthlm'),
(597,1,1,64,'2023-01-22 12:18:38',NULL,0,'\0\0\0\0\0\0\0SxM@cy\r2@',0,'sthlm'),
(598,1,1,59,'2023-01-22 12:18:38',NULL,0,'\0\0\0\0\0\0\02M@h2@',0,'sthlm'),
(599,1,1,86,'2023-01-22 12:18:38',NULL,0,'\0\0\0\0\0\0\0@okM@𩤅2@',0,'sthlm'),
(600,1,1,54,'2023-01-22 12:18:38',NULL,0,'\0\0\0\0\0\0\0u!M@\Z̷2@',0,'sthlm'),
(601,1,1,99,'2023-01-22 12:18:38',NULL,0,'\0\0\0\0\0\0\0>yM@2@',0,'sthlm'),
(602,1,1,65,'2023-01-22 12:18:38',NULL,0,'\0\0\0\0\0\0\0OCMM@y%Z2@',0,'sthlm'),
(603,1,1,89,'2023-01-22 12:18:38',NULL,0,'\0\0\0\0\0\0\0M@H۩2@',0,'sthlm'),
(604,1,1,69,'2023-01-22 12:18:38',NULL,0,'\0\0\0\0\0\0\0l%˪M@΍2@',0,'sthlm'),
(605,1,1,65,'2023-01-22 12:18:38',NULL,0,'\0\0\0\0\0\0\0G6M@_x2@',0,'sthlm'),
(606,1,1,63,'2023-01-22 12:18:38',NULL,0,'\0\0\0\0\0\0\0sV9M@k2@',0,'sthlm'),
(607,1,1,65,'2023-01-22 12:18:38',NULL,0,'\0\0\0\0\0\0\0\"`M@J2@',0,'sthlm'),
(608,1,1,73,'2023-01-22 12:18:38',NULL,0,'\0\0\0\0\0\0\0	xM@`7\r2@',0,'sthlm'),
(609,1,1,79,'2023-01-22 12:18:38',NULL,0,'\0\0\0\0\0\0\0/29M@IJ\Z2@',0,'sthlm'),
(610,1,1,98,'2023-01-22 12:18:38',NULL,0,'\0\0\0\0\0\0\0B	&XլM@S2@',0,'sthlm'),
(611,1,1,83,'2023-01-22 12:18:38',NULL,0,'\0\0\0\0\0\0\0ycM@kX>2@',0,'sthlm'),
(612,1,1,71,'2023-01-22 12:18:38',NULL,0,'\0\0\0\0\0\0\0!M@z=up2@',0,'sthlm'),
(613,1,1,59,'2023-01-22 12:18:38',NULL,0,'\0\0\0\0\0\0\0 ŦM@MYW2@',0,'sthlm'),
(614,1,1,49,'2023-01-22 12:18:38',NULL,0,'\0\0\0\0\0\0\0\nOM@2@',0,'sthlm'),
(615,1,1,44,'2023-01-22 12:18:38',NULL,0,'\0\0\0\0\0\0\0\"pZ5M@hbK2@',0,'sthlm'),
(616,1,1,96,'2023-01-22 12:18:38',NULL,0,'\0\0\0\0\0\0\07sڨM@mKPD\"2@',0,'sthlm'),
(617,1,1,75,'2023-01-22 12:18:38',NULL,0,'\0\0\0\0\0\0\0j;,M@,o2@',0,'sthlm'),
(618,1,1,68,'2023-01-22 12:18:38',NULL,0,'\0\0\0\0\0\0\0CIM@Z?2@',0,'sthlm'),
(619,1,1,99,'2023-01-22 12:18:38',NULL,0,'\0\0\0\0\0\0\0,M@-\r2@',0,'sthlm'),
(620,1,1,98,'2023-01-22 12:18:38',NULL,0,'\0\0\0\0\0\0\0DNaM@bWj]2@',0,'sthlm'),
(621,1,1,43,'2023-01-22 12:18:38',NULL,0,'\0\0\0\0\0\0\0S&qM@	2@',0,'sthlm'),
(622,1,1,48,'2023-01-22 12:18:38',NULL,0,'\0\0\0\0\0\0\0aM@|2@',0,'sthlm'),
(623,1,1,51,'2023-01-22 12:18:38',NULL,0,'\0\0\0\0\0\0\0R쉪M@v?2@',0,'sthlm'),
(624,1,1,96,'2023-01-22 12:18:38',NULL,0,'\0\0\0\0\0\0\0%\"M@!ރ_2@',0,'sthlm'),
(625,1,1,57,'2023-01-22 12:18:38',NULL,0,'\0\0\0\0\0\0\0}%O(M@2@',0,'sthlm'),
(626,1,1,75,'2023-01-22 12:18:38',NULL,0,'\0\0\0\0\0\0\0YBM@t\"/@\Z2@',0,'sthlm'),
(627,1,1,100,'2023-01-22 12:18:38',NULL,0,'\0\0\0\0\0\0\0ЪM@Ɇ-2@',0,'sthlm'),
(628,1,1,60,'2023-01-22 12:18:38',NULL,0,'\0\0\0\0\0\0\0yM@lF2@',0,'sthlm'),
(629,1,1,69,'2023-01-22 12:18:38',NULL,0,'\0\0\0\0\0\0\0z\"wM@v7o\n2@',0,'sthlm'),
(630,1,1,85,'2023-01-22 12:18:38',NULL,0,'\0\0\0\0\0\0\0PΌM@(\Z2@',0,'sthlm'),
(631,1,1,45,'2023-01-22 12:18:38',NULL,0,'\0\0\0\0\0\0\0TM@2@',0,'sthlm'),
(632,1,1,95,'2023-01-22 12:18:38',NULL,0,'\0\0\0\0\0\0\0޵(ϩM@\0c`p2@',0,'sthlm'),
(633,1,1,58,'2023-01-22 12:18:38',NULL,0,'\0\0\0\0\0\0\0	BZM@Թ?2@',0,'sthlm'),
(634,1,1,77,'2023-01-22 12:18:38',NULL,0,'\0\0\0\0\0\0\0;~AڪM@/B\rf2@',0,'sthlm'),
(635,1,1,78,'2023-01-22 12:18:38',NULL,0,'\0\0\0\0\0\0\0ؽEpM@K+\r2@',0,'sthlm'),
(636,1,1,75,'2023-01-22 12:18:38',NULL,0,'\0\0\0\0\0\0\0=qM@=-ge2@',0,'sthlm'),
(637,1,1,41,'2023-01-22 12:18:38',NULL,0,'\0\0\0\0\0\0\0~M@brԕ2@',0,'sthlm'),
(638,1,1,75,'2023-01-22 12:18:38',NULL,0,'\0\0\0\0\0\0\0i\"aM@c2@',0,'sthlm'),
(639,1,1,87,'2023-01-22 12:18:38',NULL,0,'\0\0\0\0\0\0\06\"\ZM@.2@',0,'sthlm'),
(640,1,1,88,'2023-01-22 12:18:38',NULL,0,'\0\0\0\0\0\0\0L<tM@nq2@',0,'sthlm'),
(641,1,1,54,'2023-01-22 12:18:38',NULL,0,'\0\0\0\0\0\0\0.6NM@y2@',0,'sthlm'),
(642,1,1,70,'2023-01-22 12:18:38',NULL,0,'\0\0\0\0\0\0\0`NM@]\r2@',0,'sthlm'),
(643,1,1,61,'2023-01-22 12:18:38',NULL,0,'\0\0\0\0\0\0\0+M@7K2@',0,'sthlm'),
(644,1,1,57,'2023-01-22 12:18:38',NULL,0,'\0\0\0\0\0\0\0M@.2@',0,'sthlm'),
(645,1,1,50,'2023-01-22 12:18:38',NULL,0,'\0\0\0\0\0\0\0Q̻M@!\Z2@',0,'sthlm'),
(646,1,1,93,'2023-01-22 12:18:38',NULL,0,'\0\0\0\0\0\0\0_8BM@	W	2@',0,'sthlm'),
(647,1,1,77,'2023-01-22 12:18:38',NULL,0,'\0\0\0\0\0\0\0-r3M@}&+2@',0,'sthlm'),
(648,1,1,82,'2023-01-22 12:18:38',NULL,0,'\0\0\0\0\0\0\0/YM@Y2@',0,'sthlm'),
(649,1,1,100,'2023-01-22 12:18:38',NULL,0,'\0\0\0\0\0\0\0?%M@3C1@',0,'sthlm'),
(650,1,1,70,'2023-01-22 12:18:38',NULL,0,'\0\0\0\0\0\0\0oM@wi=2@',0,'sthlm'),
(651,1,1,94,'2023-01-22 12:18:38',NULL,0,'\0\0\0\0\0\0\0P4M@+WH\r2@',0,'sthlm'),
(652,1,1,93,'2023-01-22 12:18:38',NULL,0,'\0\0\0\0\0\0\0s.M@H\nl2@',0,'sthlm'),
(653,1,1,49,'2023-01-22 12:18:38',NULL,0,'\0\0\0\0\0\0\0N:cM@\Z2@',0,'sthlm'),
(654,1,1,81,'2023-01-22 12:18:38',NULL,0,'\0\0\0\0\0\0\02M@RV2@',0,'sthlm'),
(655,1,1,43,'2023-01-22 12:18:38',NULL,0,'\0\0\0\0\0\0\0{M@ic>2@',0,'sthlm'),
(656,1,1,84,'2023-01-22 12:18:38',NULL,0,'\0\0\0\0\0\0\00 :M@\"f92@',0,'sthlm'),
(657,1,1,83,'2023-01-22 12:18:38',NULL,0,'\0\0\0\0\0\0\0M@G	2@',0,'sthlm'),
(658,1,1,98,'2023-01-22 12:18:38',NULL,0,'\0\0\0\0\0\0\0\'6M@\ru2@',0,'sthlm'),
(659,1,1,44,'2023-01-22 12:18:38',NULL,0,'\0\0\0\0\0\0\0澦M@)\")\02@',0,'sthlm'),
(660,1,1,93,'2023-01-22 12:18:38',NULL,0,'\0\0\0\0\0\0\0<M@#p2@',0,'sthlm'),
(661,1,1,77,'2023-01-22 12:18:38',NULL,0,'\0\0\0\0\0\0\0:gZM@>\n2@',0,'sthlm'),
(662,1,1,94,'2023-01-22 12:18:38',NULL,0,'\0\0\0\0\0\0\0=\0yΧM@EF\r2@',0,'sthlm'),
(663,1,1,99,'2023-01-22 12:18:38',NULL,0,'\0\0\0\0\0\0\0r3&M@R^2@',0,'sthlm'),
(664,1,1,72,'2023-01-22 12:18:38',NULL,0,'\0\0\0\0\0\0\0Z!M@2@',0,'sthlm'),
(665,1,1,78,'2023-01-22 12:18:38',NULL,0,'\0\0\0\0\0\0\0BM@7	2@',0,'sthlm'),
(666,1,1,70,'2023-01-22 12:18:38',NULL,0,'\0\0\0\0\0\0\0ZaM@[T2@',0,'sthlm'),
(667,1,1,67,'2023-01-22 12:18:38',NULL,0,'\0\0\0\0\0\0\0(;aM@O02@',0,'sthlm'),
(668,1,1,85,'2023-01-22 12:18:38',NULL,0,'\0\0\0\0\0\0\0|SSiM@:2@',0,'sthlm'),
(669,1,1,57,'2023-01-22 12:18:38',NULL,0,'\0\0\0\0\0\0\0zM@<2@',0,'sthlm'),
(670,1,1,90,'2023-01-22 12:18:38',NULL,0,'\0\0\0\0\0\0\0EM@G2@',0,'sthlm'),
(671,1,1,99,'2023-01-22 12:18:38',NULL,0,'\0\0\0\0\0\0\0MM@h#\n2@',0,'sthlm'),
(672,1,1,70,'2023-01-22 12:18:38',NULL,0,'\0\0\0\0\0\0\0_M@q߻2@',0,'sthlm'),
(673,1,1,67,'2023-01-22 12:18:38',NULL,0,'\0\0\0\0\0\0\0>5M@m:Nc2@',0,'sthlm'),
(674,1,1,60,'2023-01-22 12:18:38',NULL,0,'\0\0\0\0\0\0\0V©M@#)/AI2@',0,'sthlm'),
(675,1,1,62,'2023-01-22 12:18:38',NULL,0,'\0\0\0\0\0\0\03ëM@`-%2@',0,'sthlm'),
(676,1,1,69,'2023-01-22 12:18:38',NULL,0,'\0\0\0\0\0\0\0d8ԪM@2@',0,'sthlm'),
(677,1,1,55,'2023-01-22 12:18:38',NULL,0,'\0\0\0\0\0\0\0j~M@J\\2@',0,'sthlm'),
(678,1,1,84,'2023-01-22 12:18:38',NULL,0,'\0\0\0\0\0\0\0 #ec,M@R.-2@',0,'sthlm'),
(679,1,1,86,'2023-01-22 12:18:38',NULL,0,'\0\0\0\0\0\0\0b23&tM@K:\n\"2@',0,'sthlm'),
(680,1,1,76,'2023-01-22 12:18:38',NULL,0,'\0\0\0\0\0\0\0pQɨM@KQ	2@',0,'sthlm'),
(681,1,1,82,'2023-01-22 12:18:38',NULL,0,'\0\0\0\0\0\0\0tMSΎM@@2@',0,'sthlm'),
(682,1,1,98,'2023-01-22 12:18:38',NULL,0,'\0\0\0\0\0\0\0i<PM@ U2@',0,'sthlm'),
(683,1,1,94,'2023-01-22 12:18:38',NULL,0,'\0\0\0\0\0\0\0qM@@32@',0,'sthlm'),
(684,1,1,99,'2023-01-22 12:18:38',NULL,0,'\0\0\0\0\0\0\08M@	2@',0,'sthlm'),
(685,1,1,77,'2023-01-22 12:18:38',NULL,0,'\0\0\0\0\0\0\0CM@S&2@',0,'sthlm'),
(686,1,1,90,'2023-01-22 12:18:38',NULL,0,'\0\0\0\0\0\0\0m_|M@\nБ2@',0,'sthlm'),
(687,1,1,89,'2023-01-22 12:18:38',NULL,0,'\0\0\0\0\0\0\0NμM@y<W2@',0,'sthlm'),
(688,1,1,96,'2023-01-22 12:18:38',NULL,0,'\0\0\0\0\0\0\0s`jBM@y2@',0,'sthlm'),
(689,1,1,83,'2023-01-22 12:18:38',NULL,0,'\0\0\0\0\0\0\0X2_M@\n2@',0,'sthlm'),
(690,1,1,72,'2023-01-22 12:18:38',NULL,0,'\0\0\0\0\0\0\0OM@[2@',0,'sthlm'),
(691,1,1,51,'2023-01-22 12:18:38',NULL,0,'\0\0\0\0\0\0\0.M@z2@',0,'sthlm'),
(692,1,1,49,'2023-01-22 12:18:38',NULL,0,'\0\0\0\0\0\0\0M@ )Кx2@',0,'sthlm'),
(693,1,1,68,'2023-01-22 12:18:38',NULL,0,'\0\0\0\0\0\0\00M@VJ&2@',0,'sthlm'),
(694,1,1,75,'2023-01-22 12:18:38',NULL,0,'\0\0\0\0\0\0\0GM@WOcv2@',0,'sthlm'),
(695,1,1,56,'2023-01-22 12:18:38',NULL,0,'\0\0\0\0\0\0\0ߋݫM@d\"\072@',0,'sthlm'),
(696,1,1,53,'2023-01-22 12:18:38',NULL,0,'\0\0\0\0\0\0\0SGgKM@H2@',0,'sthlm'),
(697,1,1,83,'2023-01-22 12:18:38',NULL,0,'\0\0\0\0\0\0\0g\r}M@ᯫ2@',0,'sthlm'),
(698,1,1,87,'2023-01-22 12:18:38',NULL,0,'\0\0\0\0\0\0\0}M@؆2@',0,'sthlm'),
(699,1,1,99,'2023-01-22 12:18:38',NULL,0,'\0\0\0\0\0\0\0|;M@	΅2@',0,'sthlm'),
(700,1,1,54,'2023-01-22 12:18:38',NULL,0,'\0\0\0\0\0\0\0׳uBM@TѼ\Z2@',0,'sthlm'),
(701,1,1,49,'2023-01-22 12:18:38',NULL,0,'\0\0\0\0\0\0\0 ZꛦM@2@',0,'sthlm'),
(702,1,1,59,'2023-01-22 12:18:38',NULL,0,'\0\0\0\0\0\0\02M@gOU2@',0,'sthlm'),
(703,1,1,72,'2023-01-22 12:18:38',NULL,0,'\0\0\0\0\0\0\0l(aM@s:\r2@',0,'sthlm'),
(704,1,1,63,'2023-01-22 12:18:38',NULL,0,'\0\0\0\0\0\0\0X\'5M@I+2@',0,'sthlm'),
(705,1,1,66,'2023-01-22 12:18:38',NULL,0,'\0\0\0\0\0\0\0_q;M@Pz2@',0,'sthlm'),
(706,1,1,50,'2023-01-22 12:18:38',NULL,0,'\0\0\0\0\0\0\0XDM@FV-2@',0,'sthlm'),
(707,1,1,85,'2023-01-22 12:18:38',NULL,0,'\0\0\0\0\0\0\0[ueM@d9\Z82@',0,'sthlm'),
(708,1,1,87,'2023-01-22 12:18:38',NULL,0,'\0\0\0\0\0\0\0TM@Y2@',0,'sthlm'),
(709,1,1,62,'2023-01-22 12:18:38',NULL,0,'\0\0\0\0\0\0\0Z!bM@H2@',0,'sthlm'),
(710,1,1,40,'2023-01-22 12:18:38',NULL,0,'\0\0\0\0\0\0\0dM@IV52@',0,'sthlm'),
(711,1,1,82,'2023-01-22 12:18:38',NULL,0,'\0\0\0\0\0\0\0M@&L\\h2@',0,'sthlm'),
(712,1,1,43,'2023-01-22 12:18:38',NULL,0,'\0\0\0\0\0\0\0D´M@|4ym2@',0,'sthlm'),
(713,1,1,97,'2023-01-22 12:18:38',NULL,0,'\0\0\0\0\0\0\0X7M@2@',0,'sthlm'),
(714,1,1,49,'2023-01-22 12:18:38',NULL,0,'\0\0\0\0\0\0\0ՀM@8\r2@',0,'sthlm'),
(715,1,1,48,'2023-01-22 12:18:38',NULL,0,'\0\0\0\0\0\0\0K\\M@\nR?2@',0,'sthlm'),
(716,1,1,84,'2023-01-22 12:18:38',NULL,0,'\0\0\0\0\0\0\0 V\rM@)wP\"2@',0,'sthlm'),
(717,1,1,73,'2023-01-22 12:18:38',NULL,0,'\0\0\0\0\0\0\0xȔM@?p2@',0,'sthlm'),
(718,1,1,43,'2023-01-22 12:18:38',NULL,0,'\0\0\0\0\0\0\0,M@\ZH\Zt>2@',0,'sthlm'),
(719,1,1,67,'2023-01-22 12:18:38',NULL,0,'\0\0\0\0\0\0\0\0RȪM@p62@',0,'sthlm'),
(720,1,1,64,'2023-01-22 12:18:38',NULL,0,'\0\0\0\0\0\0\0AlڪM@ҁ0D2@',0,'sthlm'),
(721,1,1,95,'2023-01-22 12:18:38',NULL,0,'\0\0\0\0\0\0\0u) ʪM@mW2@',0,'sthlm'),
(722,1,1,93,'2023-01-22 12:18:38',NULL,0,'\0\0\0\0\0\0\0V᳭M@W@72@',0,'sthlm'),
(723,1,1,51,'2023-01-22 12:18:38',NULL,0,'\0\0\0\0\0\0\0kgaM@JEђ2@',0,'sthlm'),
(724,1,1,73,'2023-01-22 12:18:38',NULL,0,'\0\0\0\0\0\0\05bɁM@fZo2@',0,'sthlm'),
(725,1,1,66,'2023-01-22 12:18:38',NULL,0,'\0\0\0\0\0\0\0\rkyM@!,2@',0,'sthlm'),
(726,1,1,87,'2023-01-22 12:18:38',NULL,0,'\0\0\0\0\0\0\0KmM@AM2@',0,'sthlm'),
(727,1,1,55,'2023-01-22 12:18:38',NULL,0,'\0\0\0\0\0\0\0ިM@x-p{2@',0,'sthlm'),
(728,1,1,97,'2023-01-22 12:18:38',NULL,0,'\0\0\0\0\0\0\0aAզM@9c^2@',0,'sthlm'),
(729,1,1,84,'2023-01-22 12:18:38',NULL,0,'\0\0\0\0\0\0\0DM@k%2@',0,'sthlm'),
(730,1,1,94,'2023-01-22 12:18:38',NULL,0,'\0\0\0\0\0\0\0~[M@ \n\r2@',0,'sthlm'),
(731,1,1,100,'2023-01-22 12:18:38',NULL,0,'\0\0\0\0\0\0\0wM@8><:2@',0,'sthlm'),
(732,1,1,47,'2023-01-22 12:18:38',NULL,0,'\0\0\0\0\0\0\0^%M@g\\2@',0,'sthlm'),
(733,1,1,77,'2023-01-22 12:18:38',NULL,0,'\0\0\0\0\0\0\0+M@2@',0,'sthlm'),
(734,1,1,65,'2023-01-22 12:18:38',NULL,0,'\0\0\0\0\0\0\0M@E2@',0,'sthlm'),
(735,1,1,97,'2023-01-22 12:18:38',NULL,0,'\0\0\0\0\0\0\0_svqM@[ER2@',0,'sthlm'),
(736,1,1,67,'2023-01-22 12:18:38',NULL,0,'\0\0\0\0\0\0\0`r0!M@y2@',0,'sthlm'),
(737,1,1,80,'2023-01-22 12:18:38',NULL,0,'\0\0\0\0\0\0\0]DM@{tv2@',0,'sthlm'),
(738,1,1,90,'2023-01-22 12:18:38',NULL,0,'\0\0\0\0\0\0\0.\ZM@eZX2@',0,'sthlm'),
(739,1,1,45,'2023-01-22 12:18:38',NULL,0,'\0\0\0\0\0\0\0-0M@MyC2@',0,'sthlm'),
(740,1,1,91,'2023-01-22 12:18:38',NULL,0,'\0\0\0\0\0\0\0\'<hM@Dz{2@',0,'sthlm'),
(741,1,1,64,'2023-01-22 12:18:38',NULL,0,'\0\0\0\0\0\0\0iM@G2@',0,'sthlm'),
(742,1,1,86,'2023-01-22 12:18:38',NULL,0,'\0\0\0\0\0\0\0wM@\Z2@',0,'sthlm'),
(743,1,1,49,'2023-01-22 12:18:38',NULL,0,'\0\0\0\0\0\0\0l_M@&qR\Z2@',0,'sthlm'),
(744,1,1,46,'2023-01-22 12:18:38',NULL,0,'\0\0\0\0\0\0\03;M@]12@',0,'sthlm'),
(745,1,1,77,'2023-01-22 12:18:38',NULL,0,'\0\0\0\0\0\0\0sM@\'\n2@',0,'sthlm'),
(746,1,1,86,'2023-01-22 12:18:38',NULL,0,'\0\0\0\0\0\0\0 jM@!s2@',0,'sthlm'),
(747,1,1,40,'2023-01-22 12:18:38',NULL,0,'\0\0\0\0\0\0\0K M@$n2@',0,'sthlm'),
(748,1,1,58,'2023-01-22 12:18:38',NULL,0,'\0\0\0\0\0\0\0{M@~D;k2@',0,'sthlm'),
(749,1,1,76,'2023-01-22 12:18:38',NULL,0,'\0\0\0\0\0\0\0M@I\'[2@',0,'sthlm'),
(750,1,1,46,'2023-01-22 12:18:38',NULL,0,'\0\0\0\0\0\0\0A.gM@s2@',0,'sthlm'),
(751,1,1,80,'2023-01-22 12:18:38',NULL,0,'\0\0\0\0\0\0\0\nwM@lGր2@',0,'sthlm'),
(752,1,1,78,'2023-01-22 12:18:38',NULL,0,'\0\0\0\0\0\0\0QߩM@dsN2@',0,'sthlm'),
(753,1,1,61,'2023-01-22 12:18:38',NULL,0,'\0\0\0\0\0\0\0yoM@I2@',0,'sthlm'),
(754,1,1,75,'2023-01-22 12:18:38',NULL,0,'\0\0\0\0\0\0\0v+ƬM@2@',0,'sthlm'),
(755,1,1,96,'2023-01-22 12:18:38',NULL,0,'\0\0\0\0\0\0\0\n#uM@2@',0,'sthlm'),
(756,1,1,61,'2023-01-22 12:18:38',NULL,0,'\0\0\0\0\0\0\0KzM@Kρ2@',0,'sthlm'),
(757,1,1,88,'2023-01-22 12:18:38',NULL,0,'\0\0\0\0\0\0\098M@12@',0,'sthlm'),
(758,1,1,85,'2023-01-22 12:18:38',NULL,0,'\0\0\0\0\0\0\0F8*JM@j~s2@',0,'sthlm'),
(759,1,1,86,'2023-01-22 12:18:38',NULL,0,'\0\0\0\0\0\0\0s]{M@F /\r2@',0,'sthlm'),
(760,1,1,92,'2023-01-22 12:18:38',NULL,0,'\0\0\0\0\0\0\0V.\'M@1@',0,'sthlm'),
(761,1,1,81,'2023-01-22 12:18:38',NULL,0,'\0\0\0\0\0\0\0`BMM@|Ze2@',0,'sthlm'),
(762,1,1,53,'2023-01-22 12:18:38',NULL,0,'\0\0\0\0\0\0\0T*M@gz\Z2@',0,'sthlm'),
(763,1,1,64,'2023-01-22 12:18:38',NULL,0,'\0\0\0\0\0\0\0z.M@͓;2@',0,'sthlm'),
(764,1,1,97,'2023-01-22 12:18:38',NULL,0,'\0\0\0\0\0\0\0M@fE2@',0,'sthlm'),
(765,1,1,48,'2023-01-22 12:18:38',NULL,0,'\0\0\0\0\0\0\06˪M@<\'72@',0,'sthlm'),
(766,1,1,84,'2023-01-22 12:18:38',NULL,0,'\0\0\0\0\0\0\0d;M@C	2@',0,'sthlm'),
(767,1,1,79,'2023-01-22 12:18:38',NULL,0,'\0\0\0\0\0\0\0`wKM@jm2@',0,'sthlm'),
(768,1,1,55,'2023-01-22 12:18:38',NULL,0,'\0\0\0\0\0\0\0w=>M@yv2@',0,'sthlm'),
(769,1,1,61,'2023-01-22 12:18:38',NULL,0,'\0\0\0\0\0\0\0\"FPM@E(o2@',0,'sthlm'),
(770,1,1,85,'2023-01-22 12:18:38',NULL,0,'\0\0\0\0\0\0\0Z iM@dp2@',0,'sthlm'),
(771,1,1,53,'2023-01-22 12:18:38',NULL,0,'\0\0\0\0\0\0\03FLM@R!2@',0,'sthlm'),
(772,1,1,62,'2023-01-22 12:18:38',NULL,0,'\0\0\0\0\0\0\0X\rM@#>[q2@',0,'sthlm'),
(773,1,1,41,'2023-01-22 12:18:38',NULL,0,'\0\0\0\0\0\0\0}M@-M2@',0,'sthlm'),
(774,1,1,89,'2023-01-22 12:18:38',NULL,0,'\0\0\0\0\0\0\0!jcM@m0\02@',0,'sthlm'),
(775,1,1,61,'2023-01-22 12:18:38',NULL,0,'\0\0\0\0\0\0\02fFM@n%i2@',0,'sthlm'),
(776,1,1,67,'2023-01-22 12:18:38',NULL,0,'\0\0\0\0\0\0\0 \"M@ٍD0)2@',0,'sthlm'),
(777,1,1,44,'2023-01-22 12:18:38',NULL,0,'\0\0\0\0\0\0\0CW|M@^U2@',0,'sthlm'),
(778,1,1,67,'2023-01-22 12:18:38',NULL,0,'\0\0\0\0\0\0\0k?AM@.旙2@',0,'sthlm'),
(779,1,1,88,'2023-01-22 12:18:38',NULL,0,'\0\0\0\0\0\0\0\"M@Ѐ2@',0,'sthlm'),
(780,1,1,54,'2023-01-22 12:18:38',NULL,0,'\0\0\0\0\0\0\0M@2@',0,'sthlm'),
(781,1,1,74,'2023-01-22 12:18:38',NULL,0,'\0\0\0\0\0\0\0foM@QW^|u2@',0,'sthlm'),
(782,1,1,92,'2023-01-22 12:18:38',NULL,0,'\0\0\0\0\0\0\0^NNM@EUC62@',0,'sthlm'),
(783,1,1,77,'2023-01-22 12:18:38',NULL,0,'\0\0\0\0\0\0\0AM@aô2@',0,'sthlm'),
(784,1,1,47,'2023-01-22 12:18:38',NULL,0,'\0\0\0\0\0\0\0ԔM@KƱ2@',0,'sthlm'),
(785,1,1,52,'2023-01-22 12:18:38',NULL,0,'\0\0\0\0\0\0\0gߨM@-w42@',0,'sthlm'),
(786,1,1,100,'2023-01-22 12:18:38',NULL,0,'\0\0\0\0\0\0\0;M@P	2@',0,'sthlm'),
(787,1,1,85,'2023-01-22 12:18:38',NULL,0,'\0\0\0\0\0\0\0r`\\gM@6O2@',0,'sthlm'),
(788,1,1,74,'2023-01-22 12:18:38',NULL,0,'\0\0\0\0\0\0\0,wM@юFZ2@',0,'sthlm'),
(789,1,1,72,'2023-01-22 12:18:38',NULL,0,'\0\0\0\0\0\0\0!KL֪M@\04z\n2@',0,'sthlm'),
(790,1,1,89,'2023-01-22 12:18:38',NULL,0,'\0\0\0\0\0\0\0\n6K	M@FqJ2@',0,'sthlm'),
(791,1,1,80,'2023-01-22 12:18:38',NULL,0,'\0\0\0\0\0\0\0M@\niu1@',0,'sthlm'),
(792,1,1,87,'2023-01-22 12:18:38',NULL,0,'\0\0\0\0\0\0\01\noLM@x2@',0,'sthlm'),
(793,1,1,86,'2023-01-22 12:18:38',NULL,0,'\0\0\0\0\0\0\0,9d]M@~c2@',0,'sthlm'),
(794,1,1,98,'2023-01-22 12:18:38',NULL,0,'\0\0\0\0\0\0\0x6M@Ԃ2@',0,'sthlm'),
(795,1,1,93,'2023-01-22 12:18:38',NULL,0,'\0\0\0\0\0\0\0ƤҪM@B2@',0,'sthlm'),
(796,1,1,71,'2023-01-22 12:18:38',NULL,0,'\0\0\0\0\0\0\0ZJM@rۈ2@',0,'sthlm'),
(797,1,1,88,'2023-01-22 12:18:38',NULL,0,'\0\0\0\0\0\0\0M@es2@',0,'sthlm'),
(798,1,1,96,'2023-01-22 12:18:38',NULL,0,'\0\0\0\0\0\0\0iS6%M@(\\2@',0,'sthlm'),
(799,1,1,92,'2023-01-22 12:18:38',NULL,0,'\0\0\0\0\0\0\0ܞZmM@X=2@',0,'sthlm'),
(800,1,1,79,'2023-01-22 12:18:38',NULL,0,'\0\0\0\0\0\0\0K1M@\rP*\Z2@',0,'sthlm'),
(801,1,1,72,'2023-01-22 12:18:38',NULL,0,'\0\0\0\0\0\0\0مTSM@̒2@',0,'sthlm'),
(802,1,1,64,'2023-01-22 12:18:38',NULL,0,'\0\0\0\0\0\0\0@j1IM@!@g12@',0,'sthlm'),
(803,1,1,43,'2023-01-22 12:18:38',NULL,0,'\0\0\0\0\0\0\0\rNM@F%\nL\n2@',0,'sthlm'),
(804,1,1,85,'2023-01-22 12:18:38',NULL,0,'\0\0\0\0\0\0\0mM@ΑS2@',0,'sthlm'),
(805,1,1,67,'2023-01-22 12:18:38',NULL,0,'\0\0\0\0\0\0\0ӮͦM@m\Z2@',0,'sthlm'),
(806,1,1,40,'2023-01-22 12:18:38',NULL,0,'\0\0\0\0\0\0\0q[M@v2@',0,'sthlm'),
(807,1,1,76,'2023-01-22 12:18:38',NULL,0,'\0\0\0\0\0\0\0ӘצM@vEܷ2@',0,'sthlm'),
(808,1,1,100,'2023-01-22 12:18:38',NULL,0,'\0\0\0\0\0\0\0jPũM@*(2@',0,'sthlm'),
(809,1,1,42,'2023-01-22 12:18:38',NULL,0,'\0\0\0\0\0\0\0FM@^r12@',0,'sthlm'),
(810,1,1,74,'2023-01-22 12:18:38',NULL,0,'\0\0\0\0\0\0\0g$M@e2@',0,'sthlm'),
(811,1,1,71,'2023-01-22 12:18:38',NULL,0,'\0\0\0\0\0\0\0|<M@VJP2@',0,'sthlm'),
(812,1,1,78,'2023-01-22 12:18:38',NULL,0,'\0\0\0\0\0\0\0o9M@tb׼2@',0,'sthlm'),
(813,1,1,73,'2023-01-22 12:18:38',NULL,0,'\0\0\0\0\0\0\0#M@0z	2@',0,'sthlm'),
(814,1,1,81,'2023-01-22 12:18:38',NULL,0,'\0\0\0\0\0\0\02O4M@=!A2@',0,'sthlm'),
(815,1,1,42,'2023-01-22 12:18:38',NULL,0,'\0\0\0\0\0\0\0U>6M@͘W2@',0,'sthlm'),
(816,1,1,92,'2023-01-22 12:18:38',NULL,0,'\0\0\0\0\0\0\0̪M@]\r2@',0,'sthlm'),
(817,1,1,62,'2023-01-22 12:18:38',NULL,0,'\0\0\0\0\0\0\0 X\'`M@r02@',0,'sthlm'),
(818,1,1,68,'2023-01-22 12:18:38',NULL,0,'\0\0\0\0\0\0\0:NM@2@',0,'sthlm'),
(819,1,1,94,'2023-01-22 12:18:38',NULL,0,'\0\0\0\0\0\0\0im֠M@.\\2@',0,'sthlm'),
(820,1,1,79,'2023-01-22 12:18:38',NULL,0,'\0\0\0\0\0\0\0+?M@EiO\r2@',0,'sthlm'),
(821,1,1,73,'2023-01-22 12:18:38',NULL,0,'\0\0\0\0\0\0\0M@ƾl2@',0,'sthlm'),
(822,1,1,44,'2023-01-22 12:18:38',NULL,0,'\0\0\0\0\0\0\0.끪M@/2@',0,'sthlm'),
(823,1,1,65,'2023-01-22 12:18:38',NULL,0,'\0\0\0\0\0\0\0{M@\Z8{2@',0,'sthlm'),
(824,1,1,42,'2023-01-22 12:18:38',NULL,0,'\0\0\0\0\0\0\0>4M@\rKI2@',0,'sthlm'),
(825,1,1,53,'2023-01-22 12:18:38',NULL,0,'\0\0\0\0\0\0\0\nM@Q9N2@',0,'sthlm'),
(826,1,1,82,'2023-01-22 12:18:38',NULL,0,'\0\0\0\0\0\0\0\0`3M@a\Z2@',0,'sthlm'),
(827,1,1,47,'2023-01-22 12:18:38',NULL,0,'\0\0\0\0\0\0\09\r\\M@3 k2@',0,'sthlm'),
(828,1,1,50,'2023-01-22 12:18:38',NULL,0,'\0\0\0\0\0\0\0M@<T2@',0,'sthlm'),
(829,1,1,78,'2023-01-22 12:18:38',NULL,0,'\0\0\0\0\0\0\0i\\eM@He1@',0,'sthlm'),
(830,1,1,48,'2023-01-22 12:18:38',NULL,0,'\0\0\0\0\0\0\0/wM@( ,2@',0,'sthlm'),
(831,1,1,45,'2023-01-22 12:18:38',NULL,0,'\0\0\0\0\0\0\09p0M@`E2@',0,'sthlm'),
(832,1,1,59,'2023-01-22 12:18:38',NULL,0,'\0\0\0\0\0\0\0nëM@w\n2@',0,'sthlm'),
(833,1,1,99,'2023-01-22 12:18:38',NULL,0,'\0\0\0\0\0\0\0M@H3{2@',0,'sthlm'),
(834,1,1,57,'2023-01-22 12:18:38',NULL,0,'\0\0\0\0\0\0\0,2M@ٞ08\r2@',0,'sthlm'),
(835,1,1,92,'2023-01-22 12:18:38',NULL,0,'\0\0\0\0\0\0\0`S:7M@ߢq2@',0,'sthlm'),
(836,1,1,62,'2023-01-22 12:18:38',NULL,0,'\0\0\0\0\0\0\0)M@c\r2@',0,'sthlm'),
(837,1,1,76,'2023-01-22 12:18:38',NULL,0,'\0\0\0\0\0\0\0awM@):i2@',0,'sthlm'),
(838,1,1,56,'2023-01-22 12:18:38',NULL,0,'\0\0\0\0\0\0\0|mM@[8T2@',0,'sthlm'),
(839,1,1,58,'2023-01-22 12:18:38',NULL,0,'\0\0\0\0\0\0\0=8ԪM@ı1@',0,'sthlm'),
(840,1,1,42,'2023-01-22 12:18:38',NULL,0,'\0\0\0\0\0\0\0gM@}52@',0,'sthlm'),
(841,1,1,73,'2023-01-22 12:18:38',NULL,0,'\0\0\0\0\0\0\0Xp4M@{*2@',0,'sthlm'),
(842,1,1,67,'2023-01-22 12:18:38',NULL,0,'\0\0\0\0\0\0\0UA1iM@}N2@',0,'sthlm'),
(843,1,1,86,'2023-01-22 12:18:38',NULL,0,'\0\0\0\0\0\0\0۹g0M@5^K	2@',0,'sthlm'),
(844,1,1,84,'2023-01-22 12:18:38',NULL,0,'\0\0\0\0\0\0\09M@M#2@',0,'sthlm'),
(845,1,1,68,'2023-01-22 12:18:38',NULL,0,'\0\0\0\0\0\0\0}M@Y~2@',0,'sthlm'),
(846,1,1,63,'2023-01-22 12:18:38',NULL,0,'\0\0\0\0\0\0\0LQcM@r^CG2@',0,'sthlm'),
(847,1,1,77,'2023-01-22 12:18:38',NULL,0,'\0\0\0\0\0\0\0֬qB\ZM@42@',0,'sthlm'),
(848,1,1,68,'2023-01-22 12:18:38',NULL,0,'\0\0\0\0\0\0\0RXVM@|܋e2@',0,'sthlm'),
(849,1,1,72,'2023-01-22 12:18:38',NULL,0,'\0\0\0\0\0\0\0@8M@\"2@',0,'sthlm'),
(850,1,1,77,'2023-01-22 12:18:38',NULL,0,'\0\0\0\0\0\0\0ZM@2@',0,'sthlm'),
(851,1,1,47,'2023-01-22 12:18:38',NULL,0,'\0\0\0\0\0\0\0VQM@><w2@',0,'sthlm'),
(852,1,1,90,'2023-01-22 12:18:38',NULL,0,'\0\0\0\0\0\0\0`M@=\\\n2@',0,'sthlm'),
(853,1,1,87,'2023-01-22 12:18:38',NULL,0,'\0\0\0\0\0\0\0,M@#=pn2@',0,'sthlm'),
(854,1,1,92,'2023-01-22 12:18:38',NULL,0,'\0\0\0\0\0\0\0uM@$p2@',0,'sthlm'),
(855,1,1,61,'2023-01-22 12:18:38',NULL,0,'\0\0\0\0\0\0\0M@T2@',0,'sthlm'),
(856,1,1,89,'2023-01-22 12:18:38',NULL,0,'\0\0\0\0\0\0\0δ[M@8E\Z2@',0,'sthlm'),
(857,1,1,48,'2023-01-22 12:18:38',NULL,0,'\0\0\0\0\0\0\0)VPM@OP2@',0,'sthlm'),
(858,1,1,56,'2023-01-22 12:18:38',NULL,0,'\0\0\0\0\0\0\0*:M@ќ2@',0,'sthlm'),
(859,1,1,93,'2023-01-22 12:18:38',NULL,0,'\0\0\0\0\0\0\0=M@;?y2@',0,'sthlm'),
(860,1,1,86,'2023-01-22 12:18:38',NULL,0,'\0\0\0\0\0\0\0ūM@Pzf(2@',0,'sthlm'),
(861,1,1,42,'2023-01-22 12:18:38',NULL,0,'\0\0\0\0\0\0\0_S#nM@X52@',0,'sthlm'),
(862,1,1,43,'2023-01-22 12:18:38',NULL,0,'\0\0\0\0\0\0\0\0pM@bdK2@',0,'sthlm'),
(863,1,1,78,'2023-01-22 12:18:38',NULL,0,'\0\0\0\0\0\0\0U^iM@vs2@',0,'sthlm'),
(864,1,1,46,'2023-01-22 12:18:38',NULL,0,'\0\0\0\0\0\0\0HٹM@<r2@',0,'sthlm'),
(865,1,1,96,'2023-01-22 12:18:38',NULL,0,'\0\0\0\0\0\0\0#;M@Sy\r2@',0,'sthlm'),
(866,1,1,85,'2023-01-22 12:18:38',NULL,0,'\0\0\0\0\0\0\0!m妫M@l322@',0,'sthlm'),
(867,1,1,56,'2023-01-22 12:18:38',NULL,0,'\0\0\0\0\0\0\0ÚM@TE82@',0,'sthlm'),
(868,1,1,44,'2023-01-22 12:18:38',NULL,0,'\0\0\0\0\0\0\0M@ۯW2@',0,'sthlm'),
(869,1,1,49,'2023-01-22 12:18:38',NULL,0,'\0\0\0\0\0\0\0qCM@l2@',0,'sthlm'),
(870,1,1,68,'2023-01-22 12:18:38',NULL,0,'\0\0\0\0\0\0\0\\M@M2@',0,'sthlm'),
(871,1,1,94,'2023-01-22 12:18:38',NULL,0,'\0\0\0\0\0\0\0M@K4jb2@',0,'sthlm'),
(872,1,1,79,'2023-01-22 12:18:38',NULL,0,'\0\0\0\0\0\0\0\\FM@Oh\r2@',0,'sthlm'),
(873,1,1,97,'2023-01-22 12:18:38',NULL,0,'\0\0\0\0\0\0\0\'sM@h2@',0,'sthlm'),
(874,1,1,41,'2023-01-22 12:18:38',NULL,0,'\0\0\0\0\0\0\0hZM@T2@',0,'sthlm'),
(875,1,1,88,'2023-01-22 12:18:38',NULL,0,'\0\0\0\0\0\0\093M@V2@',0,'sthlm'),
(876,1,1,96,'2023-01-22 12:18:38',NULL,0,'\0\0\0\0\0\0\0z-3ެM@oI2@',0,'sthlm'),
(877,1,1,72,'2023-01-22 12:18:38',NULL,0,'\0\0\0\0\0\0\04٪M@\n2@',0,'sthlm'),
(878,1,1,51,'2023-01-22 12:18:38',NULL,0,'\0\0\0\0\0\0\0ʖM@5P2@',0,'sthlm'),
(879,1,1,58,'2023-01-22 12:18:38',NULL,0,'\0\0\0\0\0\0\0.lM@\0r2@',0,'sthlm'),
(880,1,1,64,'2023-01-22 12:18:38',NULL,0,'\0\0\0\0\0\0\0c=M@82:2@',0,'sthlm'),
(881,1,1,54,'2023-01-22 12:18:38',NULL,0,'\0\0\0\0\0\0\0e/M@|2@',0,'sthlm'),
(882,1,1,59,'2023-01-22 12:18:38',NULL,0,'\0\0\0\0\0\0\0\'۱M@622@',0,'sthlm'),
(883,1,1,85,'2023-01-22 12:18:38',NULL,0,'\0\0\0\0\0\0\0!M@2@',0,'sthlm'),
(884,1,1,62,'2023-01-22 12:18:38',NULL,0,'\0\0\0\0\0\0\0>f(GM@ﲩ>2@',0,'sthlm'),
(885,1,1,42,'2023-01-22 12:18:38',NULL,0,'\0\0\0\0\0\0\02M@|F2@',0,'sthlm'),
(886,1,1,73,'2023-01-22 12:18:38',NULL,0,'\0\0\0\0\0\0\0i4M@H2@',0,'sthlm'),
(887,1,1,84,'2023-01-22 12:18:38',NULL,0,'\0\0\0\0\0\0\0.M@E\Z2@',0,'sthlm'),
(888,1,1,88,'2023-01-22 12:18:38',NULL,0,'\0\0\0\0\0\0\0=_M@S52@',0,'sthlm'),
(889,1,1,59,'2023-01-22 12:18:38',NULL,0,'\0\0\0\0\0\0\0uәM@z2@',0,'sthlm'),
(890,1,1,83,'2023-01-22 12:18:38',NULL,0,'\0\0\0\0\0\0\0bepM@[|2@',0,'sthlm'),
(891,1,1,85,'2023-01-22 12:18:38',NULL,0,'\0\0\0\0\0\0\0,\"UM@Vz2@',0,'sthlm'),
(892,1,1,69,'2023-01-22 12:18:38',NULL,0,'\0\0\0\0\0\0\0YM@Z22@',0,'sthlm'),
(893,1,1,50,'2023-01-22 12:18:38',NULL,0,'\0\0\0\0\0\0\0ꝟM@We\Z2@',0,'sthlm'),
(894,1,1,52,'2023-01-22 12:18:38',NULL,0,'\0\0\0\0\0\0\0wwUM@,^02@',0,'sthlm'),
(895,1,1,93,'2023-01-22 12:18:38',NULL,0,'\0\0\0\0\0\0\0(M@B$2@',0,'sthlm'),
(896,1,1,49,'2023-01-22 12:18:38',NULL,0,'\0\0\0\0\0\0\03M@n_2@',0,'sthlm'),
(897,1,1,59,'2023-01-22 12:18:38',NULL,0,'\0\0\0\0\0\0\0B9vM@ U2@',0,'sthlm'),
(898,1,1,68,'2023-01-22 12:18:38',NULL,0,'\0\0\0\0\0\0\0;]M@^^I2@',0,'sthlm'),
(899,1,1,78,'2023-01-22 12:18:38',NULL,0,'\0\0\0\0\0\0\0gwٟM@ExC2@',0,'sthlm'),
(900,1,1,47,'2023-01-22 12:18:38',NULL,0,'\0\0\0\0\0\0\0ssM@(\r2@',0,'sthlm'),
(901,1,1,88,'2023-01-22 12:18:38',NULL,0,'\0\0\0\0\0\0\0daM@f@\02@',0,'sthlm'),
(902,1,1,85,'2023-01-22 12:18:38',NULL,0,'\0\0\0\0\0\0\0:+M@#2@',0,'sthlm'),
(903,1,1,55,'2023-01-22 12:18:38',NULL,0,'\0\0\0\0\0\0\0/RبM@P?2@',0,'sthlm'),
(904,1,1,55,'2023-01-22 12:18:38',NULL,0,'\0\0\0\0\0\0\0&M@F2@',0,'sthlm'),
(905,1,1,78,'2023-01-22 12:18:38',NULL,0,'\0\0\0\0\0\0\0kdM@pe\n2@',0,'sthlm'),
(906,1,1,54,'2023-01-22 12:18:38',NULL,0,'\0\0\0\0\0\0\0~LY֨M@wȏ2@',0,'sthlm'),
(907,1,1,84,'2023-01-22 12:18:38',NULL,0,'\0\0\0\0\0\0\0фmM@{2@',0,'sthlm'),
(908,1,1,92,'2023-01-22 12:18:38',NULL,0,'\0\0\0\0\0\0\0\\*ìM@Т2@',0,'sthlm'),
(909,1,1,53,'2023-01-22 12:18:38',NULL,0,'\0\0\0\0\0\0\0S\r^(M@w2@',0,'sthlm'),
(910,1,1,58,'2023-01-22 12:18:38',NULL,0,'\0\0\0\0\0\0\0\0JM@|m>2@',0,'sthlm'),
(911,1,1,87,'2023-01-22 12:18:38',NULL,0,'\0\0\0\0\0\0\0ELM@A2@',0,'sthlm'),
(912,1,1,77,'2023-01-22 12:18:38',NULL,0,'\0\0\0\0\0\0\0|߬M@ԝ+2@',0,'sthlm'),
(913,1,1,63,'2023-01-22 12:18:38',NULL,0,'\0\0\0\0\0\0\0M@	@2@',0,'sthlm'),
(914,1,1,88,'2023-01-22 12:18:38',NULL,0,'\0\0\0\0\0\0\0.M@WU2@',0,'sthlm'),
(915,1,1,61,'2023-01-22 12:18:38',NULL,0,'\0\0\0\0\0\0\0Pj2<M@{$2@',0,'sthlm'),
(916,1,1,43,'2023-01-22 12:18:38',NULL,0,'\0\0\0\0\0\0\0ZxM@\0}2@',0,'sthlm'),
(917,1,1,89,'2023-01-22 12:18:38',NULL,0,'\0\0\0\0\0\0\0X5yM@O+\n2@',0,'sthlm'),
(918,1,1,79,'2023-01-22 12:18:38',NULL,0,'\0\0\0\0\0\0\04r`M@+P2@',0,'sthlm'),
(919,1,1,63,'2023-01-22 12:18:38',NULL,0,'\0\0\0\0\0\0\0B?M@n&\Z2@',0,'sthlm'),
(920,1,1,42,'2023-01-22 12:18:38',NULL,0,'\0\0\0\0\0\0\0קM@_8(2@',0,'sthlm'),
(921,1,1,90,'2023-01-22 12:18:38',NULL,0,'\0\0\0\0\0\0\0_̔|M@ks^2@',0,'sthlm'),
(922,1,1,47,'2023-01-22 12:18:38',NULL,0,'\0\0\0\0\0\0\0DM@\Z˟2@',0,'sthlm'),
(923,1,1,96,'2023-01-22 12:18:38',NULL,0,'\0\0\0\0\0\0\0),M@GI2@',0,'sthlm'),
(924,1,1,53,'2023-01-22 12:18:38',NULL,0,'\0\0\0\0\0\0\0	ɦM@zBm:	2@',0,'sthlm'),
(925,1,1,95,'2023-01-22 12:18:38',NULL,0,'\0\0\0\0\0\0\0l&NM@2-2@',0,'sthlm'),
(926,1,1,44,'2023-01-22 12:18:38',NULL,0,'\0\0\0\0\0\0\0I ڨM@\'!2@',0,'sthlm'),
(927,1,1,46,'2023-01-22 12:18:38',NULL,0,'\0\0\0\0\0\0\0i\04M@\Zb2@',0,'sthlm'),
(928,1,1,79,'2023-01-22 12:18:38',NULL,0,'\0\0\0\0\0\0\0ꭸǴM@șP2@',0,'sthlm'),
(929,1,1,84,'2023-01-22 12:18:38',NULL,0,'\0\0\0\0\0\0\0pM@S}4	2@',0,'sthlm'),
(930,1,1,65,'2023-01-22 12:18:38',NULL,0,'\0\0\0\0\0\0\0@TDM@2@',0,'sthlm'),
(931,1,1,40,'2023-01-22 12:18:38',NULL,0,'\0\0\0\0\0\0\0JHM@AV2@',0,'sthlm'),
(932,1,1,68,'2023-01-22 12:18:38',NULL,0,'\0\0\0\0\0\0\04+M@V2@',0,'sthlm'),
(933,1,1,83,'2023-01-22 12:18:38',NULL,0,'\0\0\0\0\0\0\0ZV.iM@*3\n2@',0,'sthlm'),
(934,1,1,60,'2023-01-22 12:18:38',NULL,0,'\0\0\0\0\0\0\0\'`ثM@=2@',0,'sthlm'),
(935,1,1,73,'2023-01-22 12:18:38',NULL,0,'\0\0\0\0\0\0\0oQWM@~Y2@',0,'sthlm'),
(936,1,1,43,'2023-01-22 12:18:38',NULL,0,'\0\0\0\0\0\0\02M@ۅO2@',0,'sthlm'),
(937,1,1,58,'2023-01-22 12:18:38',NULL,0,'\0\0\0\0\0\0\0M@hC~2@',0,'sthlm'),
(938,1,1,74,'2023-01-22 12:18:38',NULL,0,'\0\0\0\0\0\0\0~}M@%=2@',0,'sthlm'),
(939,1,1,60,'2023-01-22 12:18:38',NULL,0,'\0\0\0\0\0\0\0afM@A(~2@',0,'sthlm'),
(940,1,1,59,'2023-01-22 12:18:38',NULL,0,'\0\0\0\0\0\0\0	7lM@\n<G2@',0,'sthlm'),
(941,1,1,82,'2023-01-22 12:18:38',NULL,0,'\0\0\0\0\0\0\0>M@gr2@',0,'sthlm'),
(942,1,1,60,'2023-01-22 12:18:38',NULL,0,'\0\0\0\0\0\0\0\rM@\Z]2@',0,'sthlm'),
(943,1,1,77,'2023-01-22 12:18:38',NULL,0,'\0\0\0\0\0\0\0Ϋ&,M@0	2@',0,'sthlm'),
(944,1,1,78,'2023-01-22 12:18:38',NULL,0,'\0\0\0\0\0\0\0H\'9AM@pOs2@',0,'sthlm'),
(945,1,1,84,'2023-01-22 12:18:38',NULL,0,'\0\0\0\0\0\0\0C.§M@%PNw2@',0,'sthlm'),
(946,1,1,53,'2023-01-22 12:18:38',NULL,0,'\0\0\0\0\0\0\0:BM@+E-2@',0,'sthlm'),
(947,1,1,65,'2023-01-22 12:18:38',NULL,0,'\0\0\0\0\0\0\0M@2@',0,'sthlm'),
(948,1,1,80,'2023-01-22 12:18:38',NULL,0,'\0\0\0\0\0\0\0TC̼M@2@',0,'sthlm'),
(949,1,1,63,'2023-01-22 12:18:38',NULL,0,'\0\0\0\0\0\0\09M@*/yt2@',0,'sthlm'),
(950,1,1,53,'2023-01-22 12:18:38',NULL,0,'\0\0\0\0\0\0\0.M@-n2@',0,'sthlm'),
(951,1,1,72,'2023-01-22 12:18:38',NULL,0,'\0\0\0\0\0\0\0AN=M@{I2@',0,'sthlm'),
(952,1,1,72,'2023-01-22 12:18:38',NULL,0,'\0\0\0\0\0\0\0\r,9ѪM@\0Y2@',0,'sthlm'),
(953,1,1,91,'2023-01-22 12:18:38',NULL,0,'\0\0\0\0\0\0\0AsUM@+2@',0,'sthlm'),
(954,1,1,72,'2023-01-22 12:18:38',NULL,0,'\0\0\0\0\0\0\0:AXM@$ikq2@',0,'sthlm'),
(955,1,1,57,'2023-01-22 12:18:38',NULL,0,'\0\0\0\0\0\0\0v3M@e:]2@',0,'sthlm'),
(956,1,1,99,'2023-01-22 12:18:38',NULL,0,'\0\0\0\0\0\0\0	ZMM@%Dzo2@',0,'sthlm'),
(957,1,1,55,'2023-01-22 12:18:38',NULL,0,'\0\0\0\0\0\0\0aւPM@L!2@',0,'sthlm'),
(958,1,1,93,'2023-01-22 12:18:38',NULL,0,'\0\0\0\0\0\0\0	^M@(2@',0,'sthlm'),
(959,1,1,95,'2023-01-22 12:18:38',NULL,0,'\0\0\0\0\0\0\06JM@IO\n2@',0,'sthlm'),
(960,1,1,68,'2023-01-22 12:18:38',NULL,0,'\0\0\0\0\0\0\0~WuM@M-s	2@',0,'sthlm'),
(961,1,1,100,'2023-01-22 12:18:38',NULL,0,'\0\0\0\0\0\0\06RjM@·u	2@',0,'sthlm'),
(962,1,1,78,'2023-01-22 12:18:38',NULL,0,'\0\0\0\0\0\0\0kCM@2@',0,'sthlm'),
(963,1,1,85,'2023-01-22 12:18:38',NULL,0,'\0\0\0\0\0\0\0BjާM@0\r\r2@',0,'sthlm'),
(964,1,1,62,'2023-01-22 12:18:38',NULL,0,'\0\0\0\0\0\0\0I/iM@2@',0,'sthlm'),
(965,1,1,47,'2023-01-22 12:18:38',NULL,0,'\0\0\0\0\0\0\0s\nM@Vab2@',0,'sthlm'),
(966,1,1,96,'2023-01-22 12:18:38',NULL,0,'\0\0\0\0\0\0\00M@+|\r2@',0,'sthlm'),
(967,1,1,96,'2023-01-22 12:18:38',NULL,0,'\0\0\0\0\0\0\0Օ:M@KMP2@',0,'sthlm'),
(968,1,1,70,'2023-01-22 12:18:38',NULL,0,'\0\0\0\0\0\0\0&M@<	2@',0,'sthlm'),
(969,1,1,60,'2023-01-22 12:18:38',NULL,0,'\0\0\0\0\0\0\0}1ZܫM@ZŴX2@',0,'sthlm'),
(970,1,1,48,'2023-01-22 12:18:38',NULL,0,'\0\0\0\0\0\0\0?ʧM@\rFL2@',0,'sthlm'),
(971,1,1,44,'2023-01-22 12:18:38',NULL,0,'\0\0\0\0\0\0\0\nWb=M@K݃W2@',0,'sthlm'),
(972,1,1,72,'2023-01-22 12:18:38',NULL,0,'\0\0\0\0\0\0\0j*@M@#:2@',0,'sthlm'),
(973,1,1,50,'2023-01-22 12:18:38',NULL,0,'\0\0\0\0\0\0\0j\0M@qU\n2@',0,'sthlm'),
(974,1,1,44,'2023-01-22 12:18:38',NULL,0,'\0\0\0\0\0\0\0`7M@;2@',0,'sthlm'),
(975,1,1,57,'2023-01-22 12:18:38',NULL,0,'\0\0\0\0\0\0\0xCM@ 2@',0,'sthlm'),
(976,1,1,43,'2023-01-22 12:18:38',NULL,0,'\0\0\0\0\0\0\0ٞlM@z2@',0,'sthlm'),
(977,1,1,71,'2023-01-22 12:18:38',NULL,0,'\0\0\0\0\0\0\0F\nM@ʱ2@',0,'sthlm'),
(978,1,1,85,'2023-01-22 12:18:38',NULL,0,'\0\0\0\0\0\0\0DM@ӵ2@',0,'sthlm'),
(979,1,1,96,'2023-01-22 12:18:38',NULL,0,'\0\0\0\0\0\0\0~1M@2@',0,'sthlm'),
(980,1,1,91,'2023-01-22 12:18:38',NULL,0,'\0\0\0\0\0\0\0%bϫM@u22@',0,'sthlm'),
(981,1,1,50,'2023-01-22 12:18:38',NULL,0,'\0\0\0\0\0\0\0OՔM@cV\'2@',0,'sthlm'),
(982,1,1,77,'2023-01-22 12:18:38',NULL,0,'\0\0\0\0\0\0\0=ŎԪM@H:%\02@',0,'sthlm'),
(983,1,1,89,'2023-01-22 12:18:38',NULL,0,'\0\0\0\0\0\0\0M@oJ2@',0,'sthlm'),
(984,1,1,46,'2023-01-22 12:18:38',NULL,0,'\0\0\0\0\0\0\0܄QM@<\Z2@',0,'sthlm'),
(985,1,1,66,'2023-01-22 12:18:38',NULL,0,'\0\0\0\0\0\0\0AM@4\Za2@',0,'sthlm'),
(986,1,1,66,'2023-01-22 12:18:38',NULL,0,'\0\0\0\0\0\0\0:M@A\'2@',0,'sthlm'),
(987,1,1,100,'2023-01-22 12:18:38',NULL,0,'\0\0\0\0\0\0\0=M@Su2@',0,'sthlm'),
(988,1,1,55,'2023-01-22 12:18:38',NULL,0,'\0\0\0\0\0\0\0=шgM@>&g2@',0,'sthlm'),
(989,1,1,93,'2023-01-22 12:18:38',NULL,0,'\0\0\0\0\0\0\0?WM@dPf\n2@',0,'sthlm'),
(990,1,1,81,'2023-01-22 12:18:38',NULL,0,'\0\0\0\0\0\0\0<>PM@yvf2@',0,'sthlm'),
(991,1,1,60,'2023-01-22 12:18:38',NULL,0,'\0\0\0\0\0\0\0붂jM@2@',0,'sthlm'),
(992,1,1,53,'2023-01-22 12:18:38',NULL,0,'\0\0\0\0\0\0\0\"7M@_BFv\n2@',0,'sthlm'),
(993,1,1,80,'2023-01-22 12:18:38',NULL,0,'\0\0\0\0\0\0\0G=ϨM@Iz@B2@',0,'sthlm'),
(994,1,1,67,'2023-01-22 12:18:38',NULL,0,'\0\0\0\0\0\0\0țիM@x2@',0,'sthlm'),
(995,1,1,58,'2023-01-22 12:18:38',NULL,0,'\0\0\0\0\0\0\0dutM@Y2@',0,'sthlm'),
(996,1,1,42,'2023-01-22 12:18:38',NULL,0,'\0\0\0\0\0\0\0=Cn|M@Ȧ2@',0,'sthlm'),
(997,1,1,94,'2023-01-22 12:18:38',NULL,0,'\0\0\0\0\0\0\0yM@Zt*\n2@',0,'sthlm'),
(998,1,1,92,'2023-01-22 12:18:38',NULL,0,'\0\0\0\0\0\0\0, M@o=@\r2@',0,'sthlm'),
(999,1,1,98,'2023-01-22 12:18:38',NULL,0,'\0\0\0\0\0\0\00!M@An^2@',0,'sthlm'),
(1000,1,1,65,'2023-01-22 12:18:38',NULL,0,'\0\0\0\0\0\0\0f\"M@=2@',0,'sthlm');
/*!40000 ALTER TABLE `scooter` ENABLE KEYS */;
UNLOCK TABLES;

--
-- Table structure for table `scooter_log`
--

DROP TABLE IF EXISTS `scooter_log`;
/*!40101 SET @saved_cs_client     = @@character_set_client */;
/*!40101 SET character_set_client = utf8 */;
CREATE TABLE `scooter_log` (
  `id` int(11) NOT NULL AUTO_INCREMENT,
  `scooter_id` int(11) DEFAULT NULL,
  `speed` int(11) DEFAULT NULL,
  `position` point DEFAULT NULL,
  `status` varchar(20) DEFAULT NULL,
  `timestamp` timestamp NULL DEFAULT current_timestamp(),
  `charge` int(11) DEFAULT NULL,
  PRIMARY KEY (`id`),
  KEY `bike_log_bike_idx` (`scooter_id`),
  CONSTRAINT `scooter_log_scooter` FOREIGN KEY (`scooter_id`) REFERENCES `scooter` (`id`) ON DELETE CASCADE ON UPDATE CASCADE
) ENGINE=InnoDB DEFAULT CHARSET=utf8mb3;
/*!40101 SET character_set_client = @saved_cs_client */;

--
-- Dumping data for table `scooter_log`
--

LOCK TABLES `scooter_log` WRITE;
/*!40000 ALTER TABLE `scooter_log` DISABLE KEYS */;
/*!40000 ALTER TABLE `scooter_log` ENABLE KEYS */;
UNLOCK TABLES;
/*!50003 SET @saved_cs_client      = @@character_set_client */ ;
/*!50003 SET @saved_cs_results     = @@character_set_results */ ;
/*!50003 SET @saved_col_connection = @@collation_connection */ ;
/*!50003 SET character_set_client  = utf8mb3 */ ;
/*!50003 SET character_set_results = utf8mb3 */ ;
/*!50003 SET collation_connection  = utf8mb3_general_ci */ ;
/*!50003 SET @saved_sql_mode       = @@sql_mode */ ;
/*!50003 SET sql_mode              = 'ONLY_FULL_GROUP_BY,STRICT_TRANS_TABLES,NO_ZERO_IN_DATE,NO_ZERO_DATE,ERROR_FOR_DIVISION_BY_ZERO,NO_ENGINE_SUBSTITUTION' */ ;
DELIMITER ;;
/*!50003 CREATE*/ /*!50017 DEFINER=`snaladm`@`mariadb`*/ /*!50003 TRIGGER `vteams`.`scooter_log_AFTER_INSERT` AFTER INSERT ON `scooter_log` FOR EACH ROW
BEGIN
	SET @prev_logs = (SELECT COUNT(id) FROM scooter_log where scooter_id = NEW.scooter_id);
    SET @enough_charge = IF(NEW.charge > 15, 1, 0);
	IF @prev_logs > 0 THEN
		SET @last_log_time = last_scooter_log_time(NEW.scooter_id);
	ELSE
		SET @last_log_time = (SELECT last_serviced FROM scooter WHERE scooter.id = NEW.scooter_id);
	END IF;
	UPDATE scooter
	SET last_position = NEW.position,
		charge		  = NEW.charge,
		distance_traveled = distance_traveled + (NEW.speed * (TIMESTAMPDIFF(SECOND,@last_log_time,NEW.timestamp)/(60 * 60))),
        enabled = @enough_charge
	WHERE id = NEW.scooter_id;
END */;;
DELIMITER ;
/*!50003 SET sql_mode              = @saved_sql_mode */ ;
/*!50003 SET character_set_client  = @saved_cs_client */ ;
/*!50003 SET character_set_results = @saved_cs_results */ ;
/*!50003 SET collation_connection  = @saved_col_connection */ ;
/*!50003 SET @saved_cs_client      = @@character_set_client */ ;
/*!50003 SET @saved_cs_results     = @@character_set_results */ ;
/*!50003 SET @saved_col_connection = @@collation_connection */ ;
/*!50003 SET character_set_client  = utf8mb3 */ ;
/*!50003 SET character_set_results = utf8mb3 */ ;
/*!50003 SET collation_connection  = utf8mb3_general_ci */ ;
/*!50003 SET @saved_sql_mode       = @@sql_mode */ ;
/*!50003 SET sql_mode              = 'ONLY_FULL_GROUP_BY,STRICT_TRANS_TABLES,NO_ZERO_IN_DATE,NO_ZERO_DATE,ERROR_FOR_DIVISION_BY_ZERO,NO_ENGINE_SUBSTITUTION' */ ;
DELIMITER ;;
/*!50003 CREATE*/ /*!50017 DEFINER=`snaladm`@`mariadb`*/ /*!50003 TRIGGER `vteams`.`scooter_log_AFTER_INSERT_1` AFTER INSERT ON `scooter_log` FOR EACH ROW
BEGIN
	IF NEW.charge < 15 THEN
		INSERT INTO maintenance_log
			(scooter_id, event, invoked_by)
		VALUES (NEW.scooter_id, 'low battery', 'scooter');
	END IF;
END */;;
DELIMITER ;
/*!50003 SET sql_mode              = @saved_sql_mode */ ;
/*!50003 SET character_set_client  = @saved_cs_client */ ;
/*!50003 SET character_set_results = @saved_cs_results */ ;
/*!50003 SET collation_connection  = @saved_col_connection */ ;

--
-- Table structure for table `trip`
--

DROP TABLE IF EXISTS `trip`;
/*!40101 SET @saved_cs_client     = @@character_set_client */;
/*!40101 SET character_set_client = utf8 */;
CREATE TABLE `trip` (
  `id` int(11) NOT NULL AUTO_INCREMENT,
  `user_id` int(11) DEFAULT NULL,
  `scooter_id` int(11) DEFAULT NULL,
  `distance` float DEFAULT 0,
  `completed` tinyint(1) DEFAULT 0,
  `start_position` point NOT NULL,
  `stop_position` point DEFAULT NULL,
  `start_time` timestamp NULL DEFAULT current_timestamp(),
  `stop_time` timestamp NULL DEFAULT NULL,
  PRIMARY KEY (`id`),
  KEY `trip_user_idx` (`user_id`),
  KEY `trip_bike_idx` (`scooter_id`),
  CONSTRAINT `trip_scooter` FOREIGN KEY (`scooter_id`) REFERENCES `scooter` (`id`) ON DELETE SET NULL ON UPDATE CASCADE,
  CONSTRAINT `trip_user` FOREIGN KEY (`user_id`) REFERENCES `user` (`id`) ON DELETE SET NULL ON UPDATE CASCADE
) ENGINE=InnoDB AUTO_INCREMENT=51 DEFAULT CHARSET=utf8mb3;
/*!40101 SET character_set_client = @saved_cs_client */;

--
-- Dumping data for table `trip`
--

LOCK TABLES `trip` WRITE;
/*!40000 ALTER TABLE `trip` DISABLE KEYS */;
INSERT INTO `trip` VALUES
(1,564,17,0,0,'\0\0\0\0\0\0\0m#]L@R2/@','\0\0\0\0\0\0\0f	qL@%/@','2023-01-12 12:39:52','2023-01-12 13:01:21'),
(2,52,127,0,0,'\0\0\0\0\0\0\0VaSD\ZL@OEj0/@','\0\0\0\0\0\0\0=uL@em0*/@','2023-01-14 22:42:23','2023-01-14 23:38:41'),
(3,495,22,0,0,'\0\0\0\0\0\0\0yJJL@Ӛ:/@','\0\0\0\0\0\0\0uxtL@Ơ!/@','2023-01-15 10:19:35','2023-01-15 10:23:26'),
(4,82,99,0,0,'\0\0\0\0\0\0\0\'L@e@4:/@','\0\0\0\0\0\0\0ޡ}L@ؘj&/@','2023-01-06 21:37:16','2023-01-06 22:22:18'),
(5,814,102,0,0,'\0\0\0\0\0\0\06L@9x$/@','\0\0\0\0\0\0\0	L@`@!/@','2023-01-14 17:36:16','2023-01-14 18:22:38'),
(6,96,129,0,0,'\0\0\0\0\0\0\0d\'L@(])/@','\0\0\0\0\0\0\0L~5L@xX7/@','2023-01-15 20:48:25','2023-01-15 21:41:00'),
(7,903,62,0,0,'\0\0\0\0\0\0\0:mL@M-/@','\0\0\0\0\0\0\0jt8L@-fnv4/@','2023-01-15 21:42:33','2023-01-15 22:11:14'),
(8,400,113,0,0,'\0\0\0\0\0\0\0L@`*_j\'/@','\0\0\0\0\0\0\0L@9/@','2023-01-19 12:29:25','2023-01-19 12:56:21'),
(9,236,88,0,0,'\0\0\0\0\0\0\0Խi\"L@]%/@','\0\0\0\0\0\0\0\nL@{W./@','2023-01-19 23:42:48','2023-01-20 00:14:08'),
(10,711,12,0,0,'\0\0\0\0\0\0\0?L@	NG+/@','\0\0\0\0\0\0\0k\Z9L@@-/@','2023-01-14 00:02:30','2023-01-14 00:31:29'),
(11,178,39,0,0,'\0\0\0\0\0\0\0_0(L@V-=*$/@','\0\0\0\0\0\0\0Cלb3L@kS9/@','2023-01-16 20:32:24','2023-01-16 21:28:42'),
(12,117,44,0,0,'\0\0\0\0\0\0\0WL@o@?/@','\0\0\0\0\0\0\0IM\'L@\'W2/@','2023-01-11 13:54:12','2023-01-11 14:17:54'),
(13,396,74,0,0,'\0\0\0\0\0\0\0o\nL@r /@','\0\0\0\0\0\0\0ʏ3NL@7#b9/@','2023-01-13 20:21:45','2023-01-13 20:52:36'),
(14,439,91,0,0,'\0\0\0\0\0\0\0bL@L,5/@','\0\0\0\0\0\0\0abL@d3/@','2023-01-15 09:32:33','2023-01-15 10:07:23'),
(15,25,59,0,0,'\0\0\0\0\0\0\0M L@+-4/@','\0\0\0\0\0\0\0e-L@ Gq1/@','2023-01-09 00:36:41','2023-01-09 00:45:58'),
(16,860,15,0,0,'\0\0\0\0\0\0\02$L@TL6/@','\0\0\0\0\0\0\0[P1#L@®M./@','2023-01-13 02:53:55','2023-01-13 03:47:33'),
(17,196,2,0,0,'\0\0\0\0\0\0\0(BL@V \r/@','\0\0\0\0\0\0\0\nɓL@*/@','2023-01-16 00:40:53','2023-01-16 00:41:12'),
(18,125,148,0,0,'\0\0\0\0\0\0\0FDB\nL@N4/@','\0\0\0\0\0\0\0?L@*/@','2023-01-12 08:03:14','2023-01-12 08:25:04'),
(19,6,94,0,0,'\0\0\0\0\0\0\0zbL@(X:/@','\0\0\0\0\0\0\0EL^L@`*j\"/@','2023-01-19 00:47:59','2023-01-19 01:27:39'),
(20,333,14,0,0,'\0\0\0\0\0\0\0HL@ɕNN:/@','\0\0\0\0\0\0\0jL@!. /@','2023-01-13 17:27:23','2023-01-13 18:18:31'),
(21,989,66,0,0,'\0\0\0\0\0\0\0ĴL@a2*/@','\0\0\0\0\0\0\0UL@,/@','2023-01-08 12:22:45','2023-01-08 12:57:44'),
(22,760,143,0,0,'\0\0\0\0\0\0\0CL@uM~>7/@','\0\0\0\0\0\0\0GN؁7L@|$5/@','2023-01-16 10:09:29','2023-01-16 10:33:47'),
(23,820,137,0,0,'\0\0\0\0\0\0\0,+o!L@\"/@','\0\0\0\0\0\0\0M1YL@,V2U8/@','2023-01-13 20:15:43','2023-01-13 20:30:11'),
(24,586,36,0,0,'\0\0\0\0\0\0\0PfL@XPEN)/@','\0\0\0\0\0\0\0a\Z\rL@)-68,/@','2023-01-16 13:22:11','2023-01-16 14:02:49'),
(25,323,81,0,0,'\0\0\0\0\0\0\0_lL@ce\r8/@','\0\0\0\0\0\0\0a.\nL@n`;/@','2023-01-19 18:02:49','2023-01-19 18:30:07'),
(26,659,27,0,0,'\0\0\0\0\0\0\0>]:L@ݺJ:/@','\0\0\0\0\0\0\0eL@I\'/@','2023-01-09 09:20:26','2023-01-09 09:25:02'),
(27,433,132,0,0,'\0\0\0\0\0\0\0L@+7/@','\0\0\0\0\0\0\0L@\"Bo@/@','2023-01-12 09:22:39','2023-01-12 10:06:38'),
(28,420,46,0,0,'\0\0\0\0\0\0\0ԇJsL@Ǥ9/@','\0\0\0\0\0\0\0ڜ`L@Z@/@','2023-01-12 18:12:28','2023-01-12 18:35:55'),
(29,296,77,0,0,'\0\0\0\0\0\0\0bIL@Qy?/@','\0\0\0\0\0\0\0yM L@Cm:/@','2023-01-12 00:05:29','2023-01-12 00:24:19'),
(30,528,147,0,0,'\0\0\0\0\0\0\0\\bL@xc$%/@','\0\0\0\0\0\0\0D70L@Jq0/@','2023-01-08 13:25:49','2023-01-08 13:32:34'),
(31,173,133,0,0,'\0\0\0\0\0\0\00L@9R;/@','\0\0\0\0\0\0\0>\\ L@WD7/@','2023-01-16 01:08:33','2023-01-16 01:25:19'),
(32,547,80,0,0,'\0\0\0\0\0\0\0L@\0T92/@','\0\0\0\0\0\0\0\'w\\L@C*=/@','2023-01-14 13:41:56','2023-01-14 13:43:01'),
(33,969,64,0,0,'\0\0\0\0\0\0\0AEL@4tZ!5/@','\0\0\0\0\0\0\0[3L@\\1/@','2023-01-20 10:14:35','2023-01-20 10:54:47'),
(34,884,128,0,0,'\0\0\0\0\0\0\0L@q+/@','\0\0\0\0\0\0\09kL@\Z+&/@','2023-01-12 20:16:43','2023-01-12 20:34:19'),
(35,858,111,0,0,'\0\0\0\0\0\0\0EL@@$/@','\0\0\0\0\0\0\0\rPL@ RS,/@','2023-01-18 15:43:41','2023-01-18 16:36:59'),
(36,873,106,0,0,'\0\0\0\0\0\0\0fi$L@&b\'/@','\0\0\0\0\0\0\0͊*L@帝y6/@','2023-01-13 11:01:13','2023-01-13 11:41:14'),
(37,471,25,0,0,'\0\0\0\0\0\0\0~U<L@)Ff:/@','\0\0\0\0\0\0\0_RRL@\n /@','2023-01-12 11:26:47','2023-01-12 11:56:23'),
(38,939,79,0,0,'\0\0\0\0\0\0\0Z5HL@r+&/@','\0\0\0\0\0\0\0]L@Ze#/@','2023-01-16 16:21:36','2023-01-16 17:11:12'),
(39,9,70,0,0,'\0\0\0\0\0\0\0pRL@Pe>/@','\0\0\0\0\0\0\0Z\nDL@_dj/=/@','2023-01-10 08:44:08','2023-01-10 08:51:22'),
(40,200,5,0,0,'\0\0\0\0\0\0\0DL@AY\"ؓ$/@','\0\0\0\0\0\0\0GNPL@$)D(/@','2023-01-13 04:41:33','2023-01-13 05:18:37'),
(41,485,78,0,0,'\0\0\0\0\0\0\0GsL@T(/@','\0\0\0\0\0\0\0Ɖ{L@76/@','2023-01-15 23:29:04','2023-01-16 00:09:20'),
(42,832,28,0,0,'\0\0\0\0\0\0\0-L@:)(/@','\0\0\0\0\0\0\0HXL@zzL0/@','2023-01-17 07:23:21','2023-01-17 07:37:41'),
(43,419,75,0,0,'\0\0\0\0\0\0\0~giL@8&-;/@','\0\0\0\0\0\0\0{_L@K^n./@','2023-01-08 08:36:25','2023-01-08 09:20:46'),
(44,671,125,0,0,'\0\0\0\0\0\0\0Ы<L@\r\"z67/@','\0\0\0\0\0\0\0ytL@Bs5 /@','2023-01-09 07:45:41','2023-01-09 08:38:55'),
(45,354,121,0,0,'\0\0\0\0\0\0\0/L@C\r /@','\0\0\0\0\0\0\0+\\xL@\rʢ$/@','2023-01-12 13:50:50','2023-01-12 14:37:58'),
(46,40,55,0,0,'\0\0\0\0\0\0\0RL@1[I\Z-/@','\0\0\0\0\0\0\0eL@oA*/@','2023-01-15 23:17:15','2023-01-15 23:25:36'),
(47,752,54,0,0,'\0\0\0\0\0\0\0&L@up>/@','\0\0\0\0\0\0\09n\0|L@z2/@','2023-01-19 06:40:39','2023-01-19 07:38:39'),
(48,321,42,0,0,'\0\0\0\0\0\0\0{,L@-I=/@','\0\0\0\0\0\0\0]OgL@j./@','2023-01-09 12:40:54','2023-01-09 13:00:08'),
(49,899,4,0,0,'\0\0\0\0\0\0\0PW=L@\n</@','\0\0\0\0\0\0\0wmVL@a-0/@','2023-01-07 14:36:41','2023-01-07 15:08:30'),
(50,578,45,0,0,'\0\0\0\0\0\0\0\"L@\0D7/@','\0\0\0\0\0\0\0X*ZL@u0/@','2023-01-14 04:36:33','2023-01-14 05:34:26');
/*!40000 ALTER TABLE `trip` ENABLE KEYS */;
UNLOCK TABLES;
/*!50003 SET @saved_cs_client      = @@character_set_client */ ;
/*!50003 SET @saved_cs_results     = @@character_set_results */ ;
/*!50003 SET @saved_col_connection = @@collation_connection */ ;
/*!50003 SET character_set_client  = utf8mb3 */ ;
/*!50003 SET character_set_results = utf8mb3 */ ;
/*!50003 SET collation_connection  = utf8mb3_general_ci */ ;
/*!50003 SET @saved_sql_mode       = @@sql_mode */ ;
/*!50003 SET sql_mode              = 'ONLY_FULL_GROUP_BY,STRICT_TRANS_TABLES,NO_ZERO_IN_DATE,NO_ZERO_DATE,ERROR_FOR_DIVISION_BY_ZERO,NO_ENGINE_SUBSTITUTION' */ ;
DELIMITER ;;
/*!50003 CREATE*/ /*!50017 DEFINER=`snaladm`@`mariadb`*/ /*!50003 TRIGGER `vteams`.`trip_AFTER_INSERT` AFTER INSERT ON `trip` FOR EACH ROW
BEGIN
	UPDATE scooter
		SET available = 0
    WHERE scooter.id = NEW.scooter_id;
END */;;
DELIMITER ;
/*!50003 SET sql_mode              = @saved_sql_mode */ ;
/*!50003 SET character_set_client  = @saved_cs_client */ ;
/*!50003 SET character_set_results = @saved_cs_results */ ;
/*!50003 SET collation_connection  = @saved_col_connection */ ;
/*!50003 SET @saved_cs_client      = @@character_set_client */ ;
/*!50003 SET @saved_cs_results     = @@character_set_results */ ;
/*!50003 SET @saved_col_connection = @@collation_connection */ ;
/*!50003 SET character_set_client  = utf8mb3 */ ;
/*!50003 SET character_set_results = utf8mb3 */ ;
/*!50003 SET collation_connection  = utf8mb3_general_ci */ ;
/*!50003 SET @saved_sql_mode       = @@sql_mode */ ;
/*!50003 SET sql_mode              = 'ONLY_FULL_GROUP_BY,STRICT_TRANS_TABLES,NO_ZERO_IN_DATE,NO_ZERO_DATE,ERROR_FOR_DIVISION_BY_ZERO,NO_ENGINE_SUBSTITUTION' */ ;
DELIMITER ;;
/*!50003 CREATE*/ /*!50017 DEFINER=`snaladm`@`mariadb`*/ /*!50003 TRIGGER `vteams`.`trip_AFTER_UPDATE` AFTER UPDATE ON `trip` FOR EACH ROW
BEGIN
	IF NEW.stop_position IS NOT NULL THEN
		SET @fee = get_fee(NEW.stop_position, NEW.start_position, NEW.scooter_id);
        SET @amount = TIMESTAMPDIFF(MINUTE, NEW.start_time, NEW.stop_time) * 3 + @fee;
        UPDATE user
            SET 
				credit = credit - @amount,
                enabled = IF(credit - @amount > 0, 1, 0)
		WHERE user.id = NEW.user_id;
        SELECT IF(credit >= 0, CURRENT_TIMESTAMP(), NULL) INTO @payed
        FROM user WHERE user.id = NEW.user_id;
        INSERT INTO invoice 
			(trip_id, amount, payed, fee)
		VALUES (NEW.id, @amount, @payed, @fee);
		UPDATE scooter
            SET available = 1
		WHERE id = NEW.scooter_id;
	END IF;
END */;;
DELIMITER ;
/*!50003 SET sql_mode              = @saved_sql_mode */ ;
/*!50003 SET character_set_client  = @saved_cs_client */ ;
/*!50003 SET character_set_results = @saved_cs_results */ ;
/*!50003 SET collation_connection  = @saved_col_connection */ ;

--
-- Table structure for table `user`
--

DROP TABLE IF EXISTS `user`;
/*!40101 SET @saved_cs_client     = @@character_set_client */;
/*!40101 SET character_set_client = utf8 */;
CREATE TABLE `user` (
  `id` int(11) NOT NULL AUTO_INCREMENT,
  `first_name` varchar(45) DEFAULT NULL,
  `last_name` varchar(45) DEFAULT NULL,
  `phone_number` int(11) DEFAULT NULL,
  `email` varchar(100) DEFAULT NULL,
  `register_date` timestamp NULL DEFAULT current_timestamp(),
  `social_security` varchar(45) DEFAULT NULL,
  `enabled` tinyint(1) DEFAULT 1,
  `credit` float DEFAULT 0,
  `token` varchar(45) NOT NULL,
  PRIMARY KEY (`id`)
) ENGINE=InnoDB AUTO_INCREMENT=1000 DEFAULT CHARSET=utf8mb3;
/*!40101 SET character_set_client = @saved_cs_client */;

--
-- Dumping data for table `user`
--

LOCK TABLES `user` WRITE;
/*!40000 ALTER TABLE `user` DISABLE KEYS */;
INSERT INTO `user` VALUES
(1,'Donald','Rice',89752655,'D-Rice80@yahoo.com','2023-01-22 12:18:38','1996',1,966,'(962)315-0759x91726'),
(2,'Cynthia','Miller',62436321,'C.Miller90@yahoo.com','2023-01-22 12:18:38','1948',1,449,'030.315.5888'),
(3,'Joseph','Wilson',56198356,'J.Wilson68@gmail.com','2023-01-22 12:18:38','1964',1,795,'001-838-022-2445x8349'),
(4,'Richard','Hall',49445926,'R.Hall91@yahoo.com','2023-01-22 12:18:38','1986',1,663,'+1-102-181-4902x276'),
(5,'Lisa','Contreras',46887718,'L.Contreras68@gmail.com','2023-01-22 12:18:38','1979',1,26,'(852)467-9393x38924'),
(6,'Michael','Jackson',34271937,'M-Jackson87@yahoo.com','2023-01-22 12:18:38','1976',1,400,'001-968-376-5186'),
(7,'Donna','Moreno',94944334,'D.Moreno77@gmail.com','2023-01-22 12:18:38','1996',1,579,'402-765-3994x3842'),
(8,'Ryan','Hernandez',56059369,'R-Hernandez60@yahoo.com','2023-01-22 12:18:38','1954',1,199,'+1-723-907-0762x445'),
(9,'Charles','Cohen',54168240,'C_Cohen61@hotmail.com','2023-01-22 12:18:38','1971',0,-15,'961.595.0897x14056'),
(10,'Ryan','Cisneros',26048355,'R_Cisneros63@gmail.com','2023-01-22 12:18:38','1972',1,63,'343.163.2672'),
(11,'Jennifer','Ball',20786462,'J-Ball54@hotmail.com','2023-01-22 12:18:38','1980',1,461,'849.943.0678'),
(12,'Andrea','Garcia',53820690,'A-Garcia99@yahoo.com','2023-01-22 12:18:38','1978',1,459,'+1-134-328-9735'),
(13,'Denise','Jones',57572421,'D.Jones69@yahoo.com','2023-01-22 12:18:38','2008',1,156,'001-658-232-2703x72650'),
(14,'Katherine','Frederick',54541388,'K_Frederick79@yahoo.com','2023-01-22 12:18:38','1981',1,967,'001-784-080-2721x8964'),
(15,'Elizabeth','Lee',70392392,'E.Lee54@yahoo.com','2023-01-22 12:18:38','1985',1,284,'+1-266-626-7896x058'),
(16,'Courtney','Williams',38197767,'C_Williams59@yahoo.com','2023-01-22 12:18:38','1958',1,245,'(387)176-0260x25000'),
(17,'Michael','Carrillo',16057994,'M-Carrillo79@hotmail.com','2023-01-22 12:18:38','1977',1,315,'(804)496-7506x8566'),
(18,'Heather','Craig',19802065,'H-Craig64@yahoo.com','2023-01-22 12:18:38','1960',1,63,'+1-082-739-0358x43340'),
(19,'Amy','Butler',24936927,'A-Butler95@hotmail.com','2023-01-22 12:18:38','1952',1,123,'0811596247'),
(20,'Rebecca','Cole',39133293,'R.Cole78@yahoo.com','2023-01-22 12:18:38','1984',1,404,'001-372-638-2740x4833'),
(21,'Christian','Miranda',79908864,'C.Miranda84@yahoo.com','2023-01-22 12:18:38','1969',1,305,'001-886-389-3795x87370'),
(22,'Melanie','Trujillo',27634330,'M.Trujillo64@hotmail.com','2023-01-22 12:18:38','1959',1,959,'+1-345-951-1818x70933'),
(23,'Nathan','Green',43437690,'N-Green81@hotmail.com','2023-01-22 12:18:38','1946',1,705,'869.935.9172x324'),
(24,'Melissa','Donovan',89908337,'M-Donovan88@yahoo.com','2023-01-22 12:18:38','1974',1,579,'622.110.6855'),
(25,'Deborah','Collins',55503221,'D_Collins99@gmail.com','2023-01-22 12:18:38','1991',0,-29,'+1-676-317-2227x75356'),
(26,'Joshua','Herrera',54988380,'J.Herrera75@hotmail.com','2023-01-22 12:18:38','1948',1,199,'399.491.9120x895'),
(27,'Jose','Perez',53649900,'J-Perez89@yahoo.com','2023-01-22 12:18:38','1974',1,344,'(077)176-4944'),
(28,'Donald','Cruz',79967780,'D_Cruz81@gmail.com','2023-01-22 12:18:38','1963',1,442,'(228)845-8866'),
(29,'Anthony','Willis',40653901,'A_Willis54@hotmail.com','2023-01-22 12:18:38','1978',1,979,'+1-209-950-9017x61323'),
(30,'Sean','Matthews',85250609,'S_Matthews82@yahoo.com','2023-01-22 12:18:38','1971',1,202,'(115)944-2021'),
(31,'Katherine','Baker',45112248,'K_Baker91@gmail.com','2023-01-22 12:18:38','1995',1,637,'553-605-3242'),
(32,'Robert','Baker',44221042,'R_Baker75@hotmail.com','2023-01-22 12:18:38','1987',1,652,'(507)943-0097x7900'),
(33,'Jacob','Hopkins',92660852,'J-Hopkins76@gmail.com','2023-01-22 12:18:38','1971',1,962,'477-072-6332x20467'),
(34,'Chad','Hayes',15682499,'C.Hayes59@yahoo.com','2023-01-22 12:18:38','1957',1,215,'874.613.1182x44846'),
(35,'William','Benson',17421455,'W_Benson56@hotmail.com','2023-01-22 12:18:38','1950',1,754,'001-016-336-8839x742'),
(36,'Amy','Jennings',31012425,'A-Jennings67@yahoo.com','2023-01-22 12:18:38','2009',1,978,'383.743.2971x157'),
(37,'Neil','Baker',77080464,'N_Baker58@gmail.com','2023-01-22 12:18:38','1978',1,556,'(327)229-5865'),
(38,'Anna','Wright',79696484,'A_Wright93@hotmail.com','2023-01-22 12:18:38','1938',1,481,'(397)380-7164x11037'),
(39,'Heather','Jacobs',76055889,'H-Jacobs85@hotmail.com','2023-01-22 12:18:38','1969',1,457,'420.568.8634x9098'),
(40,'Sherri','Jensen',57564239,'S.Jensen62@hotmail.com','2023-01-22 12:18:38','1983',1,454,'475.042.4981'),
(41,'Jeremiah','Cisneros',84813582,'J.Cisneros83@yahoo.com','2023-01-22 12:18:38','1968',1,118,'017.477.1886x00732'),
(42,'Evelyn','Davis',32030763,'E.Davis70@yahoo.com','2023-01-22 12:18:38','1952',1,491,'013-857-6785'),
(43,'Pedro','Gray',96734136,'P.Gray80@yahoo.com','2023-01-22 12:18:38','1967',1,563,'+1-458-967-1394'),
(44,'Andrew','Maldonado',54896539,'A-Maldonado50@hotmail.com','2023-01-22 12:18:38','1985',1,445,'530.671.3945x223'),
(45,'David','Miller',41854120,'D-Miller89@yahoo.com','2023-01-22 12:18:38','1966',1,49,'960-924-4899'),
(46,'Sharon','Richards',21729118,'S_Richards97@hotmail.com','2023-01-22 12:18:38','1970',1,774,'+1-680-654-5046x124'),
(47,'Jessica','Phillips',90565415,'J_Phillips70@yahoo.com','2023-01-22 12:18:38','1974',1,90,'(504)584-3719x533'),
(48,'Dave','Ramirez',62047146,'D.Ramirez50@hotmail.com','2023-01-22 12:18:38','1955',1,897,'100.851.2196x057'),
(49,'Hannah','Alvarez',20826590,'H.Alvarez54@gmail.com','2023-01-22 12:18:38','1957',1,766,'1845462318'),
(50,'Bryan','Thompson',60647238,'B.Thompson68@hotmail.com','2023-01-22 12:18:38','1979',1,896,'(516)837-3242'),
(51,'Crystal','Andersen',66574996,'C.Andersen59@yahoo.com','2023-01-22 12:18:38','2000',1,369,'226-695-2213x2868'),
(52,'Cynthia','Ray',93929923,'C_Ray60@gmail.com','2023-01-22 12:18:38','1983',0,84,'(543)298-7914'),
(53,'Suzanne','Green',24193225,'S.Green59@hotmail.com','2023-01-22 12:18:38','1980',1,343,'001-738-661-0340'),
(54,'Amber','Mckenzie',36246017,'A-Mckenzie81@hotmail.com','2023-01-22 12:18:38','1975',1,539,'(897)565-8531x6995'),
(55,'Patricia','Chambers',13899696,'P-Chambers89@hotmail.com','2023-01-22 12:18:38','1982',1,592,'766.120.8141x9163'),
(56,'Matthew','Richardson',31686786,'M-Richardson57@gmail.com','2023-01-22 12:18:38','1994',1,534,'001-464-208-1106x1275'),
(57,'Richard','Reeves',48588890,'R-Reeves51@hotmail.com','2023-01-22 12:18:38','1963',1,993,'+1-537-902-8834'),
(58,'Tiffany','Owens',30891216,'T_Owens68@gmail.com','2023-01-22 12:18:38','1953',1,403,'653-701-1689'),
(59,'Joseph','Rogers',15139300,'J_Rogers91@gmail.com','2023-01-22 12:18:38','1952',1,754,'001-349-840-7142x89919'),
(60,'Christopher','Wheeler',42240452,'C.Wheeler51@yahoo.com','2023-01-22 12:18:38','1988',1,437,'078.598.7847x2912'),
(61,'Christopher','Zimmerman',38148141,'C.Zimmerman61@hotmail.com','2023-01-22 12:18:38','1967',1,349,'001-521-009-5536x8887'),
(62,'Stephanie','Baird',27852045,'S-Baird85@hotmail.com','2023-01-22 12:18:38','1965',1,881,'713-545-5829'),
(63,'Logan','Sanchez',26440828,'L-Sanchez84@yahoo.com','2023-01-22 12:18:38','1991',1,497,'5195367119'),
(64,'David','Petersen',73528883,'D-Petersen77@yahoo.com','2023-01-22 12:18:38','1968',1,784,'+1-527-113-6584x392'),
(65,'Yvette','Stafford',65840828,'Y.Stafford51@gmail.com','2023-01-22 12:18:38','1977',1,644,'001-927-360-0278x9443'),
(66,'Holly','Joyce',27700367,'H-Joyce69@hotmail.com','2023-01-22 12:18:38','1990',1,541,'001-578-099-5348x3450'),
(67,'Russell','Thompson',18261202,'R_Thompson95@gmail.com','2023-01-22 12:18:38','1999',1,997,'(712)409-8368'),
(68,'George','King',97585042,'G_King94@gmail.com','2023-01-22 12:18:38','1996',1,807,'418.005.4844x297'),
(69,'Matthew','Rogers',80197066,'M_Rogers86@yahoo.com','2023-01-22 12:18:38','1946',1,812,'001-195-355-4365'),
(70,'Jenna','Jones',33102283,'J-Jones95@gmail.com','2023-01-22 12:18:38','1947',1,603,'(678)463-6655x591'),
(71,'Gabrielle','Walton',45817189,'G.Walton78@yahoo.com','2023-01-22 12:18:38','2004',1,324,'(301)012-1985'),
(72,'Robert','Anderson',27477571,'R.Anderson96@hotmail.com','2023-01-22 12:18:38','1975',1,481,'563-243-4447x514'),
(73,'Travis','Bruce',42088772,'T_Bruce77@yahoo.com','2023-01-22 12:18:38','1951',1,23,'714.397.1531'),
(74,'Laurie','Hughes',72885508,'L-Hughes75@yahoo.com','2023-01-22 12:18:38','1974',1,344,'072.712.3971'),
(75,'Lisa','Johnson',16557857,'L_Johnson80@hotmail.com','2023-01-22 12:18:38','1965',1,808,'066-978-5955x78636'),
(76,'Edward','Davis',21482727,'E-Davis89@hotmail.com','2023-01-22 12:18:38','1994',1,202,'1997414514'),
(77,'Eduardo','Lee',26796307,'E.Lee99@yahoo.com','2023-01-22 12:18:38','1973',1,262,'001-779-903-7322x191'),
(78,'Rachel','Stephens',27551383,'R-Stephens50@gmail.com','2023-01-22 12:18:38','1985',1,831,'+1-545-509-6449x3054'),
(79,'Antonio','Francis',52389391,'A-Francis76@yahoo.com','2023-01-22 12:18:38','1991',1,831,'234.050.2720x89818'),
(80,'Michelle','Chan',14270416,'M-Chan94@yahoo.com','2023-01-22 12:18:38','1940',1,47,'948-624-3351'),
(81,'Tracy','Gardner',16113163,'T_Gardner67@hotmail.com','2023-01-22 12:18:38','1958',1,541,'001-867-128-9920x495'),
(82,'Eric','Wilson',76464648,'E.Wilson97@yahoo.com','2023-01-22 12:18:38','1971',1,488,'775.536.6321x7216'),
(83,'Amy','Rosario',14449933,'A.Rosario52@yahoo.com','2023-01-22 12:18:38','1964',1,143,'(224)007-6417x2385'),
(84,'Jennifer','Young',16615076,'J.Young86@yahoo.com','2023-01-22 12:18:38','1973',1,268,'001-655-880-0891x42460'),
(85,'Joseph','Howell',69586604,'J-Howell78@gmail.com','2023-01-22 12:18:38','1967',1,543,'+1-380-688-9221'),
(86,'Kristy','Lee',26279063,'K_Lee79@gmail.com','2023-01-22 12:18:38','1964',1,753,'158.610.8225'),
(87,'Kimberly','Brown',97092964,'K-Brown60@yahoo.com','2023-01-22 12:18:38','1938',1,508,'+1-185-223-4882'),
(88,'Melissa','Thompson',45702343,'M-Thompson82@hotmail.com','2023-01-22 12:18:38','1974',1,247,'001-651-806-8888'),
(89,'David','Foster',30667364,'D-Foster59@gmail.com','2023-01-22 12:18:38','1959',1,472,'(209)811-2337x4217'),
(90,'Mason','Lee',82820914,'M.Lee63@yahoo.com','2023-01-22 12:18:38','1948',1,859,'001-238-001-8455x23635'),
(91,'Alexis','Jimenez',63890454,'A_Jimenez76@yahoo.com','2023-01-22 12:18:38','1996',1,918,'(369)853-9018x49193'),
(92,'Robert','Franklin',11129128,'R_Franklin73@gmail.com','2023-01-22 12:18:38','1949',1,924,'(825)990-3154x31850'),
(93,'Zachary','Richard',46779478,'Z-Richard80@hotmail.com','2023-01-22 12:18:38','2000',1,290,'914-391-6888'),
(94,'Erica','Cox',76803440,'E.Cox57@gmail.com','2023-01-22 12:18:38','2008',1,647,'450.759.1103x417'),
(95,'Douglas','Moore',72350154,'D_Moore84@hotmail.com','2023-01-22 12:18:38','1956',1,350,'722.503.4174x233'),
(96,'Joshua','Bennett',94123973,'J-Bennett90@yahoo.com','2023-01-22 12:18:38','1971',1,589,'377.237.7628x440'),
(97,'Paige','Morris',80090607,'P_Morris54@yahoo.com','2023-01-22 12:18:38','1940',1,743,'269.839.6715'),
(98,'Abigail','Cox',69257675,'A_Cox92@yahoo.com','2023-01-22 12:18:38','1986',1,251,'672.934.4637x36688'),
(99,'Lori','Moses',19868543,'L.Moses70@yahoo.com','2023-01-22 12:18:38','1966',1,153,'(872)845-2662'),
(100,'Frank','Espinoza',17933576,'F-Espinoza92@gmail.com','2023-01-22 12:18:38','1971',1,10,'914-183-7780x0303'),
(101,'Margaret','Krueger',16387929,'M_Krueger77@yahoo.com','2023-01-22 12:18:38','1947',1,145,'+1-093-324-4755x278'),
(102,'Paul','Payne',86546893,'P.Payne79@hotmail.com','2023-01-22 12:18:38','2000',1,477,'(594)321-0940x52436'),
(103,'Randy','Wilson',59775556,'R_Wilson97@gmail.com','2023-01-22 12:18:38','1994',1,999,'+1-504-288-3445x48362'),
(104,'Brandi','Reyes',84506697,'B.Reyes83@yahoo.com','2023-01-22 12:18:38','1971',1,448,'(181)957-5505'),
(105,'Chad','Gonzalez',70642672,'C.Gonzalez93@gmail.com','2023-01-22 12:18:38','1969',1,121,'771.022.8303x06820'),
(106,'Bryan','Richmond',44760541,'B-Richmond66@hotmail.com','2023-01-22 12:18:38','1958',1,472,'021-247-7775x0107'),
(107,'Paul','Fischer',73803729,'P_Fischer92@hotmail.com','2023-01-22 12:18:38','1979',1,287,'+1-607-483-7699x5150'),
(108,'Vanessa','Stanley',84719628,'V_Stanley85@yahoo.com','2023-01-22 12:18:38','2003',1,379,'+1-305-972-0530x60758'),
(109,'Ashley','Fernandez',87351417,'A_Fernandez54@hotmail.com','2023-01-22 12:18:38','1977',1,263,'(260)318-4383'),
(110,'John','Garrison',12386255,'J.Garrison66@gmail.com','2023-01-22 12:18:38','1961',1,759,'634-738-5142x5895'),
(111,'Jessica','Moore',97535616,'J.Moore90@hotmail.com','2023-01-22 12:18:38','1975',1,828,'001-825-892-5101x197'),
(112,'Deborah','Smith',39826224,'D.Smith56@gmail.com','2023-01-22 12:18:38','2006',1,670,'001-720-535-5526'),
(113,'Randy','Lewis',87956639,'R.Lewis91@gmail.com','2023-01-22 12:18:38','1992',1,344,'001-548-785-4316x976'),
(114,'Dawn','Day',82335253,'D_Day92@yahoo.com','2023-01-22 12:18:38','1972',1,592,'414-522-8142x659'),
(115,'Jeffrey','Walter',22240840,'J.Walter51@hotmail.com','2023-01-22 12:18:38','1957',1,16,'(142)701-7456x498'),
(116,'Brandon','Choi',56215427,'B_Choi89@gmail.com','2023-01-22 12:18:38','1998',1,607,'663-717-9526'),
(117,'Jeff','Douglas',30492463,'J_Douglas64@hotmail.com','2023-01-22 12:18:38','1976',1,122,'(958)806-1722'),
(118,'Cody','Schneider',69461776,'C.Schneider80@gmail.com','2023-01-22 12:18:38','2003',1,84,'380-257-5077x98736'),
(119,'Tiffany','Solomon',98071965,'T_Solomon91@yahoo.com','2023-01-22 12:18:38','1964',1,405,'976-374-8213'),
(120,'Mandy','Sullivan',36035824,'M_Sullivan53@yahoo.com','2023-01-22 12:18:38','1978',1,817,'(242)313-6771x604'),
(121,'Leslie','Cooper',84118218,'L-Cooper53@hotmail.com','2023-01-22 12:18:38','1962',1,98,'+1-409-747-6627x207'),
(122,'Michael','Torres',70831235,'M-Torres56@hotmail.com','2023-01-22 12:18:38','1977',1,810,'001-698-933-8675x900'),
(123,'Christopher','Patel',49674059,'C-Patel97@hotmail.com','2023-01-22 12:18:38','1949',1,437,'(447)429-1641x78875'),
(124,'Amanda','Davis',98674501,'A-Davis66@hotmail.com','2023-01-22 12:18:38','1964',1,880,'+1-193-952-5263x5126'),
(125,'Eric','Mann',37484997,'E.Mann92@hotmail.com','2023-01-22 12:18:38','1978',1,401,'(998)659-1986x1503'),
(126,'Melissa','Mills',68090203,'M.Mills86@gmail.com','2023-01-22 12:18:38','1940',1,808,'001-840-608-4154'),
(127,'Alan','Clark',25363218,'A.Clark67@hotmail.com','2023-01-22 12:18:38','2003',1,517,'113.963.1875x98595'),
(128,'Curtis','Ortega',21388378,'C-Ortega97@hotmail.com','2023-01-22 12:18:38','1991',1,379,'(587)881-5543'),
(129,'Dean','Oconnor',27628335,'D_Oconnor89@yahoo.com','2023-01-22 12:18:38','1977',1,227,'779.934.3418x16024'),
(130,'Bailey','Gardner',96990105,'B_Gardner68@hotmail.com','2023-01-22 12:18:38','1975',1,992,'+1-085-027-1089x75836'),
(131,'Michelle','Patel',62168072,'M-Patel68@yahoo.com','2023-01-22 12:18:38','1971',1,301,'+1-710-259-5415'),
(132,'Jennifer','Bennett',21703438,'J-Bennett85@gmail.com','2023-01-22 12:18:38','1978',1,997,'+1-346-785-5558x32953'),
(133,'Lisa','Miller',59164164,'L.Miller75@gmail.com','2023-01-22 12:18:38','1993',1,210,'977-713-1750x69908'),
(134,'Bill','Briggs',49456858,'B_Briggs80@yahoo.com','2023-01-22 12:18:38','2013',1,988,'001-408-653-2892x547'),
(135,'Logan','Ramirez',84755912,'L-Ramirez85@gmail.com','2023-01-22 12:18:38','1933',1,29,'001-983-715-9244x0899'),
(136,'Lauren','Brown',97921761,'L_Brown54@yahoo.com','2023-01-22 12:18:38','1997',1,420,'048.170.6180x891'),
(137,'Tyler','Henderson',76266191,'T-Henderson64@gmail.com','2023-01-22 12:18:38','1988',1,129,'(625)378-3923x087'),
(138,'Katrina','Welch',79533219,'K-Welch82@hotmail.com','2023-01-22 12:18:38','1955',1,130,'(087)280-8279x5675'),
(139,'Justin','Hamilton',23654083,'J_Hamilton67@yahoo.com','2023-01-22 12:18:38','1978',1,816,'+1-928-892-1493'),
(140,'James','Howard',33522271,'J-Howard69@yahoo.com','2023-01-22 12:18:38','1963',1,23,'472-483-3519'),
(141,'Emily','Adams',70231253,'E_Adams79@yahoo.com','2023-01-22 12:18:38','1983',1,799,'001-654-635-1984x26475'),
(142,'Shelia','Tucker',88735504,'S-Tucker85@gmail.com','2023-01-22 12:18:38','1986',1,252,'931.647.2752x48080'),
(143,'Justin','Kelly',41083380,'J_Kelly58@gmail.com','2023-01-22 12:18:38','2005',1,294,'577-468-8227'),
(144,'Nicholas','Poole',18582994,'N_Poole51@yahoo.com','2023-01-22 12:18:38','1943',1,993,'098.810.2004x7490'),
(145,'Thomas','Vasquez',82267448,'T.Vasquez66@hotmail.com','2023-01-22 12:18:38','1977',1,209,'+1-730-472-4024'),
(146,'Leslie','Ramirez',31217959,'L-Ramirez63@hotmail.com','2023-01-22 12:18:38','1963',1,480,'724-906-8846x11231'),
(147,'William','Mejia',93903269,'W_Mejia67@gmail.com','2023-01-22 12:18:38','2014',1,929,'4685943240'),
(148,'Patricia','Rodriguez',41226532,'P-Rodriguez70@yahoo.com','2023-01-22 12:18:38','1954',1,878,'001-562-388-0765x2836'),
(149,'John','Hernandez',28504495,'J_Hernandez91@gmail.com','2023-01-22 12:18:38','1960',1,698,'331.331.1811'),
(150,'Alexander','Stuart',65265292,'A.Stuart85@gmail.com','2023-01-22 12:18:38','1967',1,534,'445-878-9618x48619'),
(151,'Melanie','Turner',57637214,'M_Turner56@gmail.com','2023-01-22 12:18:38','1955',1,858,'+1-939-098-1861x22031'),
(152,'Amber','Stevens',54645227,'A_Stevens65@hotmail.com','2023-01-22 12:18:38','1986',1,509,'+1-990-588-0543'),
(153,'Jared','Burke',33270625,'J_Burke61@yahoo.com','2023-01-22 12:18:38','1971',1,750,'371-673-8449x690'),
(154,'Taylor','Hawkins',67206184,'T-Hawkins79@hotmail.com','2023-01-22 12:18:38','1933',1,405,'4545540520'),
(155,'Karen','Barr',63764105,'K.Barr71@hotmail.com','2023-01-22 12:18:38','1965',1,527,'766.449.8037x06733'),
(156,'Andrea','Barber',48315917,'A-Barber54@yahoo.com','2023-01-22 12:18:38','1936',1,638,'+1-008-733-5792x52135'),
(157,'Eric','Hinton',40723063,'E.Hinton80@yahoo.com','2023-01-22 12:18:38','1978',1,140,'345-791-7906'),
(158,'Heather','Vargas',16307952,'H-Vargas81@yahoo.com','2023-01-22 12:18:38','1973',1,900,'0812552848'),
(159,'Cynthia','Baker',39346179,'C_Baker57@yahoo.com','2023-01-22 12:18:38','1956',1,819,'301.833.4454'),
(160,'Tracey','Clark',72743147,'T.Clark85@hotmail.com','2023-01-22 12:18:38','1978',1,327,'3798717852'),
(161,'Jason','Boyer',31323474,'J_Boyer72@yahoo.com','2023-01-22 12:18:38','1972',1,263,'+1-368-411-6686x469'),
(162,'Diana','Allen',98791118,'D-Allen68@gmail.com','2023-01-22 12:18:38','1942',1,918,'(940)436-7870'),
(163,'Jennifer','Davenport',15706938,'J.Davenport80@gmail.com','2023-01-22 12:18:38','1974',1,541,'001-395-690-0674'),
(164,'Sara','Morales',12287198,'S-Morales94@gmail.com','2023-01-22 12:18:38','1957',1,288,'(806)744-2833x815'),
(165,'Michael','Martinez',75693247,'M_Martinez63@hotmail.com','2023-01-22 12:18:38','1959',1,169,'274.997.4415x629'),
(166,'Karen','Calhoun',44733602,'K_Calhoun68@hotmail.com','2023-01-22 12:18:38','1957',1,13,'(184)794-8268x58892'),
(167,'Ronald','Jones',57507297,'R-Jones63@gmail.com','2023-01-22 12:18:38','1963',1,110,'+1-653-080-8833x6072'),
(168,'Juan','Nguyen',17927080,'J-Nguyen64@yahoo.com','2023-01-22 12:18:38','1982',1,614,'709-083-1591'),
(169,'Dennis','Young',36493445,'D.Young90@hotmail.com','2023-01-22 12:18:38','1954',1,521,'212-685-3215'),
(170,'Ana','Alvarez',10724518,'A_Alvarez52@hotmail.com','2023-01-22 12:18:38','1984',1,203,'426-956-0640x63509'),
(171,'Sarah','Walters',96259886,'S.Walters87@yahoo.com','2023-01-22 12:18:38','1988',1,129,'001-744-881-4881x370'),
(172,'Heather','Parker',64245631,'H-Parker78@gmail.com','2023-01-22 12:18:38','1960',1,148,'(183)082-9594'),
(173,'Nicole','Mcdonald',79692020,'N-Mcdonald92@yahoo.com','2023-01-22 12:18:38','1964',0,-5,'6933184680'),
(174,'Jessica','Fuller',36750636,'J-Fuller81@hotmail.com','2023-01-22 12:18:38','1959',1,970,'(947)071-1546x80227'),
(175,'Frederick','Powell',88111753,'F-Powell94@yahoo.com','2023-01-22 12:18:38','1978',1,704,'(747)518-8764x1778'),
(176,'Christopher','Hill',44515296,'C-Hill78@yahoo.com','2023-01-22 12:18:38','1961',1,742,'(089)882-8624x0820'),
(177,'Jessica','Jones',43191616,'J.Jones86@gmail.com','2023-01-22 12:18:38','1981',1,243,'+1-805-606-3805x48319'),
(178,'Charles','Roy',73485542,'C.Roy73@yahoo.com','2023-01-22 12:18:38','1980',1,753,'623-163-6871x7627'),
(179,'Amanda','Smith',50209366,'A-Smith80@yahoo.com','2023-01-22 12:18:38','1991',1,981,'804.479.5975x9302'),
(180,'Allison','Green',29878333,'A.Green84@hotmail.com','2023-01-22 12:18:38','1953',1,139,'2822598764'),
(181,'Karen','Garza',77181752,'K.Garza85@yahoo.com','2023-01-22 12:18:38','1960',1,641,'126.605.2494x10067'),
(182,'Victoria','Ward',87994464,'V-Ward71@yahoo.com','2023-01-22 12:18:38','1981',1,20,'+1-956-675-9721'),
(183,'Emily','Hartman',57064118,'E-Hartman58@gmail.com','2023-01-22 12:18:38','1987',1,640,'(429)372-6474x55354'),
(184,'Bradley','Morales',85182758,'B.Morales76@yahoo.com','2023-01-22 12:18:38','1983',1,424,'300-897-9856'),
(185,'Colton','Moore',51115673,'C.Moore67@gmail.com','2023-01-22 12:18:38','1989',1,169,'001-524-613-4244'),
(186,'Nicole','Morales',65795429,'N.Morales70@gmail.com','2023-01-22 12:18:38','1960',1,609,'+1-937-680-3349'),
(187,'James','Bird',30633509,'J.Bird68@gmail.com','2023-01-22 12:18:38','1996',1,514,'(583)025-4368'),
(188,'Mario','Jackson',62303445,'M_Jackson99@gmail.com','2023-01-22 12:18:38','1975',1,54,'001-897-455-6359'),
(189,'Jonathan','Williams',45994369,'J.Williams67@yahoo.com','2023-01-22 12:18:38','1963',1,686,'+1-105-867-0249'),
(190,'Charles','Lester',39670279,'C-Lester87@gmail.com','2023-01-22 12:18:38','1961',1,306,'(087)062-4158x2730'),
(191,'Michael','Wilson',99096853,'M.Wilson92@yahoo.com','2023-01-22 12:18:38','2004',1,520,'742.092.1630'),
(192,'Steven','Dalton',95122609,'S_Dalton73@yahoo.com','2023-01-22 12:18:38','2000',1,955,'873.825.5606x674'),
(193,'John','Travis',16759151,'J.Travis73@gmail.com','2023-01-22 12:18:38','1987',1,880,'934.667.2259x114'),
(194,'Christina','Hartman',10803929,'C-Hartman86@gmail.com','2023-01-22 12:18:38','1964',1,640,'718.538.8294'),
(195,'Marie','Mckee',86055134,'M_Mckee70@gmail.com','2023-01-22 12:18:38','1991',1,629,'+1-557-009-1648x5676'),
(196,'Paul','Lamb',55528276,'P.Lamb89@gmail.com','2023-01-22 12:18:38','1989',1,85,'290.596.5118'),
(197,'Kellie','Fleming',84298868,'K_Fleming96@hotmail.com','2023-01-22 12:18:38','2007',1,756,'001-281-533-1352x03285'),
(198,'Brandon','Palmer',80588017,'B.Palmer55@yahoo.com','2023-01-22 12:18:38','1993',1,255,'(645)006-9657x6291'),
(199,'Peggy','Jackson',84408082,'P.Jackson68@yahoo.com','2023-01-22 12:18:38','1995',1,229,'001-034-314-9662x32392'),
(200,'Kathleen','Brown',16758038,'K.Brown96@hotmail.com','2023-01-22 12:18:38','1970',1,489,'(164)607-7091'),
(201,'Lori','Gallegos',46379601,'L.Gallegos75@yahoo.com','2023-01-22 12:18:38','1985',1,709,'(707)304-9489'),
(202,'John','Underwood',24967022,'J.Underwood78@gmail.com','2023-01-22 12:18:38','1994',1,585,'+1-142-061-7460'),
(203,'Elizabeth','Bailey',68818896,'E.Bailey88@hotmail.com','2023-01-22 12:18:38','1980',1,666,'881.587.6207'),
(204,'Alexander','Duncan',35051654,'A.Duncan74@hotmail.com','2023-01-22 12:18:38','1968',1,848,'001-287-745-9995x3387'),
(205,'Mark','Scott',75336720,'M-Scott62@yahoo.com','2023-01-22 12:18:38','1985',1,823,'0227864474'),
(206,'Leah','Ayers',51925183,'L.Ayers65@yahoo.com','2023-01-22 12:18:38','1968',1,900,'042-633-4227x417'),
(207,'Robert','Jones',21013762,'R_Jones90@hotmail.com','2023-01-22 12:18:38','1945',1,26,'+1-754-644-8209'),
(208,'Shane','Wade',79802666,'S.Wade60@yahoo.com','2023-01-22 12:18:38','2007',1,673,'415-866-0873'),
(209,'Matthew','Stewart',43176821,'M-Stewart82@yahoo.com','2023-01-22 12:18:38','2008',1,931,'(883)210-6752'),
(210,'John','Jones',22166861,'J_Jones50@gmail.com','2023-01-22 12:18:38','1954',1,743,'(592)443-8469'),
(211,'Brittney','Evans',43501726,'B-Evans80@gmail.com','2023-01-22 12:18:38','1983',1,282,'554.782.3246x19432'),
(212,'Joseph','Allen',75008787,'J_Allen57@hotmail.com','2023-01-22 12:18:38','1997',1,439,'001-179-415-5276'),
(213,'Larry','Ingram',19156286,'L_Ingram98@yahoo.com','2023-01-22 12:18:38','1946',1,535,'863.200.2201x9037'),
(214,'Jason','Frank',44583902,'J_Frank63@hotmail.com','2023-01-22 12:18:38','2012',1,47,'+1-846-994-3501x480'),
(215,'Benjamin','Jennings',88707098,'B_Jennings63@gmail.com','2023-01-22 12:18:38','1951',1,373,'052-910-5194'),
(216,'Mckenzie','Cruz',22701400,'M.Cruz50@hotmail.com','2023-01-22 12:18:38','1997',1,950,'(400)084-6469x55850'),
(217,'Barbara','Conner',88339721,'B_Conner85@yahoo.com','2023-01-22 12:18:38','1959',1,865,'(005)940-3062x991'),
(218,'Paul','Singh',74147167,'P_Singh81@gmail.com','2023-01-22 12:18:38','1968',1,857,'(584)309-6532x96426'),
(219,'James','Rollins',50924877,'J-Rollins56@hotmail.com','2023-01-22 12:18:38','1964',1,475,'5313910606'),
(220,'Suzanne','Smith',40449983,'S-Smith86@gmail.com','2023-01-22 12:18:38','1979',1,10,'554.640.4729x3676'),
(221,'Chelsea','Larson',34032462,'C_Larson65@hotmail.com','2023-01-22 12:18:38','1961',1,963,'+1-543-651-1474'),
(222,'Mary','Nelson',38394089,'M-Nelson79@yahoo.com','2023-01-22 12:18:38','1941',1,878,'546.927.4961x7682'),
(223,'Thomas','Baker',53504126,'T.Baker66@hotmail.com','2023-01-22 12:18:38','1966',1,953,'001-674-506-0053x209'),
(224,'Sarah','Simon',15256959,'S.Simon60@yahoo.com','2023-01-22 12:18:38','1975',1,204,'9244317790'),
(225,'Julie','Cortez',87402582,'J_Cortez94@gmail.com','2023-01-22 12:18:38','1979',1,169,'239-414-0615'),
(226,'Susan','Novak',97145247,'S_Novak81@hotmail.com','2023-01-22 12:18:38','1953',1,477,'+1-273-301-3140x44344'),
(227,'David','Allen',11859643,'D.Allen67@gmail.com','2023-01-22 12:18:38','1949',1,72,'5438020323'),
(228,'Bryan','Jackson',44106291,'B-Jackson72@gmail.com','2023-01-22 12:18:38','1990',1,429,'797-058-9088'),
(229,'Joseph','Scott',12894203,'J-Scott59@gmail.com','2023-01-22 12:18:38','1984',1,234,'297.989.1640x95547'),
(230,'Alexa','Fleming',96395765,'A-Fleming55@hotmail.com','2023-01-22 12:18:38','1986',1,649,'001-787-981-4827'),
(231,'Patrick','Blankenship',78590375,'P_Blankenship95@gmail.com','2023-01-22 12:18:38','1937',1,757,'001-449-684-9850'),
(232,'Jesse','Nichols',80037406,'J-Nichols70@gmail.com','2023-01-22 12:18:38','1958',1,992,'952-045-0255x54121'),
(233,'Madison','Rodriguez',64849402,'M.Rodriguez88@yahoo.com','2023-01-22 12:18:38','1977',1,421,'907-005-7113x2374'),
(234,'Jason','Perez',10785578,'J.Perez66@hotmail.com','2023-01-22 12:18:38','1973',1,113,'+1-432-309-8762x725'),
(235,'Joshua','Cook',30964965,'J_Cook65@yahoo.com','2023-01-22 12:18:38','1965',1,36,'(178)694-1257'),
(236,'Kenneth','Deleon',92874140,'K.Deleon61@yahoo.com','2023-01-22 12:18:38','1944',1,884,'290.114.5506x089'),
(237,'Samantha','Davis',17674740,'S-Davis73@gmail.com','2023-01-22 12:18:38','1979',1,589,'401.978.0934'),
(238,'Ryan','Curtis',91044457,'R_Curtis89@yahoo.com','2023-01-22 12:18:38','1990',1,792,'001-022-592-3725x319'),
(239,'Erica','Duarte',93186035,'E_Duarte96@yahoo.com','2023-01-22 12:18:38','1997',1,570,'(374)688-2171'),
(240,'Dawn','Cortez',12221326,'D.Cortez83@yahoo.com','2023-01-22 12:18:38','2010',1,533,'001-774-420-0825x91317'),
(241,'William','Mcgrath',81848996,'W.Mcgrath91@gmail.com','2023-01-22 12:18:38','1979',1,127,'3799255383'),
(242,'Joe','Gonzales',40228402,'J.Gonzales50@gmail.com','2023-01-22 12:18:38','1953',1,19,'(371)337-9413'),
(243,'Ariana','Hobbs',24766262,'A.Hobbs98@yahoo.com','2023-01-22 12:18:38','1951',1,623,'427-642-8178x131'),
(244,'Courtney','Allen',47467639,'C_Allen80@yahoo.com','2023-01-22 12:18:38','1994',1,223,'(068)825-0653x69749'),
(245,'Justin','Ellis',42181775,'J.Ellis97@yahoo.com','2023-01-22 12:18:38','1984',1,168,'(024)722-0917x86260'),
(246,'Justin','Baxter',91653890,'J.Baxter88@gmail.com','2023-01-22 12:18:38','1991',1,84,'9857512552'),
(247,'Jacqueline','Valenzuela',94895536,'J.Valenzuela62@hotmail.com','2023-01-22 12:18:38','1976',1,589,'7007987026'),
(248,'Brandon','Torres',67147536,'B.Torres50@yahoo.com','2023-01-22 12:18:38','1984',1,44,'521.187.2214'),
(249,'Kent','Anderson',52126908,'K_Anderson72@gmail.com','2023-01-22 12:18:38','1961',1,152,'311.417.4694'),
(250,'Erica','Munoz',84679887,'E.Munoz63@hotmail.com','2023-01-22 12:18:38','1992',1,502,'962-898-3905x89167'),
(251,'Joseph','Davis',20915942,'J.Davis50@yahoo.com','2023-01-22 12:18:38','1977',1,861,'001-967-878-0985x38332'),
(252,'Victor','Robinson',21960996,'V-Robinson86@hotmail.com','2023-01-22 12:18:38','1995',1,989,'571.200.3091'),
(253,'Aimee','Floyd',94529912,'A-Floyd55@yahoo.com','2023-01-22 12:18:38','1941',1,779,'4975892565'),
(254,'Edward','Eaton',55737824,'E-Eaton63@gmail.com','2023-01-22 12:18:38','1968',1,986,'001-327-241-4634x0177'),
(255,'Felicia','Lopez',22953026,'F-Lopez95@yahoo.com','2023-01-22 12:18:38','1984',1,603,'7272425123'),
(256,'Larry','Moore',73275399,'L.Moore82@gmail.com','2023-01-22 12:18:38','1972',1,196,'001-195-633-1498'),
(257,'Ruth','Palmer',37169780,'R_Palmer55@yahoo.com','2023-01-22 12:18:38','1952',1,1,'059.649.3327'),
(258,'Rachel','Rios',24565561,'R-Rios61@hotmail.com','2023-01-22 12:18:38','1944',1,92,'822.997.6485'),
(259,'Julie','Pham',64927811,'J_Pham91@hotmail.com','2023-01-22 12:18:38','1953',1,640,'9032226752'),
(260,'Caitlin','Williams',81830549,'C-Williams76@gmail.com','2023-01-22 12:18:38','2000',1,506,'593-538-8224x132'),
(261,'Nicholas','Martin',28455212,'N.Martin54@yahoo.com','2023-01-22 12:18:38','1986',1,680,'284-503-1160x09708'),
(262,'Sarah','Collins',34485823,'S-Collins74@hotmail.com','2023-01-22 12:18:38','1949',1,764,'109-556-4605x5299'),
(263,'Kayla','Kline',87422266,'K.Kline65@hotmail.com','2023-01-22 12:18:38','1961',1,99,'691.689.9999'),
(264,'Andre','Hicks',81385500,'A.Hicks65@yahoo.com','2023-01-22 12:18:38','1947',1,447,'+1-453-101-8593'),
(265,'John','Simpson',48921579,'J-Simpson82@hotmail.com','2023-01-22 12:18:38','1965',1,547,'309-513-6519'),
(266,'Dominic','Mcclain',16425980,'D.Mcclain68@hotmail.com','2023-01-22 12:18:38','1990',1,904,'812.479.6593'),
(267,'Stephanie','Munoz',47450572,'S_Munoz55@gmail.com','2023-01-22 12:18:38','1976',1,965,'658-212-0985'),
(268,'Molly','Mitchell',76595853,'M_Mitchell85@yahoo.com','2023-01-22 12:18:38','1988',1,670,'(744)048-8714x796'),
(269,'Rodney','Martinez',96728858,'R_Martinez68@hotmail.com','2023-01-22 12:18:38','1970',1,588,'(416)579-6156x0932'),
(270,'Heather','Grant',25932030,'H_Grant64@yahoo.com','2023-01-22 12:18:38','1966',1,956,'158-971-6414x63679'),
(271,'Stacy','Bishop',30488235,'S_Bishop71@yahoo.com','2023-01-22 12:18:38','1972',1,642,'+1-029-491-5789x82785'),
(272,'Brandon','Williams',47777086,'B_Williams87@hotmail.com','2023-01-22 12:18:38','1949',1,812,'675-780-7945'),
(273,'Marvin','Taylor',28014572,'M-Taylor75@gmail.com','2023-01-22 12:18:38','1986',1,205,'294-794-9552x188'),
(274,'Andrew','Walsh',57935171,'A_Walsh74@gmail.com','2023-01-22 12:18:38','1986',1,727,'(847)961-8117'),
(275,'Barbara','Casey',50712763,'B_Casey64@yahoo.com','2023-01-22 12:18:38','1967',1,931,'010-419-5867'),
(276,'Edward','Hernandez',99057239,'E.Hernandez86@hotmail.com','2023-01-22 12:18:38','1953',1,710,'6652271360'),
(277,'Duane','Fisher',10178960,'D_Fisher68@hotmail.com','2023-01-22 12:18:38','1983',1,433,'(486)817-6959x8880'),
(278,'William','Patterson',41851420,'W.Patterson59@hotmail.com','2023-01-22 12:18:38','1982',1,408,'(466)683-7303'),
(279,'Bonnie','Oconnor',79731535,'B_Oconnor88@gmail.com','2023-01-22 12:18:38','1983',1,622,'(689)469-7149'),
(280,'Patricia','Clayton',11999764,'P_Clayton95@yahoo.com','2023-01-22 12:18:38','2012',1,881,'701-152-4977x170'),
(281,'Albert','Nelson',29203736,'A-Nelson98@hotmail.com','2023-01-22 12:18:38','1968',1,931,'909.445.1203'),
(282,'Joshua','Alvarez',72286239,'J_Alvarez66@hotmail.com','2023-01-22 12:18:38','1967',1,139,'850.959.1032x0235'),
(283,'Bryan','Bean',19417290,'B-Bean94@gmail.com','2023-01-22 12:18:38','1976',1,128,'9838962936'),
(284,'Edward','Bailey',59169100,'E_Bailey72@yahoo.com','2023-01-22 12:18:38','1944',1,997,'+1-763-142-8300x714'),
(285,'Jodi','Sandoval',15711806,'J.Sandoval79@gmail.com','2023-01-22 12:18:38','1979',1,555,'+1-859-849-2881x2449'),
(286,'Jake','Mcknight',61770100,'J_Mcknight93@hotmail.com','2023-01-22 12:18:38','1991',1,376,'803-850-1262'),
(287,'Tonya','Ferguson',87457041,'T.Ferguson96@yahoo.com','2023-01-22 12:18:38','1989',1,755,'001-030-811-7304'),
(288,'Charles','Harris',28873322,'C.Harris76@gmail.com','2023-01-22 12:18:38','1987',1,572,'001-880-414-5723'),
(289,'Rhonda','Ortiz',16113128,'R-Ortiz56@hotmail.com','2023-01-22 12:18:38','1989',1,192,'001-589-161-5720x30121'),
(290,'Brent','Miller',73013948,'B.Miller95@yahoo.com','2023-01-22 12:18:38','1935',1,114,'+1-434-377-9418x024'),
(291,'Brandon','Long',53699987,'B.Long54@yahoo.com','2023-01-22 12:18:38','1978',1,444,'+1-320-487-9145x4006'),
(292,'Justin','Burnett',13271899,'J.Burnett51@gmail.com','2023-01-22 12:18:38','1982',1,428,'866-834-6637x59062'),
(293,'Jerry','Williams',30704278,'J-Williams56@hotmail.com','2023-01-22 12:18:38','1957',1,692,'5834574038'),
(294,'Michael','Snow',49036110,'M.Snow77@hotmail.com','2023-01-22 12:18:38','1984',1,187,'550.940.0881x452'),
(295,'Mark','Martinez',14428273,'M_Martinez90@hotmail.com','2023-01-22 12:18:38','1966',1,995,'528.795.9027x67399'),
(296,'Timothy','Giles',61076582,'T.Giles82@gmail.com','2023-01-22 12:18:38','1968',1,525,'967.794.1417x64882'),
(297,'Thomas','Smith',92480268,'T.Smith93@hotmail.com','2023-01-22 12:18:38','1949',1,86,'(389)386-4705'),
(298,'Anthony','Wagner',72472548,'A_Wagner65@hotmail.com','2023-01-22 12:18:38','1997',1,921,'001-737-464-4545x72127'),
(299,'Fred','Wade',87331649,'F.Wade97@yahoo.com','2023-01-22 12:18:38','1993',1,868,'+1-639-010-3493x381'),
(300,'John','Steele',86373720,'J.Steele86@hotmail.com','2023-01-22 12:18:38','2010',1,757,'(748)559-5014x397'),
(301,'Bryan','Berry',60207284,'B-Berry78@yahoo.com','2023-01-22 12:18:38','1983',1,485,'(732)079-9637x21517'),
(302,'Sandy','Cole',57370999,'S_Cole74@yahoo.com','2023-01-22 12:18:38','1977',1,558,'+1-278-963-6356x81407'),
(303,'Melissa','Cline',89848940,'M_Cline50@yahoo.com','2023-01-22 12:18:38','2011',1,303,'001-435-077-1789x593'),
(304,'Kevin','Guzman',63465393,'K-Guzman55@gmail.com','2023-01-22 12:18:38','1966',1,347,'001-665-292-9232'),
(305,'Gene','Medina',74587092,'G_Medina88@hotmail.com','2023-01-22 12:18:38','1979',1,424,'+1-691-054-3870x08310'),
(306,'Michele','Thomas',43724590,'M.Thomas69@hotmail.com','2023-01-22 12:18:38','1969',1,685,'215-301-5537'),
(307,'Justin','Mendez',35627005,'J_Mendez50@gmail.com','2023-01-22 12:18:38','1981',1,152,'+1-268-664-1459'),
(308,'Jennifer','Riddle',93159531,'J.Riddle86@gmail.com','2023-01-22 12:18:38','1981',1,30,'729-633-6434'),
(309,'Gary','Smith',49266331,'G_Smith79@hotmail.com','2023-01-22 12:18:38','1948',1,298,'001-040-024-6974x7729'),
(310,'Annette','Duran',24654089,'A.Duran93@gmail.com','2023-01-22 12:18:38','1966',1,191,'8608409853'),
(311,'John','Carter',50020778,'J.Carter84@yahoo.com','2023-01-22 12:18:38','1998',1,84,'(989)176-4225x431'),
(312,'Sean','Campbell',59524062,'S.Campbell68@hotmail.com','2023-01-22 12:18:38','1963',1,299,'(410)978-5827x8954'),
(313,'Rebekah','Boyd',34411290,'R_Boyd60@gmail.com','2023-01-22 12:18:38','2009',1,215,'651-218-1736x849'),
(314,'Erica','Smith',22872626,'E-Smith62@yahoo.com','2023-01-22 12:18:38','1957',1,262,'(315)465-5725x1566'),
(315,'Brent','Madden',45594873,'B_Madden50@gmail.com','2023-01-22 12:18:38','1948',1,10,'763.892.7290x13433'),
(316,'Brian','Townsend',39102501,'B.Townsend54@yahoo.com','2023-01-22 12:18:38','1955',1,19,'596-550-8240'),
(317,'John','Espinoza',26085887,'J-Espinoza69@yahoo.com','2023-01-22 12:18:38','1968',1,212,'+1-684-870-7032x6658'),
(318,'Frances','Sullivan',46735853,'F-Sullivan62@gmail.com','2023-01-22 12:18:38','2002',1,106,'+1-128-654-6045x381'),
(319,'Nicholas','Smith',99588777,'N.Smith77@yahoo.com','2023-01-22 12:18:38','1998',1,912,'195.621.2471x6941'),
(320,'Jason','Strong',16472984,'J-Strong57@yahoo.com','2023-01-22 12:18:38','1979',1,755,'+1-512-218-3264x338'),
(321,'William','Bennett',68206727,'W.Bennett67@hotmail.com','2023-01-22 12:18:38','2001',1,413,'437-505-5210x354'),
(322,'Noah','Hammond',82662602,'N-Hammond70@gmail.com','2023-01-22 12:18:38','1966',1,611,'727.458.6941x250'),
(323,'Jessica','Solis',84403788,'J-Solis68@hotmail.com','2023-01-22 12:18:38','1947',1,761,'067.529.5816'),
(324,'Madison','Mack',94471729,'M.Mack70@gmail.com','2023-01-22 12:18:38','1959',1,661,'(642)750-7946'),
(325,'Melissa','Morgan',49846370,'M-Morgan88@gmail.com','2023-01-22 12:18:38','1936',1,828,'(652)686-5377x19666'),
(326,'Nicholas','Jones',40081187,'N_Jones94@yahoo.com','2023-01-22 12:18:38','1965',1,525,'2037197749'),
(327,'Kelly','Watson',55188994,'K-Watson58@gmail.com','2023-01-22 12:18:38','1951',1,138,'+1-019-259-8538x1453'),
(328,'Anthony','Nichols',81702148,'A_Nichols76@yahoo.com','2023-01-22 12:18:38','1984',1,517,'(015)116-3112x40693'),
(329,'Kevin','Le',34109658,'K.Le50@yahoo.com','2023-01-22 12:18:38','1986',1,605,'(598)464-9725'),
(330,'Noah','Boyd',71882691,'N.Boyd51@yahoo.com','2023-01-22 12:18:38','1992',1,796,'573.843.2804'),
(331,'Amy','Castro',48003039,'A_Castro94@yahoo.com','2023-01-22 12:18:38','1969',1,46,'089-211-1795x07594'),
(332,'Jessica','Lawson',17324176,'J-Lawson69@hotmail.com','2023-01-22 12:18:38','1995',1,329,'674.168.6407'),
(333,'Brian','Reyes',73350857,'B.Reyes92@hotmail.com','2023-01-22 12:18:38','1972',1,581,'961-177-6712'),
(334,'Joe','Marquez',83054410,'J_Marquez92@gmail.com','2023-01-22 12:18:38','1955',1,957,'001-670-735-6225'),
(335,'Carlos','Hudson',36715989,'C-Hudson86@hotmail.com','2023-01-22 12:18:38','1970',1,85,'322.868.6413'),
(336,'Melanie','Hughes',16421365,'M-Hughes64@hotmail.com','2023-01-22 12:18:38','1983',1,103,'(984)790-3058x729'),
(337,'William','Clark',16529861,'W.Clark64@hotmail.com','2023-01-22 12:18:38','1992',1,441,'1095739882'),
(338,'Kenneth','Juarez',43786040,'K_Juarez84@hotmail.com','2023-01-22 12:18:38','1943',1,676,'316-999-9179'),
(339,'Lauren','Williams',92999522,'L_Williams99@yahoo.com','2023-01-22 12:18:38','2002',1,406,'888-759-5850x8836'),
(340,'Cynthia','Williams',98493778,'C.Williams93@hotmail.com','2023-01-22 12:18:38','1936',1,73,'(675)580-3515x16462'),
(341,'Thomas','Peters',69773024,'T-Peters78@hotmail.com','2023-01-22 12:18:38','1959',1,870,'001-464-556-3206x080'),
(342,'Virginia','Clark',86538106,'V_Clark57@hotmail.com','2023-01-22 12:18:38','1986',1,979,'259.636.3119x6793'),
(343,'Carl','Perez',61576402,'C-Perez80@gmail.com','2023-01-22 12:18:38','1999',1,129,'(858)105-5191'),
(344,'Rachael','Petersen',37921864,'R.Petersen90@gmail.com','2023-01-22 12:18:38','1952',1,98,'001-785-210-2979'),
(345,'Matthew','Miller',37057858,'M_Miller76@hotmail.com','2023-01-22 12:18:38','1973',1,24,'+1-776-033-3480x237'),
(346,'Stephen','Henson',22761462,'S_Henson89@yahoo.com','2023-01-22 12:18:38','1998',1,510,'066-765-4544x68332'),
(347,'Gary','Foley',28579734,'G-Foley67@hotmail.com','2023-01-22 12:18:38','1946',1,892,'(029)357-6516x591'),
(348,'James','Golden',49566049,'J-Golden51@gmail.com','2023-01-22 12:18:38','1987',1,151,'(787)581-5355'),
(349,'Vicki','Jones',51068575,'V-Jones80@hotmail.com','2023-01-22 12:18:38','2011',1,405,'(999)717-5000'),
(350,'Marc','Jenkins',49459282,'M-Jenkins77@hotmail.com','2023-01-22 12:18:38','1943',1,660,'364-538-9688'),
(351,'Jennifer','Leon',65217022,'J-Leon69@gmail.com','2023-01-22 12:18:38','1966',1,119,'+1-587-554-6782x19367'),
(352,'Robin','Krause',29616250,'R.Krause60@hotmail.com','2023-01-22 12:18:38','1997',1,102,'523-129-1885x21173'),
(353,'Patrick','Griffin',70697109,'P_Griffin71@yahoo.com','2023-01-22 12:18:38','1987',1,700,'(420)479-7209'),
(354,'Stephanie','Johnson',51422770,'S-Johnson51@gmail.com','2023-01-22 12:18:38','1992',1,762,'(414)153-7699x011'),
(355,'Leslie','Tran',83314598,'L-Tran84@yahoo.com','2023-01-22 12:18:38','1974',1,272,'(912)028-5779'),
(356,'Shannon','Huber',49337303,'S-Huber70@gmail.com','2023-01-22 12:18:38','1966',1,541,'001-119-929-7954x30960'),
(357,'Rebecca','Rodriguez',31207871,'R-Rodriguez73@yahoo.com','2023-01-22 12:18:38','1948',1,8,'001-579-593-3671x76318'),
(358,'Christina','Thomas',35013053,'C-Thomas91@gmail.com','2023-01-22 12:18:38','1985',1,215,'838-854-7765'),
(359,'Michael','White',88138811,'M_White68@hotmail.com','2023-01-22 12:18:38','1954',1,860,'196.618.6146x434'),
(360,'Michael','Wiggins',20881514,'M_Wiggins99@gmail.com','2023-01-22 12:18:38','2000',1,684,'841-006-1141x25840'),
(361,'Robert','Hawkins',30740433,'R_Hawkins83@yahoo.com','2023-01-22 12:18:38','1967',1,118,'001-366-426-5525'),
(362,'Steven','Johnson',10473848,'S_Johnson99@yahoo.com','2023-01-22 12:18:38','1965',1,377,'(823)228-9330'),
(363,'Jon','Moore',58892820,'J-Moore99@yahoo.com','2023-01-22 12:18:38','1969',1,251,'001-517-190-2812'),
(364,'Zachary','Chavez',88912842,'Z_Chavez64@yahoo.com','2023-01-22 12:18:38','1949',1,147,'+1-828-055-2692'),
(365,'Jessica','Howard',12314341,'J.Howard98@hotmail.com','2023-01-22 12:18:38','1974',1,288,'001-775-083-1067x634'),
(366,'Beth','Gill',25190113,'B.Gill90@gmail.com','2023-01-22 12:18:38','1958',1,66,'(962)613-1395x19174'),
(367,'Alexander','Parker',84884902,'A_Parker90@gmail.com','2023-01-22 12:18:38','1990',1,222,'(294)122-0314x8460'),
(368,'Susan','Ward',97182274,'S-Ward78@hotmail.com','2023-01-22 12:18:38','1982',1,901,'(214)976-3268'),
(369,'Margaret','Wright',17670088,'M.Wright62@hotmail.com','2023-01-22 12:18:38','1963',1,482,'0654402427'),
(370,'William','Bates',47792699,'W_Bates69@yahoo.com','2023-01-22 12:18:38','1948',1,249,'468.483.2101x300'),
(371,'Emma','Phillips',96946462,'E_Phillips58@yahoo.com','2023-01-22 12:18:38','1984',1,697,'(487)696-6843x42141'),
(372,'Megan','Goodwin',13303218,'M.Goodwin55@gmail.com','2023-01-22 12:18:38','1967',1,782,'001-756-070-0796x50248'),
(373,'Nicholas','Barber',54049693,'N-Barber53@gmail.com','2023-01-22 12:18:38','1974',1,483,'001-613-651-0007'),
(374,'Scott','Wilson',59613689,'S_Wilson73@yahoo.com','2023-01-22 12:18:38','1974',1,361,'(144)556-1812x185'),
(375,'Kristen','Morrow',85780381,'K.Morrow57@gmail.com','2023-01-22 12:18:38','1977',1,191,'7448004863'),
(376,'Antonio','Benitez',18169695,'A-Benitez74@gmail.com','2023-01-22 12:18:38','1989',1,370,'987-698-2311x34884'),
(377,'Sarah','Salas',62233002,'S_Salas78@gmail.com','2023-01-22 12:18:38','1974',1,320,'001-017-870-4771'),
(378,'Katrina','Pitts',47832649,'K_Pitts75@yahoo.com','2023-01-22 12:18:38','1997',1,589,'001-588-225-2558x713'),
(379,'Matthew','Powell',15735566,'M.Powell77@yahoo.com','2023-01-22 12:18:38','1992',1,77,'001-594-428-7199x179'),
(380,'Jessica','Hill',19879536,'J_Hill63@gmail.com','2023-01-22 12:18:38','1984',1,678,'(753)817-8784x55040'),
(381,'Erin','Alvarado',83400091,'E.Alvarado72@hotmail.com','2023-01-22 12:18:38','1970',1,98,'+1-570-615-9466x553'),
(382,'Joshua','Miller',57499238,'J-Miller79@yahoo.com','2023-01-22 12:18:38','1944',1,574,'642.311.8134'),
(383,'Alice','Lee',11338367,'A_Lee62@gmail.com','2023-01-22 12:18:38','1966',1,725,'(824)914-3954x2347'),
(384,'Nancy','Moore',78168494,'N_Moore77@gmail.com','2023-01-22 12:18:38','1960',1,235,'(934)561-8213'),
(385,'Lisa','Hensley',12763725,'L-Hensley85@hotmail.com','2023-01-22 12:18:38','1989',1,514,'8045453055'),
(386,'Joseph','Garcia',87881589,'J_Garcia95@yahoo.com','2023-01-22 12:18:38','1992',1,667,'(449)426-9664x129'),
(387,'Pamela','Becker',61979694,'P-Becker85@gmail.com','2023-01-22 12:18:38','1957',1,857,'120-979-3211'),
(388,'Christopher','Green',96854632,'C_Green76@yahoo.com','2023-01-22 12:18:38','2004',1,93,'+1-535-756-6235x58220'),
(389,'Christopher','Adkins',12985594,'C.Adkins64@hotmail.com','2023-01-22 12:18:38','1969',1,594,'093-458-2883'),
(390,'Ricardo','Harris',46189445,'R_Harris58@gmail.com','2023-01-22 12:18:38','1961',1,370,'215.693.2795'),
(391,'Amanda','Spencer',66988140,'A_Spencer65@hotmail.com','2023-01-22 12:18:38','1963',1,798,'038.192.5034'),
(392,'Timothy','Castillo',76056334,'T_Castillo93@gmail.com','2023-01-22 12:18:38','1972',1,700,'918.990.9511'),
(393,'Michele','Coleman',71684912,'M.Coleman52@gmail.com','2023-01-22 12:18:38','1993',1,386,'320-697-0841x2306'),
(394,'Adam','Chapman',38070309,'A_Chapman94@hotmail.com','2023-01-22 12:18:38','1986',1,765,'4008578893'),
(395,'Jasmin','Fox',15124190,'J-Fox66@hotmail.com','2023-01-22 12:18:38','1981',1,929,'(148)414-0610x092'),
(396,'Carol','Duncan',98020779,'C_Duncan56@hotmail.com','2023-01-22 12:18:38','1991',1,735,'(447)447-2169x7623'),
(397,'Caroline','Greene',43480385,'C.Greene75@gmail.com','2023-01-22 12:18:38','1974',1,916,'1623436665'),
(398,'Rachel','Hunt',83770277,'R.Hunt72@hotmail.com','2023-01-22 12:18:38','2002',1,906,'844.021.8692x13617'),
(399,'Thomas','Allen',61593403,'T-Allen68@hotmail.com','2023-01-22 12:18:38','1945',1,324,'896.780.1693'),
(400,'Elizabeth','Sparks',11820682,'E-Sparks82@gmail.com','2023-01-22 12:18:38','1960',1,409,'001-598-316-9375x9573'),
(401,'Sierra','Pena',82981462,'S-Pena86@gmail.com','2023-01-22 12:18:38','1950',1,766,'001-189-716-6696'),
(402,'Melissa','Rojas',30571582,'M.Rojas82@yahoo.com','2023-01-22 12:18:38','1952',1,392,'600.890.2339x234'),
(403,'David','Cuevas',11846698,'D_Cuevas60@yahoo.com','2023-01-22 12:18:38','1985',1,976,'522-337-9393'),
(404,'Jeffrey','Daniel',70122037,'J-Daniel81@hotmail.com','2023-01-22 12:18:38','1981',1,524,'001-047-169-9433'),
(405,'Charles','Skinner',39710115,'C-Skinner66@yahoo.com','2023-01-22 12:18:38','1951',1,383,'+1-894-542-8468x87511'),
(406,'Marcus','Coleman',15854652,'M-Coleman57@yahoo.com','2023-01-22 12:18:38','1962',1,313,'+1-448-020-7708x65087'),
(407,'Chase','Price',38484111,'C_Price69@gmail.com','2023-01-22 12:18:38','1971',1,534,'742.934.5150'),
(408,'Harold','Sanchez',38075560,'H-Sanchez71@hotmail.com','2023-01-22 12:18:38','1953',1,894,'528.238.6385x716'),
(409,'Leonard','Miller',83860835,'L.Miller77@hotmail.com','2023-01-22 12:18:38','1953',1,917,'001-314-139-7333'),
(410,'Anne','Wright',74973692,'A_Wright86@yahoo.com','2023-01-22 12:18:38','1989',1,670,'(301)279-7838'),
(411,'Bryan','Weaver',86877990,'B.Weaver91@hotmail.com','2023-01-22 12:18:38','1994',1,859,'(899)756-1415x12730'),
(412,'Juan','Davis',17822515,'J-Davis72@yahoo.com','2023-01-22 12:18:38','1989',1,102,'819.670.6559'),
(413,'Caitlyn','Acosta',25817565,'C-Acosta62@yahoo.com','2023-01-22 12:18:38','1976',1,487,'8063503252'),
(414,'Sean','Chaney',94126044,'S.Chaney53@hotmail.com','2023-01-22 12:18:38','1989',1,178,'001-522-248-2417x195'),
(415,'Jordan','Webb',22173586,'J.Webb99@gmail.com','2023-01-22 12:18:38','1997',1,35,'+1-328-947-3635x058'),
(416,'Kelsey','White',91739116,'K-White68@hotmail.com','2023-01-22 12:18:38','1942',1,457,'215-077-8233'),
(417,'Robert','Anderson',48640794,'R_Anderson98@gmail.com','2023-01-22 12:18:38','1983',1,663,'127-038-8819x17417'),
(418,'Jeffrey','Gonzalez',73317627,'J-Gonzalez76@yahoo.com','2023-01-22 12:18:38','1977',1,593,'4819551628'),
(419,'Richard','Barrett',66689492,'R_Barrett76@gmail.com','2023-01-22 12:18:38','1949',1,761,'+1-066-518-7693x272'),
(420,'Crystal','Boone',10724952,'C.Boone52@yahoo.com','2023-01-22 12:18:38','1983',1,800,'200-181-0530x285'),
(421,'David','Dunn',33659876,'D_Dunn85@yahoo.com','2023-01-22 12:18:38','1987',1,444,'001-168-213-8971x255'),
(422,'Eric','Hamilton',45657829,'E.Hamilton69@hotmail.com','2023-01-22 12:18:38','1975',1,36,'673.885.1680'),
(423,'Wyatt','Wallace',99511141,'W_Wallace55@gmail.com','2023-01-22 12:18:38','1964',1,953,'583-755-2690x293'),
(424,'Brian','Hall',72422654,'B_Hall94@gmail.com','2023-01-22 12:18:38','1967',1,648,'001-341-773-7196'),
(425,'Jeffrey','Sharp',73605785,'J-Sharp89@yahoo.com','2023-01-22 12:18:38','1966',1,399,'001-454-954-5256x46520'),
(426,'Corey','Snyder',45113747,'C_Snyder56@yahoo.com','2023-01-22 12:18:38','1948',1,873,'9593012188'),
(427,'Jimmy','Mercado',84406371,'J.Mercado51@yahoo.com','2023-01-22 12:18:38','1946',1,167,'+1-122-845-6841x87695'),
(428,'Marissa','Mcfarland',86435736,'M_Mcfarland58@gmail.com','2023-01-22 12:18:38','1989',1,422,'(066)038-1052x94470'),
(429,'Crystal','Fernandez',14796772,'C-Fernandez63@gmail.com','2023-01-22 12:18:38','1988',1,34,'593.263.0417x1720'),
(430,'Walter','Moore',21813190,'W_Moore82@hotmail.com','2023-01-22 12:18:38','1951',1,349,'718-429-1535x148'),
(431,'Chad','Stewart',94003143,'C-Stewart85@yahoo.com','2023-01-22 12:18:38','1995',1,780,'+1-617-210-8339x64087'),
(432,'Jessica','Bartlett',10622178,'J.Bartlett71@hotmail.com','2023-01-22 12:18:38','1973',1,542,'001-737-789-6880x323'),
(433,'Sarah','Smith',18841763,'S.Smith98@gmail.com','2023-01-22 12:18:38','1981',1,307,'(027)665-6561x1654'),
(434,'Jason','Cook',17074169,'J-Cook82@gmail.com','2023-01-22 12:18:38','1947',1,611,'001-483-247-2172x691'),
(435,'Luis','Shaw',65094321,'L_Shaw66@yahoo.com','2023-01-22 12:18:38','1989',1,16,'+1-351-739-0893x3701'),
(436,'Jeffrey','Cunningham',60090065,'J_Cunningham70@hotmail.com','2023-01-22 12:18:38','1984',1,72,'(817)615-7491x723'),
(437,'Riley','Barnes',94998955,'R-Barnes87@yahoo.com','2023-01-22 12:18:38','1953',1,561,'001-204-868-2019'),
(438,'Stephanie','Williams',65769827,'S-Williams62@hotmail.com','2023-01-22 12:18:38','1962',1,783,'413-751-9713'),
(439,'Krista','Ferguson',85998253,'K-Ferguson66@yahoo.com','2023-01-22 12:18:38','1957',0,-70,'041.033.2800x5784'),
(440,'David','Morrow',34284039,'D_Morrow52@gmail.com','2023-01-22 12:18:38','1965',1,428,'(652)486-6719'),
(441,'Nicole','Cole',73439770,'N_Cole79@yahoo.com','2023-01-22 12:18:38','1950',1,76,'+1-299-782-8757x66053'),
(442,'Melvin','Pollard',23289473,'M.Pollard90@gmail.com','2023-01-22 12:18:38','1962',1,511,'5142593412'),
(443,'Melissa','Roberts',33053391,'M.Roberts67@gmail.com','2023-01-22 12:18:38','1944',1,301,'801-182-1073x35035'),
(444,'David','Lawson',59029171,'D.Lawson63@gmail.com','2023-01-22 12:18:38','1983',1,34,'+1-374-170-5896x48320'),
(445,'Randall','Gonzalez',55660989,'R-Gonzalez84@yahoo.com','2023-01-22 12:18:38','1985',1,354,'288.309.8504x366'),
(446,'Sandra','Wright',55668875,'S_Wright86@gmail.com','2023-01-22 12:18:38','1993',1,711,'+1-402-746-7560'),
(447,'Pedro','Barnes',47458710,'P_Barnes74@gmail.com','2023-01-22 12:18:38','1978',1,230,'+1-017-313-6166x4490'),
(448,'Ellen','Hawkins',36334837,'E.Hawkins64@gmail.com','2023-01-22 12:18:38','1991',1,40,'(811)680-5398x439'),
(449,'Ronald','Nelson',15639305,'R_Nelson78@hotmail.com','2023-01-22 12:18:38','1969',1,507,'+1-494-336-2552x7835'),
(450,'Timothy','Snow',34603204,'T_Snow70@yahoo.com','2023-01-22 12:18:38','1979',1,163,'001-510-627-8549x62969'),
(451,'Mitchell','Gomez',10701211,'M.Gomez87@gmail.com','2023-01-22 12:18:38','1980',1,613,'(785)858-6640x52129'),
(452,'Darlene','Goodman',16837746,'D.Goodman80@yahoo.com','2023-01-22 12:18:38','1977',1,453,'001-232-826-6778x384'),
(453,'Joshua','Miller',67793175,'J_Miller66@yahoo.com','2023-01-22 12:18:38','1963',1,100,'611.864.1345x32581'),
(454,'Wendy','Reed',41674194,'W.Reed98@hotmail.com','2023-01-22 12:18:38','1954',1,78,'001-037-660-0977'),
(455,'Nathan','Edwards',44023752,'N.Edwards81@hotmail.com','2023-01-22 12:18:38','1974',1,95,'705.757.3881x99756'),
(456,'Michael','Gregory',34318619,'M_Gregory82@gmail.com','2023-01-22 12:18:38','1966',1,765,'778-367-6124x67415'),
(457,'Bradley','Wilkins',81287318,'B-Wilkins70@yahoo.com','2023-01-22 12:18:38','1955',1,751,'641-798-5906x7967'),
(458,'Jeffrey','Martin',92354539,'J-Martin61@hotmail.com','2023-01-22 12:18:38','2014',1,864,'2754773395'),
(459,'Natalie','Little',12673240,'N-Little89@gmail.com','2023-01-22 12:18:38','1954',1,252,'(078)717-1846'),
(460,'Tracy','Brown',24321937,'T_Brown78@gmail.com','2023-01-22 12:18:38','1963',1,840,'282.726.1100'),
(461,'Brittany','Poole',43139573,'B-Poole90@hotmail.com','2023-01-22 12:18:38','1956',1,716,'494.935.9433x82422'),
(462,'Larry','Brooks',41561988,'L.Brooks67@gmail.com','2023-01-22 12:18:38','1965',1,860,'988.810.9642x7603'),
(463,'Tiffany','Valenzuela',15913652,'T_Valenzuela80@yahoo.com','2023-01-22 12:18:38','1979',1,691,'(775)916-7032'),
(464,'Ashley','Sandoval',89418184,'A.Sandoval50@hotmail.com','2023-01-22 12:18:38','1990',1,277,'831.873.0904'),
(465,'Melanie','Cain',15255353,'M_Cain98@hotmail.com','2023-01-22 12:18:38','1963',1,232,'+1-753-137-6364x6957'),
(466,'Sean','Hughes',30827536,'S.Hughes50@hotmail.com','2023-01-22 12:18:38','1985',1,839,'032.136.3712'),
(467,'Jessica','Smith',32498453,'J-Smith59@gmail.com','2023-01-22 12:18:38','1990',1,588,'(976)910-9613x266'),
(468,'Shannon','Parrish',98773871,'S_Parrish87@hotmail.com','2023-01-22 12:18:38','1984',1,26,'794.193.8769x96648'),
(469,'Curtis','Lloyd',14438678,'C-Lloyd62@hotmail.com','2023-01-22 12:18:38','1974',1,786,'084.899.4446'),
(470,'Andrew','Graves',21300618,'A_Graves60@gmail.com','2023-01-22 12:18:38','1973',1,504,'745-222-9643x85836'),
(471,'John','Malone',90391133,'J_Malone95@hotmail.com','2023-01-22 12:18:38','1995',1,548,'595-799-8520x1043'),
(472,'Lawrence','Blair',21479424,'L-Blair89@gmail.com','2023-01-22 12:18:38','2004',1,71,'(021)640-5615'),
(473,'Douglas','Kramer',16981294,'D_Kramer58@gmail.com','2023-01-22 12:18:38','1976',1,973,'652.111.2331x82489'),
(474,'Nicole','Watson',56890746,'N_Watson75@yahoo.com','2023-01-22 12:18:38','1950',1,13,'(547)346-9403'),
(475,'Karina','Jones',73351245,'K_Jones89@yahoo.com','2023-01-22 12:18:38','1983',1,704,'001-087-857-1516x87958'),
(476,'Mark','Crawford',41266518,'M.Crawford54@hotmail.com','2023-01-22 12:18:38','1986',1,614,'185-333-7618x538'),
(477,'Casey','Woods',82953406,'C.Woods58@gmail.com','2023-01-22 12:18:38','1988',1,99,'+1-238-526-0380'),
(478,'Michael','Morales',65014593,'M-Morales79@hotmail.com','2023-01-22 12:18:38','1991',1,942,'+1-789-412-9083x8856'),
(479,'Molly','Martin',66128817,'M.Martin72@yahoo.com','2023-01-22 12:18:38','1997',1,904,'152.863.3810'),
(480,'Cynthia','Miller',35822614,'C_Miller98@hotmail.com','2023-01-22 12:18:38','1995',1,200,'(419)870-0507x30180'),
(481,'Charles','Garcia',70665179,'C.Garcia67@hotmail.com','2023-01-22 12:18:38','1957',1,782,'+1-001-041-5820x81657'),
(482,'Michelle','Wallace',32391500,'M-Wallace53@hotmail.com','2023-01-22 12:18:38','1965',1,879,'(427)602-4675'),
(483,'Michael','Bennett',49388664,'M_Bennett67@yahoo.com','2023-01-22 12:18:38','1977',1,663,'(337)092-8177'),
(484,'Robert','Nguyen',19966678,'R.Nguyen51@hotmail.com','2023-01-22 12:18:38','1973',1,155,'931.132.1103x32896'),
(485,'Natalie','Olson',31761852,'N_Olson54@yahoo.com','2023-01-22 12:18:38','2001',0,-29,'634.375.1211x46836'),
(486,'Bryan','Thompson',51403095,'B_Thompson71@gmail.com','2023-01-22 12:18:38','2010',1,475,'+1-658-975-0474x29505'),
(487,'Rachel','Higgins',57646367,'R.Higgins65@yahoo.com','2023-01-22 12:18:38','1960',1,797,'244-812-9709x9361'),
(488,'Suzanne','Thomas',35986979,'S_Thomas64@gmail.com','2023-01-22 12:18:38','1965',1,135,'543.348.1392x26857'),
(489,'Anne','Powell',81955411,'A.Powell83@yahoo.com','2023-01-22 12:18:38','1964',1,321,'(006)900-0865'),
(490,'Briana','Stafford',68686394,'B.Stafford89@yahoo.com','2023-01-22 12:18:38','1993',1,457,'001-705-385-7762x55232'),
(491,'Daniel','Jimenez',73559871,'D_Jimenez82@hotmail.com','2023-01-22 12:18:38','1967',1,786,'(252)737-8344x009'),
(492,'Calvin','Price',40596944,'C.Price72@hotmail.com','2023-01-22 12:18:38','1955',1,587,'589-225-6376x0953'),
(493,'Sharon','Franklin',97241379,'S-Franklin53@hotmail.com','2023-01-22 12:18:38','1997',1,140,'001-174-063-5433x5043'),
(494,'Jill','Barron',17879894,'J_Barron59@hotmail.com','2023-01-22 12:18:38','1959',1,363,'+1-366-750-2369'),
(495,'Julia','Blake',82065073,'J.Blake69@yahoo.com','2023-01-22 12:18:38','1960',0,-17,'634-026-2401'),
(496,'Michele','White',28847708,'M-White89@yahoo.com','2023-01-22 12:18:38','1971',1,686,'4495833549'),
(497,'Kayla','Beck',24612784,'K-Beck65@yahoo.com','2023-01-22 12:18:38','1993',1,64,'3815686776'),
(498,'Jessica','Myers',97986307,'J.Myers88@gmail.com','2023-01-22 12:18:38','2001',1,321,'+1-817-458-1088x14735'),
(499,'Troy','Garcia',20369899,'T_Garcia64@yahoo.com','2023-01-22 12:18:38','1975',1,889,'001-576-850-7663x06128'),
(500,'Ryan','Frazier',55630759,'R_Frazier52@yahoo.com','2023-01-22 12:18:38','1970',1,231,'628-892-9422x020'),
(501,'Sarah','Williams',24651165,'S.Williams76@yahoo.com','2023-01-22 12:18:38','1975',1,145,'812-581-6300x131'),
(502,'Lisa','Roth',73924657,'L-Roth73@gmail.com','2023-01-22 12:18:38','1964',1,748,'886.326.6774x5455'),
(503,'William','Collins',76006568,'W.Collins76@yahoo.com','2023-01-22 12:18:38','1973',1,96,'0247230295'),
(504,'Patricia','Murphy',66143378,'P_Murphy73@gmail.com','2023-01-22 12:18:38','1957',1,750,'001-585-858-3867x139'),
(505,'Carl','Hutchinson',64313943,'C_Hutchinson95@yahoo.com','2023-01-22 12:18:38','2003',1,570,'989-190-0196'),
(506,'Paul','Garrett',26173651,'P.Garrett65@gmail.com','2023-01-22 12:18:38','1994',1,530,'001-130-148-3659'),
(507,'Jacob','King',26684933,'J.King97@hotmail.com','2023-01-22 12:18:38','1942',1,306,'590-337-7291x785'),
(508,'Samantha','Washington',79895790,'S.Washington70@hotmail.com','2023-01-22 12:18:38','1955',1,594,'001-950-041-8540x4783'),
(509,'Michael','Jenkins',65232551,'M-Jenkins79@hotmail.com','2023-01-22 12:18:38','2000',1,750,'+1-595-394-8857x22058'),
(510,'Jack','Little',54401215,'J.Little51@gmail.com','2023-01-22 12:18:38','1959',1,121,'001-693-008-3024x47803'),
(511,'Colin','Shields',55546854,'C_Shields50@gmail.com','2023-01-22 12:18:38','1946',1,806,'(697)101-2119x468'),
(512,'Bryan','Davis',55593859,'B-Davis65@yahoo.com','2023-01-22 12:18:38','1966',1,14,'6514105396'),
(513,'Scott','Monroe',22064725,'S-Monroe52@yahoo.com','2023-01-22 12:18:38','1939',1,355,'429.181.4020x11280'),
(514,'Sherry','Mccoy',26818023,'S-Mccoy70@gmail.com','2023-01-22 12:18:38','1963',1,237,'+1-251-204-3148'),
(515,'David','Best',76140080,'D_Best95@gmail.com','2023-01-22 12:18:38','1992',1,458,'(887)200-7940x520'),
(516,'Laura','Jacobs',59454370,'L.Jacobs55@gmail.com','2023-01-22 12:18:38','1964',1,363,'483-903-3384'),
(517,'Corey','Blair',67348371,'C.Blair76@yahoo.com','2023-01-22 12:18:38','2003',1,933,'955-819-4594'),
(518,'James','Wolfe',32529527,'J_Wolfe80@hotmail.com','2023-01-22 12:18:38','1958',1,554,'+1-093-022-1684x124'),
(519,'Erica','Davis',24154217,'E_Davis76@gmail.com','2023-01-22 12:18:38','1983',1,364,'001-617-479-3394x225'),
(520,'Patrick','Martin',21066218,'P-Martin59@gmail.com','2023-01-22 12:18:38','1958',1,926,'083.561.5072x1194'),
(521,'Tina','Tate',11547456,'T.Tate74@hotmail.com','2023-01-22 12:18:38','2013',1,968,'+1-263-982-8241x23553'),
(522,'Barbara','Haas',26560517,'B.Haas70@hotmail.com','2023-01-22 12:18:38','1953',1,72,'346.320.3942'),
(523,'Terri','Ramos',23850659,'T-Ramos66@gmail.com','2023-01-22 12:18:38','1951',1,942,'(937)047-7307x9261'),
(524,'Natalie','Palmer',27012003,'N_Palmer66@hotmail.com','2023-01-22 12:18:38','1957',1,424,'(945)632-3568x3015'),
(525,'Rachel','Gonzalez',53999891,'R.Gonzalez89@gmail.com','2023-01-22 12:18:38','1963',1,947,'044-035-3574'),
(526,'Matthew','King',36578998,'M.King91@yahoo.com','2023-01-22 12:18:38','1960',1,998,'816-183-3935x4539'),
(527,'Justin','Lane',84926567,'J-Lane68@hotmail.com','2023-01-22 12:18:38','1987',1,9,'775.911.5555x3609'),
(528,'Tim','Bray',54892135,'T-Bray76@yahoo.com','2023-01-22 12:18:38','2007',1,64,'470-704-6565x05102'),
(529,'Emily','Mccormick',35793509,'E-Mccormick70@yahoo.com','2023-01-22 12:18:38','1973',1,52,'001-190-899-4309x47204'),
(530,'Kenneth','Li',46269288,'K.Li52@yahoo.com','2023-01-22 12:18:38','1987',1,821,'637.709.6232'),
(531,'Erin','Drake',30791846,'E_Drake68@gmail.com','2023-01-22 12:18:38','1978',1,361,'+1-497-231-6490x788'),
(532,'Anthony','Peters',79732134,'A-Peters68@gmail.com','2023-01-22 12:18:38','1990',1,87,'(358)667-4469'),
(533,'Karen','Pacheco',23904699,'K.Pacheco57@yahoo.com','2023-01-22 12:18:38','1967',1,180,'888-205-0107'),
(534,'John','Vasquez',85904248,'J-Vasquez75@yahoo.com','2023-01-22 12:18:38','1987',1,637,'439.945.0248x87695'),
(535,'Adam','Heath',16258095,'A.Heath70@hotmail.com','2023-01-22 12:18:38','1965',1,684,'(140)139-5924'),
(536,'Denise','Delgado',86113740,'D-Delgado51@gmail.com','2023-01-22 12:18:38','1991',1,374,'+1-840-505-1588x755'),
(537,'Nicholas','Carter',39224326,'N_Carter61@hotmail.com','2023-01-22 12:18:38','1949',1,443,'538.067.8397'),
(538,'Susan','Jones',61439160,'S_Jones92@gmail.com','2023-01-22 12:18:38','1983',1,492,'(184)048-2682x3717'),
(539,'Jerry','Bates',73897908,'J.Bates86@hotmail.com','2023-01-22 12:18:38','1972',1,838,'(096)841-6338x029'),
(540,'Jessica','Phillips',20620195,'J.Phillips73@yahoo.com','2023-01-22 12:18:38','1980',1,10,'001-028-270-7941x23442'),
(541,'Kevin','Stout',88321924,'K-Stout86@hotmail.com','2023-01-22 12:18:38','1937',1,582,'402.492.4254x88978'),
(542,'Sarah','Estrada',16290785,'S.Estrada73@yahoo.com','2023-01-22 12:18:38','1956',1,514,'109-894-0008x12576'),
(543,'Dawn','Bowers',75843661,'D.Bowers53@hotmail.com','2023-01-22 12:18:38','1952',1,232,'001-131-184-4863x8492'),
(544,'Nathan','Carroll',51101274,'N.Carroll79@yahoo.com','2023-01-22 12:18:38','1974',1,865,'1353146380'),
(545,'Patrick','Salinas',60874923,'P.Salinas65@yahoo.com','2023-01-22 12:18:38','1957',1,942,'243.699.8946x1175'),
(546,'Philip','Brown',87895705,'P_Brown71@yahoo.com','2023-01-22 12:18:38','1983',1,307,'(276)122-9538'),
(547,'Megan','Lee',41733138,'M.Lee95@hotmail.com','2023-01-22 12:18:38','1936',1,743,'3572578410'),
(548,'Brittany','Tran',89734695,'B-Tran51@hotmail.com','2023-01-22 12:18:38','1995',1,598,'+1-311-950-2828'),
(549,'Connie','Summers',88995347,'C.Summers68@hotmail.com','2023-01-22 12:18:38','1987',1,289,'(554)515-4371'),
(550,'Patricia','Smith',47203806,'P.Smith70@yahoo.com','2023-01-22 12:18:38','1966',1,578,'001-743-520-8219x12307'),
(551,'Ryan','Garrett',35737948,'R.Garrett63@hotmail.com','2023-01-22 12:18:38','1992',1,195,'091.770.4876x80270'),
(552,'Jennifer','Reid',34385266,'J_Reid61@yahoo.com','2023-01-22 12:18:38','1962',1,343,'939-286-9348x46244'),
(553,'Greg','Pollard',84169251,'G-Pollard91@yahoo.com','2023-01-22 12:18:38','2006',1,123,'1940807288'),
(554,'Regina','Baldwin',88610217,'R_Baldwin83@gmail.com','2023-01-22 12:18:38','1990',1,879,'+1-618-855-8640x7313'),
(555,'Amy','Allen',29685091,'A_Allen59@gmail.com','2023-01-22 12:18:38','1997',1,920,'+1-508-685-6190'),
(556,'Yvonne','Smith',59716223,'Y.Smith66@yahoo.com','2023-01-22 12:18:38','1974',1,757,'(993)803-6032x730'),
(557,'Melanie','Mcmahon',23990062,'M_Mcmahon82@hotmail.com','2023-01-22 12:18:38','1983',1,214,'001-830-753-3194x6982'),
(558,'Michael','Miller',10631016,'M.Miller98@hotmail.com','2023-01-22 12:18:38','1979',1,308,'221-737-1488'),
(559,'David','Miller',47746067,'D.Miller69@hotmail.com','2023-01-22 12:18:38','2014',1,806,'(615)387-9393'),
(560,'Karen','Coleman',41766662,'K_Coleman57@yahoo.com','2023-01-22 12:18:38','1979',1,933,'001-992-808-5420x9878'),
(561,'William','Joseph',66561132,'W-Joseph83@hotmail.com','2023-01-22 12:18:38','1988',1,687,'831-269-2138'),
(562,'Marvin','Thomas',46194445,'M-Thomas74@gmail.com','2023-01-22 12:18:38','1952',1,526,'409-210-3152'),
(563,'Jesus','Perez',97809717,'J.Perez75@hotmail.com','2023-01-22 12:18:38','1975',1,488,'(446)844-8864x624'),
(564,'Sherry','Smith',13429063,'S_Smith85@gmail.com','2023-01-22 12:18:38','1995',1,917,'(120)964-6482'),
(565,'Makayla','Gibbs',50980714,'M_Gibbs68@yahoo.com','2023-01-22 12:18:38','1975',1,632,'+1-918-018-8752x72964'),
(566,'Lauren','Wong',20524004,'L_Wong91@hotmail.com','2023-01-22 12:18:38','1959',1,431,'(124)425-6948x934'),
(567,'Shelby','Williams',34450001,'S-Williams58@hotmail.com','2023-01-22 12:18:38','1994',1,196,'(024)198-6231x396'),
(568,'Ian','Brown',60890115,'I_Brown80@gmail.com','2023-01-22 12:18:38','1958',1,839,'006-473-5396'),
(569,'Derrick','Esparza',85746550,'D_Esparza56@yahoo.com','2023-01-22 12:18:38','1964',1,533,'763.554.8297'),
(570,'Abigail','Williamson',97620723,'A_Williamson70@gmail.com','2023-01-22 12:18:38','1990',1,897,'724.054.8614x6688'),
(571,'Pedro','Sanders',41153976,'P-Sanders68@yahoo.com','2023-01-22 12:18:38','1982',1,443,'001-260-140-9766x41657'),
(572,'Jessica','Berry',39206992,'J.Berry97@hotmail.com','2023-01-22 12:18:38','1951',1,121,'001-564-818-0823'),
(573,'Laura','Valencia',97596621,'L-Valencia98@yahoo.com','2023-01-22 12:18:38','1955',1,418,'694-531-7177x15563'),
(574,'Emma','Mcdonald',34106956,'E-Mcdonald69@hotmail.com','2023-01-22 12:18:38','1958',1,533,'+1-188-151-9575x742'),
(575,'Marc','Sanchez',97140968,'M_Sanchez56@yahoo.com','2023-01-22 12:18:38','1967',1,907,'+1-406-124-8459x545'),
(576,'Kelly','Huang',87356709,'K_Huang79@gmail.com','2023-01-22 12:18:38','1975',1,248,'+1-632-365-0123x4012'),
(577,'Tiffany','Henderson',19399329,'T_Henderson53@yahoo.com','2023-01-22 12:18:38','1956',1,662,'(773)441-5923x535'),
(578,'Jason','Palmer',65271781,'J_Palmer94@hotmail.com','2023-01-22 12:18:38','1993',1,200,'(886)419-2666x425'),
(579,'Kristin','Harrison',27108095,'K.Harrison77@yahoo.com','2023-01-22 12:18:38','1959',1,765,'259.779.5626'),
(580,'Bailey','Martinez',51146503,'B-Martinez99@gmail.com','2023-01-22 12:18:38','1972',1,806,'+1-840-997-6863x823'),
(581,'Leslie','Williams',14804196,'L-Williams53@yahoo.com','2023-01-22 12:18:38','1990',1,569,'9960444786'),
(582,'Kenneth','Andersen',14667806,'K-Andersen50@gmail.com','2023-01-22 12:18:38','1944',1,20,'370.270.5329x80826'),
(583,'Benjamin','Singh',29685610,'B-Singh73@yahoo.com','2023-01-22 12:18:38','1976',1,528,'521-465-2477x727'),
(584,'Timothy','Bell',72582431,'T_Bell79@hotmail.com','2023-01-22 12:18:38','2018',1,60,'399-709-8410x921'),
(585,'Nathan','Cohen',92015202,'N.Cohen97@yahoo.com','2023-01-22 12:18:38','1984',1,877,'(525)237-3695x750'),
(586,'Dwayne','Bradshaw',83026514,'D.Bradshaw54@gmail.com','2023-01-22 12:18:38','1983',1,272,'1702179798'),
(587,'Preston','Palmer',55267766,'P-Palmer89@yahoo.com','2023-01-22 12:18:38','1962',1,203,'557-493-7267'),
(588,'Daniel','Lewis',82376447,'D.Lewis99@hotmail.com','2023-01-22 12:18:38','1971',1,200,'7291857597'),
(589,'Courtney','Ross',14123226,'C.Ross55@gmail.com','2023-01-22 12:18:38','1975',1,108,'2934765551'),
(590,'Kimberly','Johnson',70139777,'K-Johnson60@hotmail.com','2023-01-22 12:18:38','1968',1,656,'851-834-2880'),
(591,'Glenda','Cisneros',95894256,'G.Cisneros51@gmail.com','2023-01-22 12:18:38','1994',1,177,'+1-442-482-9603'),
(592,'Alan','Bailey',58571625,'A-Bailey97@yahoo.com','2023-01-22 12:18:38','1986',1,212,'103.849.2918x812'),
(593,'David','Welch',13374325,'D.Welch86@gmail.com','2023-01-22 12:18:38','1978',1,80,'076.267.6592x554'),
(594,'Logan','Bautista',50144997,'L_Bautista81@yahoo.com','2023-01-22 12:18:38','1957',1,636,'740.866.5257'),
(595,'Mary','Williams',89528191,'M_Williams68@gmail.com','2023-01-22 12:18:38','1992',1,428,'001-515-656-3034x53236'),
(596,'Melinda','Melendez',57043681,'M.Melendez59@gmail.com','2023-01-22 12:18:38','2009',1,906,'2960173134'),
(597,'Heidi','Jenkins',53375091,'H_Jenkins82@gmail.com','2023-01-22 12:18:38','1993',1,82,'(465)022-6781x06699'),
(598,'Lee','Johnson',64380454,'L-Johnson96@gmail.com','2023-01-22 12:18:38','1996',1,676,'(572)985-7882x2010'),
(599,'Dawn','Myers',74382391,'D_Myers50@gmail.com','2023-01-22 12:18:38','2002',1,284,'001-733-336-6185'),
(600,'Stephanie','Waters',56053536,'S-Waters72@hotmail.com','2023-01-22 12:18:38','1969',1,973,'+1-002-700-3054'),
(601,'Monica','Reilly',66963868,'M.Reilly96@gmail.com','2023-01-22 12:18:38','1995',1,724,'649.024.6211x446'),
(602,'Alyssa','Moran',49625977,'A_Moran75@hotmail.com','2023-01-22 12:18:38','1955',1,510,'376-379-1023x26542'),
(603,'Peter','Guzman',43640635,'P-Guzman53@yahoo.com','2023-01-22 12:18:38','1949',1,904,'+1-943-195-9592'),
(604,'Bernard','Wolf',22107764,'B_Wolf51@gmail.com','2023-01-22 12:18:38','1977',1,603,'421-909-7972x08944'),
(605,'Lisa','Morgan',29696185,'L.Morgan57@gmail.com','2023-01-22 12:18:38','2009',1,192,'+1-568-528-4159'),
(606,'Brent','Bass',51922792,'B-Bass62@gmail.com','2023-01-22 12:18:38','1958',1,850,'117-259-7196x127'),
(607,'Melinda','Ford',36778060,'M.Ford88@hotmail.com','2023-01-22 12:18:38','1946',1,737,'(963)158-2127x538'),
(608,'James','Steele',11148701,'J.Steele99@gmail.com','2023-01-22 12:18:38','1960',1,669,'+1-826-085-9063x9451'),
(609,'Kathy','Gonzalez',21487488,'K_Gonzalez96@hotmail.com','2023-01-22 12:18:38','1984',1,878,'702-360-9933x9797'),
(610,'Amy','Reynolds',78282062,'A_Reynolds88@hotmail.com','2023-01-22 12:18:38','1982',1,946,'900-892-9153'),
(611,'Francisco','Smith',61334996,'F.Smith91@gmail.com','2023-01-22 12:18:38','1981',1,405,'001-547-464-8692x415'),
(612,'Marilyn','Swanson',30080685,'M_Swanson88@yahoo.com','2023-01-22 12:18:38','1973',1,945,'001-206-451-4549x5504'),
(613,'Michael','Hansen',73567471,'M.Hansen81@gmail.com','2023-01-22 12:18:38','1981',1,583,'001-944-449-6611x74518'),
(614,'Kristin','Lopez',72785957,'K.Lopez78@hotmail.com','2023-01-22 12:18:38','1937',1,908,'340-544-4459x1033'),
(615,'Brandon','Baldwin',87239788,'B_Baldwin98@hotmail.com','2023-01-22 12:18:38','1953',1,424,'327-131-4187x653'),
(616,'Joseph','Warner',42926813,'J-Warner55@yahoo.com','2023-01-22 12:18:38','1984',1,376,'403-415-1116'),
(617,'John','Peters',34366350,'J-Peters64@hotmail.com','2023-01-22 12:18:38','1992',1,938,'+1-387-540-8357x01177'),
(618,'Jeffery','Reyes',24442150,'J_Reyes77@hotmail.com','2023-01-22 12:18:38','1968',1,546,'(841)793-3028x00451'),
(619,'Debra','Johnson',18316090,'D.Johnson68@hotmail.com','2023-01-22 12:18:38','1972',1,756,'(072)074-9088x36891'),
(620,'Joshua','Thomas',16171748,'J-Thomas85@hotmail.com','2023-01-22 12:18:38','1984',1,450,'901-930-4925'),
(621,'Anthony','Silva',37248854,'A-Silva74@gmail.com','2023-01-22 12:18:38','1943',1,687,'(649)613-0063x0427'),
(622,'Emily','Barnes',36350763,'E_Barnes97@gmail.com','2023-01-22 12:18:38','1969',1,305,'126-191-5682'),
(623,'Sharon','Haley',37980855,'S.Haley99@gmail.com','2023-01-22 12:18:38','1967',1,247,'001-734-287-6560x07901'),
(624,'Tiffany','Guzman',73362714,'T_Guzman61@gmail.com','2023-01-22 12:18:38','1946',1,142,'767-586-0930'),
(625,'Carlos','Edwards',11167949,'C-Edwards61@hotmail.com','2023-01-22 12:18:38','1996',1,593,'763.134.3935x396'),
(626,'Jeffery','Lin',18514892,'J-Lin59@gmail.com','2023-01-22 12:18:38','1985',1,822,'(603)775-1730x26214'),
(627,'Sheri','Patterson',90657472,'S.Patterson54@gmail.com','2023-01-22 12:18:38','1964',1,616,'156-109-7371'),
(628,'Elizabeth','Reed',55164233,'E-Reed68@hotmail.com','2023-01-22 12:18:38','1990',1,160,'694.273.0545x87316'),
(629,'Christine','Meyer',58209509,'C-Meyer57@hotmail.com','2023-01-22 12:18:38','1965',1,110,'(589)719-7329'),
(630,'Kathryn','Watson',49800898,'K.Watson67@yahoo.com','2023-01-22 12:18:38','1930',1,382,'(153)478-5039x4627'),
(631,'Gina','Lewis',74134722,'G_Lewis67@gmail.com','2023-01-22 12:18:38','1992',1,770,'6270390413'),
(632,'Melinda','Johnson',68160381,'M_Johnson95@gmail.com','2023-01-22 12:18:38','2005',1,657,'(165)770-8874'),
(633,'Alexander','Thompson',58106212,'A-Thompson86@yahoo.com','2023-01-22 12:18:38','1987',1,437,'001-004-514-6973x97325'),
(634,'Thomas','Stewart',43730249,'T_Stewart88@yahoo.com','2023-01-22 12:18:38','1970',1,135,'085-518-1126x545'),
(635,'Patricia','Marquez',45674147,'P.Marquez53@hotmail.com','2023-01-22 12:18:38','1973',1,619,'(404)206-5784x872'),
(636,'Kristina','Mason',71909893,'K_Mason99@yahoo.com','2023-01-22 12:18:38','1966',1,390,'098.820.3148x79440'),
(637,'Melissa','Ali',50245978,'M_Ali85@hotmail.com','2023-01-22 12:18:38','1957',1,614,'+1-258-743-3584'),
(638,'Martin','Peters',90050260,'M.Peters97@gmail.com','2023-01-22 12:18:38','1949',1,316,'+1-267-442-7899x899'),
(639,'John','Hahn',32199702,'J.Hahn91@hotmail.com','2023-01-22 12:18:38','1972',1,834,'+1-619-582-6590'),
(640,'Beth','Fletcher',78601358,'B_Fletcher63@gmail.com','2023-01-22 12:18:38','1980',1,402,'(001)857-5203'),
(641,'Jason','Davis',31929546,'J_Davis69@hotmail.com','2023-01-22 12:18:38','1975',1,356,'+1-349-325-5744x880'),
(642,'Timothy','Park',59387240,'T_Park94@hotmail.com','2023-01-22 12:18:38','1945',1,911,'016-151-3512x24303'),
(643,'Daniel','King',54689784,'D.King80@gmail.com','2023-01-22 12:18:38','1959',1,878,'(757)721-6925x557'),
(644,'James','Prince',97992625,'J-Prince81@yahoo.com','2023-01-22 12:18:38','1968',1,703,'001-064-987-6037x2677'),
(645,'Deborah','Sanchez',97993233,'D-Sanchez58@hotmail.com','2023-01-22 12:18:38','1942',1,830,'+1-430-058-6830x817'),
(646,'Raymond','Hoffman',16008210,'R-Hoffman82@yahoo.com','2023-01-22 12:18:38','1953',1,952,'001-437-891-2646'),
(647,'Victor','Johnson',66392347,'V_Johnson93@gmail.com','2023-01-22 12:18:38','1965',1,670,'646.563.4327x8884'),
(648,'Carol','Freeman',11605786,'C_Freeman82@yahoo.com','2023-01-22 12:18:38','1988',1,155,'(126)283-6487'),
(649,'David','Saunders',41070961,'D.Saunders65@gmail.com','2023-01-22 12:18:38','1975',1,506,'825.663.0084'),
(650,'Amy','Anderson',21328907,'A.Anderson88@yahoo.com','2023-01-22 12:18:38','1996',1,403,'917.164.9761x41462'),
(651,'Matthew','Silva',27496424,'M.Silva56@gmail.com','2023-01-22 12:18:38','1962',1,728,'6411938063'),
(652,'Jake','James',49750583,'J_James58@yahoo.com','2023-01-22 12:18:38','1957',1,378,'215-557-7449x59671'),
(653,'Joseph','Sims',15827641,'J.Sims71@hotmail.com','2023-01-22 12:18:38','1990',1,678,'+1-899-856-4186x39899'),
(654,'Sarah','Vaughn',70959897,'S.Vaughn89@gmail.com','2023-01-22 12:18:38','1966',1,322,'5305181836'),
(655,'Jesse','Perez',13515269,'J_Perez62@hotmail.com','2023-01-22 12:18:38','1978',1,508,'0654938019'),
(656,'Jessica','Harrison',86211869,'J.Harrison73@yahoo.com','2023-01-22 12:18:38','1964',1,898,'+1-266-830-6404x54599'),
(657,'Samantha','Vaughan',93033004,'S.Vaughan53@yahoo.com','2023-01-22 12:18:38','1980',1,734,'375-465-3286x12385'),
(658,'Daniel','Smith',78270493,'D_Smith70@gmail.com','2023-01-22 12:18:38','2008',1,247,'391.388.6341x75409'),
(659,'Molly','Douglas',74462837,'M-Douglas96@hotmail.com','2023-01-22 12:18:38','1984',1,131,'(457)612-8207x418'),
(660,'Geoffrey','Hopkins',54667603,'G.Hopkins93@hotmail.com','2023-01-22 12:18:38','1959',1,777,'001-925-575-7246x965'),
(661,'Wayne','Farmer',31317049,'W-Farmer75@gmail.com','2023-01-22 12:18:38','1984',1,851,'+1-639-320-0245x9364'),
(662,'Francisco','Harris',33131073,'F.Harris63@gmail.com','2023-01-22 12:18:38','1985',1,252,'768.693.3504x02031'),
(663,'Kayla','Miller',27373550,'K.Miller89@hotmail.com','2023-01-22 12:18:38','1973',1,200,'473-690-7702x9028'),
(664,'Sheila','Velasquez',89886846,'S-Velasquez76@gmail.com','2023-01-22 12:18:38','1976',1,765,'001-450-209-9812'),
(665,'Alexander','Williams',45472046,'A-Williams75@gmail.com','2023-01-22 12:18:38','1998',1,896,'8010443881'),
(666,'Jeffrey','Reyes',94542387,'J_Reyes93@yahoo.com','2023-01-22 12:18:38','1980',1,332,'(063)539-7120x963'),
(667,'Melissa','Martin',74058548,'M.Martin64@yahoo.com','2023-01-22 12:18:38','1975',1,320,'087.293.8718'),
(668,'Deanna','Rice',51364553,'D.Rice50@yahoo.com','2023-01-22 12:18:38','1956',1,545,'332.229.1371'),
(669,'Robert','Dillon',96710177,'R_Dillon80@yahoo.com','2023-01-22 12:18:38','1957',1,465,'613.047.5644'),
(670,'Stephanie','Flores',53580583,'S.Flores58@yahoo.com','2023-01-22 12:18:38','1948',1,47,'+1-336-592-2821x8360'),
(671,'Paul','Taylor',93435058,'P_Taylor59@hotmail.com','2023-01-22 12:18:38','1997',1,479,'(579)721-7930x7974'),
(672,'Ariana','Kelley',86262260,'A_Kelley69@hotmail.com','2023-01-22 12:18:38','1981',1,588,'305-297-1947'),
(673,'Heather','Stewart',87935424,'H_Stewart56@yahoo.com','2023-01-22 12:18:38','1964',1,484,'076-531-9737'),
(674,'Jeremy','Brewer',56242582,'J.Brewer54@yahoo.com','2023-01-22 12:18:38','1993',1,194,'001-171-303-5508'),
(675,'Amber','Blankenship',64873981,'A-Blankenship83@gmail.com','2023-01-22 12:18:38','1983',1,919,'857-438-3797'),
(676,'Katie','Ford',66128129,'K_Ford90@gmail.com','2023-01-22 12:18:38','1986',1,934,'257.170.4978x4787'),
(677,'Susan','Carter',51926498,'S.Carter51@yahoo.com','2023-01-22 12:18:38','1992',1,536,'(943)342-4536x7921'),
(678,'Amanda','Nguyen',53964808,'A-Nguyen67@hotmail.com','2023-01-22 12:18:38','1963',1,435,'+1-726-896-3917x650'),
(679,'William','Pollard',97923447,'W-Pollard58@yahoo.com','2023-01-22 12:18:38','1969',1,897,'+1-148-709-2676x419'),
(680,'Christopher','Reid',58955153,'C-Reid80@yahoo.com','2023-01-22 12:18:38','1960',1,17,'001-074-089-4559x60119'),
(681,'Lindsey','Sanchez',67423899,'L-Sanchez67@yahoo.com','2023-01-22 12:18:38','2005',1,811,'(599)367-6229x62190'),
(682,'Andrea','Chan',40225845,'A_Chan65@hotmail.com','2023-01-22 12:18:38','1997',1,181,'001-766-494-9765x0117'),
(683,'David','Good',72348363,'D_Good58@yahoo.com','2023-01-22 12:18:38','1963',1,792,'+1-786-705-0503x80245'),
(684,'Charles','Brown',30205879,'C_Brown82@hotmail.com','2023-01-22 12:18:38','2015',1,732,'+1-953-832-6656x51924'),
(685,'Jonathan','Cooper',29021038,'J.Cooper82@yahoo.com','2023-01-22 12:18:38','1958',1,664,'874-904-5262x1934'),
(686,'Andrew','Cruz',22324616,'A_Cruz64@gmail.com','2023-01-22 12:18:38','1979',1,485,'001-173-597-6527x191'),
(687,'Sherri','Lopez',52132810,'S_Lopez93@hotmail.com','2023-01-22 12:18:38','1972',1,239,'2997591661'),
(688,'Heather','Snyder',94506568,'H_Snyder50@gmail.com','2023-01-22 12:18:38','1994',1,423,'019.189.0562'),
(689,'Donald','Hernandez',89892362,'D.Hernandez70@yahoo.com','2023-01-22 12:18:38','1982',1,478,'001-790-302-2239'),
(690,'Richard','Baker',82876965,'R_Baker53@hotmail.com','2023-01-22 12:18:38','1980',1,469,'720.481.2333x806'),
(691,'Julie','Ortiz',30252381,'J-Ortiz63@hotmail.com','2023-01-22 12:18:38','1982',1,61,'173-277-0753x725'),
(692,'Jocelyn','Parker',97610522,'J.Parker79@gmail.com','2023-01-22 12:18:38','1995',1,449,'(310)714-3883x640'),
(693,'Debra','Walker',83769744,'D-Walker80@yahoo.com','2023-01-22 12:18:38','1987',1,604,'+1-169-675-5776x01205'),
(694,'Justin','Chen',10600177,'J_Chen55@yahoo.com','2023-01-22 12:18:38','1952',1,892,'080-867-1349'),
(695,'Randy','Williams',82030902,'R-Williams50@yahoo.com','2023-01-22 12:18:38','1975',1,26,'+1-737-496-4416x502'),
(696,'Elizabeth','Sellers',98988042,'E.Sellers50@gmail.com','2023-01-22 12:18:38','1943',1,224,'9676337753'),
(697,'Devon','Jacobs',39403219,'D.Jacobs65@gmail.com','2023-01-22 12:18:38','1949',1,297,'178.816.7057'),
(698,'Pamela','Warren',39435187,'P-Warren79@hotmail.com','2023-01-22 12:18:38','1991',1,343,'(885)949-1066x9511'),
(699,'Mary','Fuller',48336625,'M.Fuller79@yahoo.com','2023-01-22 12:18:38','1992',1,852,'010-789-6773'),
(700,'Jacqueline','Montoya',51329907,'J_Montoya56@gmail.com','2023-01-22 12:18:38','1960',1,14,'001-165-336-5185x5219'),
(701,'Christopher','Brown',24851167,'C.Brown54@hotmail.com','2023-01-22 12:18:38','1969',1,333,'(162)948-3429'),
(702,'Julie','Brown',84071564,'J_Brown50@yahoo.com','2023-01-22 12:18:38','1998',1,62,'187.508.6043'),
(703,'Miranda','Kirby',13514547,'M_Kirby55@yahoo.com','2023-01-22 12:18:38','1961',1,989,'3059060833'),
(704,'Tim','Martin',18891926,'T.Martin60@gmail.com','2023-01-22 12:18:38','1950',1,298,'835.952.1608x224'),
(705,'Peter','Sanders',79319211,'P-Sanders92@yahoo.com','2023-01-22 12:18:38','2008',1,972,'768-606-5142'),
(706,'Bill','Brown',46493911,'B_Brown50@hotmail.com','2023-01-22 12:18:38','2007',1,374,'(524)150-3934'),
(707,'James','Fitzgerald',37279956,'J-Fitzgerald55@gmail.com','2023-01-22 12:18:38','1984',1,733,'(057)557-9780x15015'),
(708,'Stephanie','Mahoney',58855800,'S.Mahoney55@yahoo.com','2023-01-22 12:18:38','1987',1,29,'(685)463-0806'),
(709,'Cristian','Conway',88375595,'C.Conway52@hotmail.com','2023-01-22 12:18:38','1977',1,614,'6834016301'),
(710,'Charles','Cox',41550489,'C-Cox53@yahoo.com','2023-01-22 12:18:38','1943',1,146,'(015)618-0212x33350'),
(711,'Marissa','Moore',86874996,'M-Moore97@hotmail.com','2023-01-22 12:18:38','1948',0,35,'347.060.6794x56303'),
(712,'George','Smith',48468238,'G.Smith98@hotmail.com','2023-01-22 12:18:38','1965',1,154,'111.676.7929'),
(713,'Brenda','Porter',81933160,'B-Porter54@hotmail.com','2023-01-22 12:18:38','1956',1,277,'(049)173-3606'),
(714,'Nancy','Franklin',25973880,'N-Franklin87@yahoo.com','2023-01-22 12:18:38','1984',1,220,'526.561.4771'),
(715,'Garrett','Barnett',49481014,'G.Barnett85@hotmail.com','2023-01-22 12:18:38','2002',1,48,'2405111911'),
(716,'James','Ortega',39946298,'J_Ortega92@yahoo.com','2023-01-22 12:18:38','1980',1,756,'302.683.7345'),
(717,'Cody','Thompson',94840422,'C_Thompson53@gmail.com','2023-01-22 12:18:38','1981',1,328,'2980878268'),
(718,'Vernon','Curtis',50644930,'V_Curtis55@hotmail.com','2023-01-22 12:18:38','1989',1,305,'001-584-845-8720x426'),
(719,'Jeff','Phelps',11786357,'J_Phelps61@gmail.com','2023-01-22 12:18:38','1970',1,884,'242-842-9366'),
(720,'Michelle','Myers',55827909,'M_Myers54@yahoo.com','2023-01-22 12:18:38','1979',1,492,'591-187-3401'),
(721,'Nicole','Ayers',69805265,'N.Ayers58@hotmail.com','2023-01-22 12:18:38','1949',1,533,'881-818-8038'),
(722,'Ann','Brown',69001946,'A-Brown69@yahoo.com','2023-01-22 12:18:38','1959',1,960,'(899)521-7241'),
(723,'Danielle','Pierce',99034541,'D-Pierce93@gmail.com','2023-01-22 12:18:38','1979',1,732,'874-089-3730x28645'),
(724,'Michael','Hernandez',20822646,'M-Hernandez51@gmail.com','2023-01-22 12:18:38','1939',1,777,'510-742-2931'),
(725,'Darlene','Hanson',10396187,'D-Hanson68@yahoo.com','2023-01-22 12:18:38','1958',1,275,'714.204.9977'),
(726,'Michelle','Cochran',77234360,'M_Cochran89@gmail.com','2023-01-22 12:18:38','2000',1,324,'072-876-3565x932'),
(727,'Michael','Garrett',96373940,'M.Garrett78@yahoo.com','2023-01-22 12:18:38','1958',1,739,'(361)380-5138x546'),
(728,'David','Martinez',40839986,'D.Martinez70@hotmail.com','2023-01-22 12:18:38','1992',1,694,'(425)387-9525'),
(729,'James','Whitney',73152960,'J.Whitney52@hotmail.com','2023-01-22 12:18:38','1955',1,677,'2807459328'),
(730,'Joseph','Willis',17893673,'J-Willis95@hotmail.com','2023-01-22 12:18:38','1950',1,290,'8302703048'),
(731,'Susan','Gonzales',61588708,'S_Gonzales68@hotmail.com','2023-01-22 12:18:38','1971',1,591,'001-897-628-2202x542'),
(732,'Dana','Davis',79292485,'D-Davis59@hotmail.com','2023-01-22 12:18:38','1988',1,475,'7800924949'),
(733,'Chad','Hicks',75816615,'C.Hicks52@hotmail.com','2023-01-22 12:18:38','1955',1,199,'+1-368-417-5187'),
(734,'Gregory','Ramirez',55364008,'G_Ramirez76@gmail.com','2023-01-22 12:18:38','1985',1,109,'(889)209-6207x477'),
(735,'Christopher','Barajas',26573808,'C.Barajas90@yahoo.com','2023-01-22 12:18:38','1980',1,650,'490-676-2962'),
(736,'David','Drake',92442951,'D-Drake70@gmail.com','2023-01-22 12:18:38','1951',1,925,'+1-582-808-7641x66384'),
(737,'James','Beard',53533855,'J.Beard92@yahoo.com','2023-01-22 12:18:38','1988',1,831,'+1-187-170-1358x2584'),
(738,'Jane','Jimenez',94592392,'J_Jimenez84@gmail.com','2023-01-22 12:18:38','1956',1,801,'+1-254-949-9165x16638'),
(739,'Susan','Oconnor',59639257,'S_Oconnor77@hotmail.com','2023-01-22 12:18:38','1956',1,933,'(062)675-4743x583'),
(740,'Debra','Monroe',34337219,'D-Monroe69@yahoo.com','2023-01-22 12:18:38','1970',1,368,'+1-372-027-1232x6397'),
(741,'Holly','Zamora',77434587,'H.Zamora75@yahoo.com','2023-01-22 12:18:38','1949',1,433,'835-535-0048'),
(742,'Kayla','Coleman',60057654,'K_Coleman98@gmail.com','2023-01-22 12:18:38','1957',1,903,'642-524-8485'),
(743,'Ryan','Pratt',26907135,'R.Pratt84@hotmail.com','2023-01-22 12:18:38','2007',1,637,'001-930-391-6022x8430'),
(744,'Lance','Spencer',89372257,'L.Spencer76@yahoo.com','2023-01-22 12:18:38','2004',1,963,'113-179-9285x953'),
(745,'Richard','Vasquez',34157129,'R.Vasquez51@gmail.com','2023-01-22 12:18:38','1980',1,542,'578.629.5976'),
(746,'Lisa','Black',73210298,'L-Black54@hotmail.com','2023-01-22 12:18:38','1985',1,652,'(849)357-5170'),
(747,'Ricky','Howard',99070311,'R_Howard96@yahoo.com','2023-01-22 12:18:38','1960',1,549,'639.873.2919x14679'),
(748,'Nicholas','Arnold',88685271,'N-Arnold75@gmail.com','2023-01-22 12:18:38','2009',1,118,'(230)454-5718'),
(749,'Chase','Liu',30645814,'C_Liu87@gmail.com','2023-01-22 12:18:38','1995',1,203,'1584150066'),
(750,'Kristina','Garcia',79852194,'K_Garcia67@hotmail.com','2023-01-22 12:18:38','1996',1,163,'+1-643-208-9690x53724'),
(751,'Julie','Beck',69326088,'J_Beck94@gmail.com','2023-01-22 12:18:38','1985',1,439,'1414082346'),
(752,'Kim','Riley',51820860,'K.Riley78@hotmail.com','2023-01-22 12:18:38','1967',1,408,'863.566.1244'),
(753,'Andrew','Murphy',49356894,'A-Murphy51@hotmail.com','2023-01-22 12:18:38','2008',1,469,'986-080-0893'),
(754,'Carrie','Howell',69753090,'C.Howell70@gmail.com','2023-01-22 12:18:38','1963',1,33,'677-258-6832'),
(755,'Derek','Reynolds',99792889,'D_Reynolds87@gmail.com','2023-01-22 12:18:38','1979',1,326,'+1-781-695-2048x17388'),
(756,'Tamara','Hernandez',91413634,'T.Hernandez52@yahoo.com','2023-01-22 12:18:38','1944',1,79,'632-955-7779x165'),
(757,'Kayla','Foster',79124633,'K_Foster91@yahoo.com','2023-01-22 12:18:38','1932',1,268,'(911)473-7374'),
(758,'Jerome','Kelly',68720914,'J.Kelly67@gmail.com','2023-01-22 12:18:38','1987',1,903,'907.136.4784'),
(759,'Karen','Jackson',82346435,'K-Jackson59@hotmail.com','2023-01-22 12:18:38','1943',1,954,'642-958-9911x227'),
(760,'Travis','Fleming',25727427,'T-Fleming77@gmail.com','2023-01-22 12:18:38','1999',1,609,'+1-931-835-7487x4348'),
(761,'Robert','Villa',68401316,'R-Villa89@gmail.com','2023-01-22 12:18:38','1968',1,113,'001-790-767-4200x85440'),
(762,'Valerie','Chambers',89776861,'V.Chambers51@hotmail.com','2023-01-22 12:18:38','1993',1,182,'485.297.8074'),
(763,'Rachel','Thompson',92915203,'R.Thompson86@hotmail.com','2023-01-22 12:18:38','1981',1,38,'001-425-369-7904x024'),
(764,'Evelyn','Thompson',81316096,'E.Thompson83@hotmail.com','2023-01-22 12:18:38','1983',1,585,'228-410-6361x15518'),
(765,'Philip','Jackson',51330869,'P-Jackson96@yahoo.com','2023-01-22 12:18:38','1954',1,224,'480.644.6841'),
(766,'Molly','Marshall',34469091,'M.Marshall97@hotmail.com','2023-01-22 12:18:38','1965',1,781,'+1-609-775-2557x782'),
(767,'Martha','Stout',76110134,'M-Stout56@yahoo.com','2023-01-22 12:18:38','1963',1,30,'427.632.6292x4332'),
(768,'Richard','Ross',94526191,'R-Ross75@hotmail.com','2023-01-22 12:18:38','1968',1,448,'616.872.2853x3114'),
(769,'Bryan','Orozco',16810401,'B.Orozco90@yahoo.com','2023-01-22 12:18:38','2000',1,483,'975-154-9765x2556'),
(770,'Kenneth','Allen',73442557,'K_Allen88@gmail.com','2023-01-22 12:18:38','1957',1,480,'+1-317-586-3199x4926'),
(771,'Stephen','Ellison',44079335,'S-Ellison79@gmail.com','2023-01-22 12:18:38','1986',1,722,'061.872.6822x4223'),
(772,'Angela','Weber',86369175,'A_Weber55@gmail.com','2023-01-22 12:18:38','1986',1,449,'(584)907-4683'),
(773,'Louis','Aguirre',42409918,'L.Aguirre71@yahoo.com','2023-01-22 12:18:38','1967',1,411,'051.945.0972x05130'),
(774,'Deborah','Jones',53610893,'D.Jones90@yahoo.com','2023-01-22 12:18:38','1980',1,391,'960.981.5824x4315'),
(775,'Eric','Garcia',69327989,'E.Garcia92@yahoo.com','2023-01-22 12:18:38','1970',1,913,'001-006-163-3996'),
(776,'Angela','Crawford',40997063,'A_Crawford92@yahoo.com','2023-01-22 12:18:38','1976',1,417,'(577)339-9881x627'),
(777,'Erin','Greene',28426832,'E-Greene60@hotmail.com','2023-01-22 12:18:38','1939',1,999,'+1-071-600-9055'),
(778,'Kristin','Dawson',71017940,'K-Dawson66@hotmail.com','2023-01-22 12:18:38','1987',1,386,'001-193-588-4750x0785'),
(779,'Sheila','Davis',66836313,'S.Davis63@gmail.com','2023-01-22 12:18:38','2001',1,899,'141.495.0104x7737'),
(780,'Melissa','Jones',82439749,'M-Jones94@hotmail.com','2023-01-22 12:18:38','1984',1,116,'1066512582'),
(781,'Tyler','White',84628628,'T.White55@hotmail.com','2023-01-22 12:18:38','1964',1,625,'829.685.1360'),
(782,'Angela','Mejia',51388921,'A_Mejia71@hotmail.com','2023-01-22 12:18:38','1946',1,57,'347.810.7973x00830'),
(783,'Wanda','Coleman',73036014,'W_Coleman87@gmail.com','2023-01-22 12:18:38','1956',1,787,'550.295.7358'),
(784,'Dustin','Garcia',32018882,'D_Garcia67@yahoo.com','2023-01-22 12:18:38','1942',1,75,'451.625.8960x171'),
(785,'Daniel','Hall',95281414,'D_Hall68@yahoo.com','2023-01-22 12:18:38','2003',1,839,'+1-667-562-4480x49018'),
(786,'Richard','Baxter',90817170,'R_Baxter51@yahoo.com','2023-01-22 12:18:38','1997',1,24,'(195)245-3445x02133'),
(787,'Robert','Villanueva',42234953,'R_Villanueva80@gmail.com','2023-01-22 12:18:38','2006',1,867,'8163975862'),
(788,'David','Gray',85857671,'D-Gray51@gmail.com','2023-01-22 12:18:38','1996',1,972,'(672)104-7075'),
(789,'Adam','Arellano',91672463,'A-Arellano54@yahoo.com','2023-01-22 12:18:38','1972',1,633,'001-114-882-4503x1666'),
(790,'Meagan','Avila',37406556,'M_Avila89@yahoo.com','2023-01-22 12:18:38','1976',1,212,'+1-915-482-9482'),
(791,'William','Henry',88175510,'W-Henry57@gmail.com','2023-01-22 12:18:38','1979',1,759,'032-176-6409x7980'),
(792,'Carlos','Baker',12615661,'C.Baker99@gmail.com','2023-01-22 12:18:38','1958',1,843,'659-211-4810'),
(793,'Tammie','Ellis',68329466,'T-Ellis54@gmail.com','2023-01-22 12:18:38','1948',1,908,'(946)576-1188'),
(794,'Marc','Kemp',14513549,'M_Kemp56@yahoo.com','2023-01-22 12:18:38','1962',1,845,'046.814.3695'),
(795,'Julia','Hamilton',76470817,'J.Hamilton77@gmail.com','2023-01-22 12:18:38','2000',1,670,'(903)482-3093x08317'),
(796,'Taylor','Duran',23562058,'T_Duran81@gmail.com','2023-01-22 12:18:38','1956',1,610,'(233)782-4579x466'),
(797,'Jill','Gillespie',17566997,'J-Gillespie74@hotmail.com','2023-01-22 12:18:38','1956',1,213,'4615214236'),
(798,'Stephanie','Hudson',36781376,'S.Hudson74@hotmail.com','2023-01-22 12:18:38','1979',1,519,'569-250-2222x905'),
(799,'Nathan','Johnson',25735222,'N-Johnson56@hotmail.com','2023-01-22 12:18:38','2002',1,991,'(697)465-1808x0861'),
(800,'Jason','Burns',85066810,'J-Burns67@yahoo.com','2023-01-22 12:18:38','1942',1,317,'253.290.7094x1441'),
(801,'Amber','Murphy',46675419,'A-Murphy97@gmail.com','2023-01-22 12:18:38','1982',1,197,'(039)539-4817'),
(802,'Kristy','Smith',59211648,'K.Smith99@yahoo.com','2023-01-22 12:18:38','1975',1,381,'+1-320-457-7946'),
(803,'Gabriel','Church',16839790,'G_Church67@gmail.com','2023-01-22 12:18:38','1984',1,452,'001-088-028-4351x4148'),
(804,'Thomas','Stephens',16025495,'T.Stephens67@gmail.com','2023-01-22 12:18:38','1973',1,301,'001-948-662-9928'),
(805,'Matthew','Reynolds',49348043,'M.Reynolds84@hotmail.com','2023-01-22 12:18:38','1979',1,361,'+1-990-498-8493x08881'),
(806,'Jennifer','Fuller',59721486,'J-Fuller60@hotmail.com','2023-01-22 12:18:38','1969',1,839,'001-911-006-8775x3116'),
(807,'Michael','Wilson',60463759,'M-Wilson54@gmail.com','2023-01-22 12:18:38','1950',1,251,'001-973-117-6800'),
(808,'Michelle','Griffith',19106214,'M.Griffith56@gmail.com','2023-01-22 12:18:38','1940',1,455,'(975)995-1363x43540'),
(809,'Mary','Alexander',19789649,'M.Alexander80@gmail.com','2023-01-22 12:18:38','1996',1,356,'615.063.4427x88511'),
(810,'Kathleen','Fernandez',56202769,'K-Fernandez90@yahoo.com','2023-01-22 12:18:38','1966',1,110,'+1-094-605-2208x189'),
(811,'Adrian','Morrison',25034521,'A.Morrison82@hotmail.com','2023-01-22 12:18:38','1986',1,475,'210-633-0128'),
(812,'Jacob','Klein',58101022,'J_Klein68@yahoo.com','2023-01-22 12:18:38','1980',1,547,'542-927-0858x631'),
(813,'Danny','Smith',86794061,'D_Smith97@yahoo.com','2023-01-22 12:18:38','1958',1,751,'2211214395'),
(814,'Derrick','Strickland',85662614,'D_Strickland53@hotmail.com','2023-01-22 12:18:38','1956',0,7,'+1-015-658-1156x77163'),
(815,'Laura','Gardner',18664683,'L-Gardner77@hotmail.com','2023-01-22 12:18:38','1983',1,879,'(999)872-5258'),
(816,'Bonnie','Carpenter',28210866,'B-Carpenter97@gmail.com','2023-01-22 12:18:38','1976',1,76,'(269)790-0853'),
(817,'Dana','Fisher',46505239,'D-Fisher88@hotmail.com','2023-01-22 12:18:38','1973',1,591,'+1-224-815-5016x194'),
(818,'Gregory','Smith',46631847,'G-Smith99@hotmail.com','2023-01-22 12:18:38','1979',1,824,'4451767539'),
(819,'Ronald','Jacobson',81379791,'R.Jacobson94@yahoo.com','2023-01-22 12:18:38','1966',1,823,'444.373.3627'),
(820,'Robert','Hayes',37199734,'R_Hayes90@yahoo.com','2023-01-22 12:18:38','1935',1,933,'501-711-6627x67779'),
(821,'Jocelyn','Newton',52791383,'J_Newton76@hotmail.com','2023-01-22 12:18:38','1956',1,793,'001-325-787-2914x6554'),
(822,'Ronald','Rush',14822889,'R-Rush75@gmail.com','2023-01-22 12:18:38','1953',1,300,'117.462.9260x36375'),
(823,'Tracey','Pace',81617577,'T_Pace95@yahoo.com','2023-01-22 12:18:38','1958',1,252,'495.855.4504'),
(824,'Matthew','Kim',25580691,'M-Kim69@gmail.com','2023-01-22 12:18:38','1990',1,444,'001-315-643-9175x075'),
(825,'William','Rodriguez',76190541,'W.Rodriguez96@yahoo.com','2023-01-22 12:18:38','1943',1,775,'(927)403-9537'),
(826,'Brittney','Thomas',98396767,'B-Thomas96@gmail.com','2023-01-22 12:18:38','1967',1,197,'773.776.8572x002'),
(827,'Anthony','Austin',72368817,'A_Austin98@gmail.com','2023-01-22 12:18:38','1986',1,241,'(441)869-7652x73441'),
(828,'Daniel','Ellis',41392203,'D.Ellis78@hotmail.com','2023-01-22 12:18:38','1947',1,510,'001-836-713-1224x823'),
(829,'Crystal','Kemp',33723337,'C_Kemp98@gmail.com','2023-01-22 12:18:38','1977',1,250,'169-248-9463'),
(830,'Melissa','Ramirez',75874650,'M_Ramirez76@yahoo.com','2023-01-22 12:18:38','1956',1,579,'553.490.6988x49955'),
(831,'Lisa','Fuller',72407372,'L_Fuller84@gmail.com','2023-01-22 12:18:38','1994',1,304,'+1-819-129-1807'),
(832,'Randall','Santiago',46956611,'R-Santiago56@hotmail.com','2023-01-22 12:18:38','1976',1,806,'(917)941-6094x87569'),
(833,'Victoria','Hale',51878708,'V_Hale87@yahoo.com','2023-01-22 12:18:38','1974',1,455,'462.733.1936'),
(834,'David','Ortiz',10047303,'D.Ortiz73@gmail.com','2023-01-22 12:18:38','1954',1,977,'(503)764-7313'),
(835,'Desiree','Burnett',25012045,'D_Burnett74@hotmail.com','2023-01-22 12:18:38','1978',1,968,'8160133903'),
(836,'Jacqueline','Carr',52098829,'J-Carr79@gmail.com','2023-01-22 12:18:38','1967',1,520,'(254)621-1563x0784'),
(837,'Geoffrey','Garcia',70781274,'G-Garcia84@gmail.com','2023-01-22 12:18:38','2003',1,609,'1163745948'),
(838,'Derek','Wilson',84090299,'D_Wilson84@yahoo.com','2023-01-22 12:18:38','1987',1,56,'001-746-342-3151x4960'),
(839,'Nicole','Diaz',49433017,'N.Diaz99@gmail.com','2023-01-22 12:18:38','1960',1,338,'911.349.8170'),
(840,'Janice','Erickson',17081297,'J.Erickson62@yahoo.com','2023-01-22 12:18:38','1990',1,975,'(957)135-1909'),
(841,'Todd','Watson',20710794,'T.Watson82@hotmail.com','2023-01-22 12:18:38','1982',1,603,'+1-218-416-5258x9382'),
(842,'Janet','Pearson',48059765,'J_Pearson53@yahoo.com','2023-01-22 12:18:38','1959',1,761,'132-034-9861x374'),
(843,'Corey','Miller',98090913,'C-Miller85@yahoo.com','2023-01-22 12:18:38','2002',1,111,'+1-823-687-0809x8739'),
(844,'Daniel','Johnson',43618345,'D.Johnson70@yahoo.com','2023-01-22 12:18:38','1957',1,614,'+1-785-373-9017'),
(845,'Robert','Yang',49042358,'R.Yang55@gmail.com','2023-01-22 12:18:38','1954',1,560,'+1-619-925-7851x18337'),
(846,'Jason','Harris',22704215,'J-Harris80@hotmail.com','2023-01-22 12:18:38','1960',1,180,'001-180-625-9221x82765'),
(847,'Adam','Stanley',86734603,'A.Stanley99@hotmail.com','2023-01-22 12:18:38','1981',1,71,'319-435-8053x93699'),
(848,'Elizabeth','Ford',37528357,'E_Ford57@yahoo.com','2023-01-22 12:18:38','1977',1,83,'001-181-858-9582x2337'),
(849,'Jessica','Collins',80277510,'J_Collins59@gmail.com','2023-01-22 12:18:38','1956',1,317,'001-596-560-3731x591'),
(850,'Ralph','Evans',46163659,'R_Evans84@gmail.com','2023-01-22 12:18:38','1955',1,418,'825-659-1143'),
(851,'Matthew','Hamilton',65078921,'M.Hamilton96@gmail.com','2023-01-22 12:18:38','2010',1,690,'001-874-423-4135x84608'),
(852,'Keith','Cordova',94229326,'K.Cordova98@hotmail.com','2023-01-22 12:18:38','1981',1,885,'609-962-4463x5154'),
(853,'Shannon','Hall',83187256,'S.Hall91@yahoo.com','2023-01-22 12:18:38','1996',1,62,'0590705157'),
(854,'Erika','Dean',52357202,'E_Dean82@yahoo.com','2023-01-22 12:18:38','1962',1,949,'149-714-4435x20956'),
(855,'Phillip','Cunningham',73882094,'P_Cunningham69@gmail.com','2023-01-22 12:18:38','1966',1,346,'932.891.3773'),
(856,'Amanda','Mcdonald',49421426,'A_Mcdonald63@gmail.com','2023-01-22 12:18:38','1987',1,45,'001-193-339-1732x4711'),
(857,'Robert','Rodriguez',68398488,'R.Rodriguez62@gmail.com','2023-01-22 12:18:38','1981',1,915,'5543054850'),
(858,'Lawrence','Lynch',56450968,'L_Lynch81@hotmail.com','2023-01-22 12:18:38','1967',1,682,'145-478-4833'),
(859,'Donna','Goodman',41439353,'D-Goodman80@gmail.com','2023-01-22 12:18:38','1960',1,637,'001-990-960-7759x450'),
(860,'Brittany','Christensen',23126048,'B_Christensen59@gmail.com','2023-01-22 12:18:38','1991',0,104,'001-575-333-4771'),
(861,'Yolanda','Parks',81165696,'Y_Parks71@yahoo.com','2023-01-22 12:18:38','1997',1,916,'+1-182-496-6638x72842'),
(862,'Antonio','Elliott',52248948,'A.Elliott66@hotmail.com','2023-01-22 12:18:38','1982',1,11,'+1-084-709-5744x622'),
(863,'Donna','Taylor',38893787,'D-Taylor83@hotmail.com','2023-01-22 12:18:38','1954',1,152,'001-445-858-9457x4055'),
(864,'David','Owens',78696533,'D-Owens67@yahoo.com','2023-01-22 12:18:38','1983',1,709,'(763)682-3215'),
(865,'Aaron','Wells',84136328,'A_Wells89@yahoo.com','2023-01-22 12:18:38','1966',1,496,'678-670-3701x705'),
(866,'Jerry','Adams',49418054,'J_Adams90@gmail.com','2023-01-22 12:18:38','1955',1,217,'001-367-281-5652x4431'),
(867,'Edward','Wise',53467129,'E_Wise82@hotmail.com','2023-01-22 12:18:38','1962',1,454,'133-033-9915'),
(868,'Krystal','Patel',24885711,'K.Patel59@yahoo.com','2023-01-22 12:18:38','1957',1,289,'001-070-512-1109x22302'),
(869,'Michele','Mccoy',41063680,'M_Mccoy93@hotmail.com','2023-01-22 12:18:38','2006',1,520,'234.808.4811'),
(870,'Emily','Lee',38127401,'E.Lee58@gmail.com','2023-01-22 12:18:38','2009',1,15,'(114)540-5125'),
(871,'Derek','Dunn',15380700,'D-Dunn64@gmail.com','2023-01-22 12:18:38','1953',1,995,'(005)915-4756'),
(872,'John','Young',26371129,'J-Young55@hotmail.com','2023-01-22 12:18:38','1988',1,186,'999.759.1636x13424'),
(873,'Travis','Banks',52433863,'T-Banks50@gmail.com','2023-01-22 12:18:38','1958',1,590,'551.434.0011x402'),
(874,'Robert','Hayes',85215824,'R_Hayes81@gmail.com','2023-01-22 12:18:38','2006',1,992,'(567)808-2281x35154'),
(875,'Natalie','Gay',71236179,'N.Gay61@hotmail.com','2023-01-22 12:18:38','1996',1,457,'(066)581-3670x755'),
(876,'Amber','Hernandez',30902752,'A_Hernandez94@hotmail.com','2023-01-22 12:18:38','1962',1,173,'196-474-3835x606'),
(877,'Amanda','Kirk',10686651,'A_Kirk66@gmail.com','2023-01-22 12:18:38','1988',1,52,'(136)109-1225x9529'),
(878,'Brittney','Mcmillan',50503124,'B.Mcmillan85@gmail.com','2023-01-22 12:18:38','1995',1,663,'731-300-6549'),
(879,'Anthony','Kim',68080397,'A-Kim92@gmail.com','2023-01-22 12:18:38','1990',1,716,'620-856-1807'),
(880,'Donna','Willis',68776269,'D-Willis84@gmail.com','2023-01-22 12:18:38','1972',1,670,'795-795-4990'),
(881,'Christopher','Hayes',56538703,'C-Hayes68@gmail.com','2023-01-22 12:18:38','1987',1,614,'158-368-0859x1365'),
(882,'Julia','Buchanan',87180508,'J.Buchanan52@gmail.com','2023-01-22 12:18:38','1956',1,583,'001-051-416-1548x8043'),
(883,'Monica','Brown',92686489,'M_Brown77@gmail.com','2023-01-22 12:18:38','2003',1,667,'001-857-894-7780x923'),
(884,'Carl','Wall',61798304,'C.Wall55@gmail.com','2023-01-22 12:18:38','1950',1,107,'230-791-0194x94610'),
(885,'Alexandra','Smith',98351610,'A.Smith69@gmail.com','2023-01-22 12:18:38','1970',1,172,'(362)066-7030x9327'),
(886,'Brandi','Jenkins',83154626,'B-Jenkins93@gmail.com','2023-01-22 12:18:38','1986',1,392,'001-387-912-8138'),
(887,'Robert','Martinez',89594514,'R-Martinez74@hotmail.com','2023-01-22 12:18:38','1981',1,329,'+1-218-671-6445x117'),
(888,'Rachel','Saunders',27881896,'R.Saunders89@yahoo.com','2023-01-22 12:18:38','1930',1,374,'2936283122'),
(889,'Shannon','Roy',79894751,'S_Roy85@hotmail.com','2023-01-22 12:18:38','1966',1,210,'(559)970-9377x841'),
(890,'Brittany','Owens',67645831,'B.Owens87@hotmail.com','2023-01-22 12:18:38','1954',1,461,'001-964-819-5539x058'),
(891,'Chad','Craig',91738406,'C-Craig96@hotmail.com','2023-01-22 12:18:38','1953',1,444,'001-517-058-9038x200'),
(892,'Daniel','Page',57383966,'D-Page89@gmail.com','2023-01-22 12:18:38','1962',1,262,'1030692908'),
(893,'Bailey','Brown',81650929,'B-Brown98@yahoo.com','2023-01-22 12:18:38','1961',1,350,'+1-506-149-2303x96433'),
(894,'Bradley','James',63357140,'B.James83@gmail.com','2023-01-22 12:18:38','1943',1,636,'+1-312-086-6424x387'),
(895,'Christopher','Hawkins',46284508,'C_Hawkins87@hotmail.com','2023-01-22 12:18:38','1947',1,222,'+1-560-346-7249'),
(896,'Christopher','Hines',14115253,'C.Hines81@gmail.com','2023-01-22 12:18:38','2006',1,816,'(170)254-7034x941'),
(897,'Nicholas','Garner',68095117,'N-Garner90@gmail.com','2023-01-22 12:18:38','1990',1,927,'840-276-2269'),
(898,'Ryan','Scott',33478207,'R-Scott76@yahoo.com','2023-01-22 12:18:38','1949',1,811,'+1-760-837-0034x418'),
(899,'James','Jones',38383608,'J-Jones79@yahoo.com','2023-01-22 12:18:38','1968',1,289,'4825594256'),
(900,'Eric','Stuart',42166439,'E-Stuart91@gmail.com','2023-01-22 12:18:38','1974',1,973,'001-737-094-8037x5076'),
(901,'Anne','Carr',97561238,'A.Carr94@yahoo.com','2023-01-22 12:18:38','1980',1,293,'767.772.9930x3789'),
(902,'Sara','Thomas',84285661,'S-Thomas72@gmail.com','2023-01-22 12:18:38','1982',1,710,'505-857-6902x489'),
(903,'Adam','Goodman',69608287,'A_Goodman87@hotmail.com','2023-01-22 12:18:38','1977',1,603,'+1-946-508-8021x271'),
(904,'Lisa','Velez',97398862,'L-Velez77@hotmail.com','2023-01-22 12:18:38','1997',1,644,'001-200-038-8465x856'),
(905,'Keith','Sullivan',36948615,'K_Sullivan78@hotmail.com','2023-01-22 12:18:38','1980',1,778,'282.586.1137x62230'),
(906,'Jennifer','Graves',25545899,'J.Graves50@hotmail.com','2023-01-22 12:18:38','1935',1,512,'469-991-5572x04843'),
(907,'Kristine','Jones',60752974,'K-Jones64@gmail.com','2023-01-22 12:18:38','1938',1,829,'001-167-699-1975x74832'),
(908,'Jacob','Martin',39815020,'J_Martin82@yahoo.com','2023-01-22 12:18:38','1975',1,674,'1250474181'),
(909,'Elizabeth','Salazar',24881536,'E_Salazar61@yahoo.com','2023-01-22 12:18:38','1964',1,744,'8519643647'),
(910,'Bryan','Brooks',49261816,'B_Brooks88@yahoo.com','2023-01-22 12:18:38','1972',1,837,'629-829-0831x01204'),
(911,'Melissa','Wise',72996175,'M.Wise50@hotmail.com','2023-01-22 12:18:38','1967',1,780,'778-401-8783'),
(912,'Ashley','Brown',16114716,'A_Brown86@gmail.com','2023-01-22 12:18:38','1935',1,309,'807-957-6016x490'),
(913,'Richard','Cooper',11868286,'R_Cooper90@yahoo.com','2023-01-22 12:18:38','1981',1,472,'001-318-792-0004x20994'),
(914,'Sara','Reilly',46747490,'S_Reilly70@gmail.com','2023-01-22 12:18:38','1967',1,101,'(861)376-1073'),
(915,'Erin','Nielsen',70717608,'E_Nielsen91@gmail.com','2023-01-22 12:18:38','1987',1,444,'066.498.4183'),
(916,'Richard','Barrett',23036594,'R-Barrett59@hotmail.com','2023-01-22 12:18:38','1981',1,846,'5188289974'),
(917,'Thomas','Thompson',44043993,'T-Thompson93@hotmail.com','2023-01-22 12:18:38','1991',1,968,'576.142.9855x76211'),
(918,'Nicole','Mason',39454632,'N.Mason90@yahoo.com','2023-01-22 12:18:38','2003',1,208,'(907)063-7021'),
(919,'Anne','Hickman',23145575,'A-Hickman86@gmail.com','2023-01-22 12:18:38','1973',1,950,'+1-138-454-9554x6209'),
(920,'Philip','James',31859385,'P-James93@yahoo.com','2023-01-22 12:18:38','1990',1,905,'490-361-0747'),
(921,'Kevin','Johnson',23898698,'K_Johnson97@gmail.com','2023-01-22 12:18:38','1966',1,993,'(943)190-6037'),
(922,'Robert','Graham',39728011,'R-Graham88@gmail.com','2023-01-22 12:18:38','1935',1,19,'2791555060'),
(923,'Tiffany','Thomas',45935310,'T_Thomas61@yahoo.com','2023-01-22 12:18:38','1999',1,808,'+1-075-836-5316x062'),
(924,'Jeremy','Wood',95889001,'J_Wood91@yahoo.com','2023-01-22 12:18:38','1960',1,736,'796.562.6502x918'),
(925,'Jennifer','Reilly',54829711,'J.Reilly88@yahoo.com','2023-01-22 12:18:38','1981',1,615,'001-148-539-7780x458'),
(926,'Matthew','Johnson',65930164,'M_Johnson65@yahoo.com','2023-01-22 12:18:38','1960',1,311,'(908)508-1200'),
(927,'Lee','Davis',15501911,'L_Davis88@gmail.com','2023-01-22 12:18:38','1982',1,339,'001-517-371-4799x613'),
(928,'Jonathan','Le',34064088,'J.Le95@hotmail.com','2023-01-22 12:18:38','1995',1,775,'683.550.8175'),
(929,'Ricky','Perry',58209506,'R-Perry90@yahoo.com','2023-01-22 12:18:38','1980',1,283,'+1-298-666-0968x8905'),
(930,'Bobby','Jenkins',50334053,'B.Jenkins84@gmail.com','2023-01-22 12:18:38','1958',1,118,'945.443.0317'),
(931,'David','Rodriguez',71026955,'D_Rodriguez85@gmail.com','2023-01-22 12:18:38','1974',1,175,'+1-471-270-4803x6282'),
(932,'Pamela','Espinoza',43156920,'P-Espinoza52@yahoo.com','2023-01-22 12:18:38','1997',1,892,'+1-541-423-6137x9870'),
(933,'Brandon','White',71956215,'B_White64@yahoo.com','2023-01-22 12:18:38','1968',1,821,'(358)568-5222x2978'),
(934,'Michele','Cooper',72728220,'M.Cooper69@yahoo.com','2023-01-22 12:18:38','1976',1,924,'001-548-148-0422x18541'),
(935,'Antonio','Mcclain',38404513,'A.Mcclain72@hotmail.com','2023-01-22 12:18:38','1957',1,354,'001-202-605-4042x5837'),
(936,'Anita','Miller',21779814,'A-Miller65@hotmail.com','2023-01-22 12:18:38','1964',1,680,'887.084.1087x5393'),
(937,'Elizabeth','Adams',59147219,'E_Adams76@gmail.com','2023-01-22 12:18:38','1961',1,824,'186-795-4820x6998'),
(938,'Lisa','Perez',55754565,'L_Perez51@yahoo.com','2023-01-22 12:18:38','1951',1,792,'(322)742-6545'),
(939,'Audrey','Mendoza',81983432,'A_Mendoza79@gmail.com','2023-01-22 12:18:38','1989',0,108,'+1-656-425-3819x03031'),
(940,'Karen','Johnson',48325098,'K.Johnson92@yahoo.com','2023-01-22 12:18:38','1941',1,621,'627.298.2618x481'),
(941,'Joy','Rodriguez',89819669,'J.Rodriguez60@hotmail.com','2023-01-22 12:18:38','1942',1,926,'427-934-3740'),
(942,'Edward','Morrison',48865552,'E_Morrison92@gmail.com','2023-01-22 12:18:38','1945',1,633,'+1-654-518-2960x703'),
(943,'Henry','Schmitt',48742833,'H-Schmitt89@hotmail.com','2023-01-22 12:18:38','1944',1,509,'(832)827-4884x44651'),
(944,'Johnathan','Wang',36918825,'J-Wang56@gmail.com','2023-01-22 12:18:38','1964',1,466,'+1-751-758-4279'),
(945,'Nancy','Reese',61226005,'N.Reese76@gmail.com','2023-01-22 12:18:38','1967',1,328,'356-435-1156x310'),
(946,'Anthony','Davis',29619296,'A_Davis90@yahoo.com','2023-01-22 12:18:38','1963',1,0,'001-106-309-8352x86681'),
(947,'Michael','Wilson',82751803,'M-Wilson76@gmail.com','2023-01-22 12:18:38','1974',1,258,'001-229-310-6110x80116'),
(948,'Timothy','Palmer',74133245,'T_Palmer80@gmail.com','2023-01-22 12:18:38','2008',1,229,'049.076.5758x59825'),
(949,'Cory','Maxwell',19231322,'C_Maxwell76@yahoo.com','2023-01-22 12:18:38','1990',1,339,'807.741.7401x2123'),
(950,'Alyssa','Adams',78798273,'A.Adams66@gmail.com','2023-01-22 12:18:38','1958',1,57,'687-669-4868x703'),
(951,'Jeffrey','Cooley',80864117,'J_Cooley67@hotmail.com','2023-01-22 12:18:38','1942',1,180,'(876)762-4074'),
(952,'Mark','Benson',12932129,'M.Benson91@hotmail.com','2023-01-22 12:18:38','1974',1,277,'+1-923-813-8969x71429'),
(953,'Gabrielle','Douglas',53552332,'G-Douglas78@gmail.com','2023-01-22 12:18:38','1964',1,217,'4461993581'),
(954,'Dustin','Good',91583829,'D_Good63@gmail.com','2023-01-22 12:18:38','1966',1,562,'(885)319-2588'),
(955,'Jerry','Torres',43900383,'J-Torres82@hotmail.com','2023-01-22 12:18:38','1941',1,385,'+1-916-733-0336x7656'),
(956,'Joshua','Maldonado',92007557,'J-Maldonado84@hotmail.com','2023-01-22 12:18:38','1988',1,200,'993-946-5405x242'),
(957,'Eric','Hill',63714689,'E.Hill80@yahoo.com','2023-01-22 12:18:38','1959',1,4,'(699)512-0945'),
(958,'Nathaniel','Ramirez',31360358,'N.Ramirez70@gmail.com','2023-01-22 12:18:38','1967',1,370,'(837)061-3242'),
(959,'Kari','Watson',23050961,'K.Watson63@yahoo.com','2023-01-22 12:18:38','1992',1,558,'(829)869-3156x6164'),
(960,'Curtis','Smith',10462556,'C-Smith73@gmail.com','2023-01-22 12:18:38','1969',1,573,'410.612.9073x282'),
(961,'Jane','Bailey',31453364,'J.Bailey67@yahoo.com','2023-01-22 12:18:38','1995',1,186,'001-712-908-6070x58206'),
(962,'Megan','Hayes',41036453,'M.Hayes62@hotmail.com','2023-01-22 12:18:38','1951',1,712,'963.323.0037'),
(963,'Catherine','Roach',65153913,'C.Roach55@yahoo.com','2023-01-22 12:18:38','1974',1,667,'001-790-469-8134x5577'),
(964,'Thomas','Boone',23719849,'T_Boone91@gmail.com','2023-01-22 12:18:38','1976',1,517,'154.819.1926x150'),
(965,'Elizabeth','Hart',28584446,'E_Hart54@hotmail.com','2023-01-22 12:18:38','1991',1,531,'721-123-5424x05746'),
(966,'Jose','Nichols',16365142,'J_Nichols51@hotmail.com','2023-01-22 12:18:38','1969',1,587,'001-833-173-7892'),
(967,'Robert','Woods',67651942,'R.Woods85@yahoo.com','2023-01-22 12:18:38','1971',1,290,'(396)448-4902x29941'),
(968,'Laura','Smith',89635022,'L_Smith77@gmail.com','2023-01-22 12:18:38','1992',1,998,'+1-567-603-2881x6774'),
(969,'Claudia','Taylor',25238967,'C-Taylor73@hotmail.com','2023-01-22 12:18:38','1987',1,299,'246-232-6359x451'),
(970,'Margaret','West',86903444,'M-West90@gmail.com','2023-01-22 12:18:38','1970',1,619,'001-277-431-6599'),
(971,'John','Hopkins',35301903,'J-Hopkins91@yahoo.com','2023-01-22 12:18:38','1966',1,110,'(216)591-9518'),
(972,'Christopher','Williams',55418932,'C.Williams84@yahoo.com','2023-01-22 12:18:38','1955',1,745,'+1-713-750-0759x0232'),
(973,'Eric','Sanders',57184681,'E.Sanders59@hotmail.com','2023-01-22 12:18:38','2004',1,579,'388.988.6977'),
(974,'Daniel','Byrd',42125623,'D.Byrd88@yahoo.com','2023-01-22 12:18:38','1977',1,369,'(373)063-9556'),
(975,'Adam','Black',14300741,'A_Black82@yahoo.com','2023-01-22 12:18:38','1992',1,871,'(793)303-2564x044'),
(976,'Susan','Robinson',56091906,'S-Robinson81@gmail.com','2023-01-22 12:18:38','1975',1,628,'170.023.2794'),
(977,'Juan','King',52610532,'J.King93@hotmail.com','2023-01-22 12:18:38','2015',1,417,'(912)258-9883x06528'),
(978,'Mark','Gibson',85859290,'M.Gibson78@yahoo.com','2023-01-22 12:18:38','1964',1,86,'001-148-676-0343x4838'),
(979,'Molly','Williams',79817044,'M_Williams75@yahoo.com','2023-01-22 12:18:38','1985',1,930,'095-896-1983x24848'),
(980,'Mark','Baker',22302488,'M.Baker70@hotmail.com','2023-01-22 12:18:38','1980',1,783,'(750)851-6573x60086'),
(981,'Brittany','Carter',50443613,'B.Carter83@yahoo.com','2023-01-22 12:18:38','2015',1,405,'001-967-918-3177x93606'),
(982,'Sarah','Gilmore',47948845,'S_Gilmore71@yahoo.com','2023-01-22 12:18:38','1974',1,314,'+1-770-181-5825'),
(983,'Jonathan','Moore',78635354,'J-Moore93@yahoo.com','2023-01-22 12:18:38','1945',1,360,'001-723-399-5504x382'),
(984,'Preston','White',69608453,'P-White66@gmail.com','2023-01-22 12:18:38','1978',1,273,'583.191.4798'),
(985,'Laura','Donovan',18761977,'L.Donovan58@hotmail.com','2023-01-22 12:18:38','2002',1,6,'509.196.5451'),
(986,'Cory','Spencer',63260184,'C_Spencer66@gmail.com','2023-01-22 12:18:38','1955',1,886,'7346522839'),
(987,'Amy','Cruz',87149337,'A.Cruz89@yahoo.com','2023-01-22 12:18:38','1970',1,123,'924.646.5946x76585'),
(988,'Jennifer','Huynh',24006024,'J.Huynh73@hotmail.com','2023-01-22 12:18:38','1968',1,742,'058.000.5440'),
(989,'Maureen','Kennedy',55277823,'M-Kennedy71@yahoo.com','2023-01-22 12:18:38','1971',0,-48,'9667413048'),
(990,'Stephen','Todd',41424260,'S.Todd73@gmail.com','2023-01-22 12:18:38','2009',1,541,'(108)131-7449x757'),
(991,'Julie','Myers',76283871,'J_Myers69@hotmail.com','2023-01-22 12:18:38','1993',1,900,'(905)813-1314x640'),
(992,'Robert','Hubbard',91981262,'R-Hubbard58@yahoo.com','2023-01-22 12:18:38','2010',1,998,'109.090.9235x18396'),
(993,'Todd','Estes',19395028,'T_Estes84@hotmail.com','2023-01-22 12:18:38','1972',1,234,'001-223-302-7430x5831'),
(994,'Anthony','Campbell',92515041,'A.Campbell70@hotmail.com','2023-01-22 12:18:38','1975',1,522,'3821470570'),
(995,'Cynthia','Combs',14165295,'C-Combs64@gmail.com','2023-01-22 12:18:38','1955',1,380,'9047895109'),
(996,'David','Todd',30282979,'D_Todd71@yahoo.com','2023-01-22 12:18:38','1968',1,107,'(629)884-3285'),
(997,'Denise','Nunez',35223304,'D_Nunez51@gmail.com','2023-01-22 12:18:38','1973',1,14,'001-346-222-3767x21257'),
(998,'Matthew','Bryan',69887622,'M-Bryan63@yahoo.com','2023-01-22 12:18:38','1975',1,905,'001-989-072-7753x73771'),
(999,'Jennifer','Rodriguez',39647448,'J_Rodriguez66@hotmail.com','2023-01-22 12:18:38','1978',1,677,'+1-828-278-8294x3960');
/*!40000 ALTER TABLE `user` ENABLE KEYS */;
UNLOCK TABLES;

--
-- Dumping routines for database 'vteams'
--
/*!50003 SET @saved_sql_mode       = @@sql_mode */ ;
/*!50003 SET sql_mode              = 'ONLY_FULL_GROUP_BY,STRICT_TRANS_TABLES,NO_ZERO_IN_DATE,NO_ZERO_DATE,ERROR_FOR_DIVISION_BY_ZERO,NO_ENGINE_SUBSTITUTION' */ ;
/*!50003 DROP FUNCTION IF EXISTS `get_amount` */;
/*!50003 SET @saved_cs_client      = @@character_set_client */ ;
/*!50003 SET @saved_cs_results     = @@character_set_results */ ;
/*!50003 SET @saved_col_connection = @@collation_connection */ ;
/*!50003 SET character_set_client  = utf8mb3 */ ;
/*!50003 SET character_set_results = utf8mb3 */ ;
/*!50003 SET collation_connection  = utf8mb3_general_ci */ ;
DELIMITER ;;
CREATE DEFINER=`snaladm`@`mariadb` FUNCTION `get_amount`(position_stop point, position_start point, scooter_id INT) RETURNS float
BEGIN
  SET @city = (SELECT city_id from scooter where id = scooter_id);
  SET @inside_stop = in_parking_zone(position_stop, @city);
  SET @inside_start = in_parking_zone(position_start, @city);
  IF (@inside_start AND @inside_stop) then
    return 10;
  ELSEIF (@inside_stop) THEN
	return 5;
  ELSE
    return 15;
  end if;
END ;;
DELIMITER ;
/*!50003 SET sql_mode              = @saved_sql_mode */ ;
/*!50003 SET character_set_client  = @saved_cs_client */ ;
/*!50003 SET character_set_results = @saved_cs_results */ ;
/*!50003 SET collation_connection  = @saved_col_connection */ ;
/*!50003 SET @saved_sql_mode       = @@sql_mode */ ;
/*!50003 SET sql_mode              = 'ONLY_FULL_GROUP_BY,STRICT_TRANS_TABLES,NO_ZERO_IN_DATE,NO_ZERO_DATE,ERROR_FOR_DIVISION_BY_ZERO,NO_ENGINE_SUBSTITUTION' */ ;
/*!50003 DROP FUNCTION IF EXISTS `get_fee` */;
/*!50003 SET @saved_cs_client      = @@character_set_client */ ;
/*!50003 SET @saved_cs_results     = @@character_set_results */ ;
/*!50003 SET @saved_col_connection = @@collation_connection */ ;
/*!50003 SET character_set_client  = utf8mb3 */ ;
/*!50003 SET character_set_results = utf8mb3 */ ;
/*!50003 SET collation_connection  = utf8mb3_general_ci */ ;
DELIMITER ;;
CREATE DEFINER=`snaladm`@`mariadb` FUNCTION `get_fee`(position_stop point, position_start point, scooter_id INT) RETURNS float
BEGIN
  SET @city = (SELECT city_id from scooter where id = scooter_id);
  SET @inside_stop = in_parking_zone(position_stop, @city);
  SET @inside_start = in_parking_zone(position_start, @city);
  IF (@inside_start AND @inside_stop) then
    return 10;
  ELSEIF (@inside_stop) THEN
	return 5;
  ELSE
    return 15;
  end if;
END ;;
DELIMITER ;
/*!50003 SET sql_mode              = @saved_sql_mode */ ;
/*!50003 SET character_set_client  = @saved_cs_client */ ;
/*!50003 SET character_set_results = @saved_cs_results */ ;
/*!50003 SET collation_connection  = @saved_col_connection */ ;
/*!50003 SET @saved_sql_mode       = @@sql_mode */ ;
/*!50003 SET sql_mode              = 'ONLY_FULL_GROUP_BY,STRICT_TRANS_TABLES,NO_ZERO_IN_DATE,NO_ZERO_DATE,ERROR_FOR_DIVISION_BY_ZERO,NO_ENGINE_SUBSTITUTION' */ ;
/*!50003 DROP FUNCTION IF EXISTS `in_parking_zone` */;
/*!50003 SET @saved_cs_client      = @@character_set_client */ ;
/*!50003 SET @saved_cs_results     = @@character_set_results */ ;
/*!50003 SET @saved_col_connection = @@collation_connection */ ;
/*!50003 SET character_set_client  = utf8mb3 */ ;
/*!50003 SET character_set_results = utf8mb3 */ ;
/*!50003 SET collation_connection  = utf8mb3_general_ci */ ;
DELIMITER ;;
CREATE DEFINER=`snaladm`@`mariadb` FUNCTION `in_parking_zone`(position GEOMETRY, city VARCHAR(20)) RETURNS int(11)
BEGIN
    SET @inside = (SELECT ST_WITHIN(position, area) FROM parking_zone WHERE city_id = city AND ST_WITHIN(@test, area) = 1);
    return IF(@inside, 1, 0);
END ;;
DELIMITER ;
/*!50003 SET sql_mode              = @saved_sql_mode */ ;
/*!50003 SET character_set_client  = @saved_cs_client */ ;
/*!50003 SET character_set_results = @saved_cs_results */ ;
/*!50003 SET collation_connection  = @saved_col_connection */ ;
/*!50003 SET @saved_sql_mode       = @@sql_mode */ ;
/*!50003 SET sql_mode              = 'ONLY_FULL_GROUP_BY,STRICT_TRANS_TABLES,NO_ZERO_IN_DATE,NO_ZERO_DATE,ERROR_FOR_DIVISION_BY_ZERO,NO_ENGINE_SUBSTITUTION' */ ;
/*!50003 DROP FUNCTION IF EXISTS `last_scooter_log_time` */;
/*!50003 SET @saved_cs_client      = @@character_set_client */ ;
/*!50003 SET @saved_cs_results     = @@character_set_results */ ;
/*!50003 SET @saved_col_connection = @@collation_connection */ ;
/*!50003 SET character_set_client  = utf8mb3 */ ;
/*!50003 SET character_set_results = utf8mb3 */ ;
/*!50003 SET collation_connection  = utf8mb3_general_ci */ ;
DELIMITER ;;
CREATE DEFINER=`snaladm`@`mariadb` FUNCTION `last_scooter_log_time`(s_id INT) RETURNS timestamp
BEGIN
    SET @time = (SELECT timestamp FROM scooter_log WHERE scooter_id = s_id ORDER BY timestamp LIMIT 1);
    return @time;
END ;;
DELIMITER ;
/*!50003 SET sql_mode              = @saved_sql_mode */ ;
/*!50003 SET character_set_client  = @saved_cs_client */ ;
/*!50003 SET character_set_results = @saved_cs_results */ ;
/*!50003 SET collation_connection  = @saved_col_connection */ ;
/*!50003 SET @saved_sql_mode       = @@sql_mode */ ;
/*!50003 SET sql_mode              = 'ONLY_FULL_GROUP_BY,STRICT_TRANS_TABLES,NO_ZERO_IN_DATE,NO_ZERO_DATE,ERROR_FOR_DIVISION_BY_ZERO,NO_ENGINE_SUBSTITUTION' */ ;
/*!50003 DROP FUNCTION IF EXISTS `user_in_trip` */;
/*!50003 SET @saved_cs_client      = @@character_set_client */ ;
/*!50003 SET @saved_cs_results     = @@character_set_results */ ;
/*!50003 SET @saved_col_connection = @@collation_connection */ ;
/*!50003 SET character_set_client  = utf8mb3 */ ;
/*!50003 SET character_set_results = utf8mb3 */ ;
/*!50003 SET collation_connection  = utf8mb3_general_ci */ ;
DELIMITER ;;
CREATE DEFINER=`snaladm`@`mariadb` FUNCTION `user_in_trip`(u_id INT) RETURNS int(11)
BEGIN
    SET @is_in_trip = (SELECT COUNT(id) FROM trip WHERE user_id = u_id AND stop_position IS NULL);
    return IF(@is_in_trip, 1, 0);
END ;;
DELIMITER ;
/*!50003 SET sql_mode              = @saved_sql_mode */ ;
/*!50003 SET character_set_client  = @saved_cs_client */ ;
/*!50003 SET character_set_results = @saved_cs_results */ ;
/*!50003 SET collation_connection  = @saved_col_connection */ ;
/*!50003 SET @saved_sql_mode       = @@sql_mode */ ;
/*!50003 SET sql_mode              = 'STRICT_TRANS_TABLES,ERROR_FOR_DIVISION_BY_ZERO,NO_AUTO_CREATE_USER,NO_ENGINE_SUBSTITUTION' */ ;
/*!50003 DROP PROCEDURE IF EXISTS `add_credit` */;
/*!50003 SET @saved_cs_client      = @@character_set_client */ ;
/*!50003 SET @saved_cs_results     = @@character_set_results */ ;
/*!50003 SET @saved_col_connection = @@collation_connection */ ;
/*!50003 SET character_set_client  = utf8mb3 */ ;
/*!50003 SET character_set_results = utf8mb3 */ ;
/*!50003 SET collation_connection  = utf8mb3_general_ci */ ;
DELIMITER ;;
CREATE DEFINER=`snaladm`@`mariadb` PROCEDURE `add_credit`(u_id INT, credit_add INT)
BEGIN
START TRANSACTION;
    SELECT @trip:=id FROM trip WHERE user_id=u_id;
    SELECT id, amount INTO @i_id,@amount FROM invoice WHERE trip_id = @trip;
    UPDATE user 
    SET 
        credit = credit + credit_add,
        enabled = IF(credit_add > @amount, 1, 0)
    WHERE id = u_id;
    IF credit_add > @amount THEN
        UPDATE invoice
        SET payed = CURRENT_TIMESTAMP()
        WHERE id = @i_id;
    END IF;
    COMMIT;
END ;;
DELIMITER ;
/*!50003 SET sql_mode              = @saved_sql_mode */ ;
/*!50003 SET character_set_client  = @saved_cs_client */ ;
/*!50003 SET character_set_results = @saved_cs_results */ ;
/*!50003 SET collation_connection  = @saved_col_connection */ ;
/*!50003 SET @saved_sql_mode       = @@sql_mode */ ;
/*!50003 SET sql_mode              = 'STRICT_TRANS_TABLES,ERROR_FOR_DIVISION_BY_ZERO,NO_AUTO_CREATE_USER,NO_ENGINE_SUBSTITUTION' */ ;
/*!50003 DROP PROCEDURE IF EXISTS `charging_station_add` */;
/*!50003 SET @saved_cs_client      = @@character_set_client */ ;
/*!50003 SET @saved_cs_results     = @@character_set_results */ ;
/*!50003 SET @saved_col_connection = @@collation_connection */ ;
/*!50003 SET character_set_client  = utf8mb3 */ ;
/*!50003 SET character_set_results = utf8mb3 */ ;
/*!50003 SET collation_connection  = utf8mb3_general_ci */ ;
DELIMITER ;;
CREATE DEFINER=`snaladm`@`mariadb` PROCEDURE `charging_station_add`(
    z_id VARCHAR(20),
    z_position TEXT,
    z_occupied TINYINT(1)
)
    MODIFIES SQL DATA
BEGIN
INSERT INTO charging_station (charging_zone_id, position, occupied)
VALUES (z_id, ST_GeomFromGeoJSON(z_position), z_occupied);
END ;;
DELIMITER ;
/*!50003 SET sql_mode              = @saved_sql_mode */ ;
/*!50003 SET character_set_client  = @saved_cs_client */ ;
/*!50003 SET character_set_results = @saved_cs_results */ ;
/*!50003 SET collation_connection  = @saved_col_connection */ ;
/*!50003 SET @saved_sql_mode       = @@sql_mode */ ;
/*!50003 SET sql_mode              = 'STRICT_TRANS_TABLES,ERROR_FOR_DIVISION_BY_ZERO,NO_AUTO_CREATE_USER,NO_ENGINE_SUBSTITUTION' */ ;
/*!50003 DROP PROCEDURE IF EXISTS `charging_zone_add` */;
/*!50003 SET @saved_cs_client      = @@character_set_client */ ;
/*!50003 SET @saved_cs_results     = @@character_set_results */ ;
/*!50003 SET @saved_col_connection = @@collation_connection */ ;
/*!50003 SET character_set_client  = utf8mb3 */ ;
/*!50003 SET character_set_results = utf8mb3 */ ;
/*!50003 SET collation_connection  = utf8mb3_general_ci */ ;
DELIMITER ;;
CREATE DEFINER=`snaladm`@`mariadb` PROCEDURE `charging_zone_add`(
    p_id VARCHAR(20),
    z_area TEXT
)
    MODIFIES SQL DATA
BEGIN
    INSERT INTO charging_zone (parking_zone_id, area)
    VALUES (p_id, ST_GeomFromGeoJSON(z_area));
END ;;
DELIMITER ;
/*!50003 SET sql_mode              = @saved_sql_mode */ ;
/*!50003 SET character_set_client  = @saved_cs_client */ ;
/*!50003 SET character_set_results = @saved_cs_results */ ;
/*!50003 SET collation_connection  = @saved_col_connection */ ;
/*!50003 SET @saved_sql_mode       = @@sql_mode */ ;
/*!50003 SET sql_mode              = 'STRICT_TRANS_TABLES,ERROR_FOR_DIVISION_BY_ZERO,NO_AUTO_CREATE_USER,NO_ENGINE_SUBSTITUTION' */ ;
/*!50003 DROP PROCEDURE IF EXISTS `delete_charging_station` */;
/*!50003 SET @saved_cs_client      = @@character_set_client */ ;
/*!50003 SET @saved_cs_results     = @@character_set_results */ ;
/*!50003 SET @saved_col_connection = @@collation_connection */ ;
/*!50003 SET character_set_client  = utf8mb3 */ ;
/*!50003 SET character_set_results = utf8mb3 */ ;
/*!50003 SET collation_connection  = utf8mb3_general_ci */ ;
DELIMITER ;;
CREATE DEFINER=`snaladm`@`mariadb` PROCEDURE `delete_charging_station`(s_id INT)
    MODIFIES SQL DATA
BEGIN
DELETE FROM charging_station
WHERE id = s_id;
END ;;
DELIMITER ;
/*!50003 SET sql_mode              = @saved_sql_mode */ ;
/*!50003 SET character_set_client  = @saved_cs_client */ ;
/*!50003 SET character_set_results = @saved_cs_results */ ;
/*!50003 SET collation_connection  = @saved_col_connection */ ;
/*!50003 SET @saved_sql_mode       = @@sql_mode */ ;
/*!50003 SET sql_mode              = 'STRICT_TRANS_TABLES,ERROR_FOR_DIVISION_BY_ZERO,NO_AUTO_CREATE_USER,NO_ENGINE_SUBSTITUTION' */ ;
/*!50003 DROP PROCEDURE IF EXISTS `delete_charging_zone` */;
/*!50003 SET @saved_cs_client      = @@character_set_client */ ;
/*!50003 SET @saved_cs_results     = @@character_set_results */ ;
/*!50003 SET @saved_col_connection = @@collation_connection */ ;
/*!50003 SET character_set_client  = utf8mb3 */ ;
/*!50003 SET character_set_results = utf8mb3 */ ;
/*!50003 SET collation_connection  = utf8mb3_general_ci */ ;
DELIMITER ;;
CREATE DEFINER=`snaladm`@`mariadb` PROCEDURE `delete_charging_zone`(
    z_id INT
)
    MODIFIES SQL DATA
BEGIN
    DELETE FROM charging_zone WHERE id = z_id;
END ;;
DELIMITER ;
/*!50003 SET sql_mode              = @saved_sql_mode */ ;
/*!50003 SET character_set_client  = @saved_cs_client */ ;
/*!50003 SET character_set_results = @saved_cs_results */ ;
/*!50003 SET collation_connection  = @saved_col_connection */ ;
/*!50003 SET @saved_sql_mode       = @@sql_mode */ ;
/*!50003 SET sql_mode              = 'STRICT_TRANS_TABLES,ERROR_FOR_DIVISION_BY_ZERO,NO_AUTO_CREATE_USER,NO_ENGINE_SUBSTITUTION' */ ;
/*!50003 DROP PROCEDURE IF EXISTS `delete_invoice` */;
/*!50003 SET @saved_cs_client      = @@character_set_client */ ;
/*!50003 SET @saved_cs_results     = @@character_set_results */ ;
/*!50003 SET @saved_col_connection = @@collation_connection */ ;
/*!50003 SET character_set_client  = utf8mb3 */ ;
/*!50003 SET character_set_results = utf8mb3 */ ;
/*!50003 SET collation_connection  = utf8mb3_general_ci */ ;
DELIMITER ;;
CREATE DEFINER=`snaladm`@`mariadb` PROCEDURE `delete_invoice`(
    i_id INT
)
    MODIFIES SQL DATA
BEGIN
    DELETE FROM invoice WHERE id = i_id;
END ;;
DELIMITER ;
/*!50003 SET sql_mode              = @saved_sql_mode */ ;
/*!50003 SET character_set_client  = @saved_cs_client */ ;
/*!50003 SET character_set_results = @saved_cs_results */ ;
/*!50003 SET collation_connection  = @saved_col_connection */ ;
/*!50003 SET @saved_sql_mode       = @@sql_mode */ ;
/*!50003 SET sql_mode              = 'STRICT_TRANS_TABLES,ERROR_FOR_DIVISION_BY_ZERO,NO_AUTO_CREATE_USER,NO_ENGINE_SUBSTITUTION' */ ;
/*!50003 DROP PROCEDURE IF EXISTS `delete_parking_zone` */;
/*!50003 SET @saved_cs_client      = @@character_set_client */ ;
/*!50003 SET @saved_cs_results     = @@character_set_results */ ;
/*!50003 SET @saved_col_connection = @@collation_connection */ ;
/*!50003 SET character_set_client  = utf8mb3 */ ;
/*!50003 SET character_set_results = utf8mb3 */ ;
/*!50003 SET collation_connection  = utf8mb3_general_ci */ ;
DELIMITER ;;
CREATE DEFINER=`snaladm`@`mariadb` PROCEDURE `delete_parking_zone`(
    z_id VARCHAR(20)
)
    MODIFIES SQL DATA
BEGIN
    DELETE FROM parking_zone WHERE id = z_id;
END ;;
DELIMITER ;
/*!50003 SET sql_mode              = @saved_sql_mode */ ;
/*!50003 SET character_set_client  = @saved_cs_client */ ;
/*!50003 SET character_set_results = @saved_cs_results */ ;
/*!50003 SET collation_connection  = @saved_col_connection */ ;
/*!50003 SET @saved_sql_mode       = @@sql_mode */ ;
/*!50003 SET sql_mode              = 'STRICT_TRANS_TABLES,ERROR_FOR_DIVISION_BY_ZERO,NO_AUTO_CREATE_USER,NO_ENGINE_SUBSTITUTION' */ ;
/*!50003 DROP PROCEDURE IF EXISTS `delete_scooter` */;
/*!50003 SET @saved_cs_client      = @@character_set_client */ ;
/*!50003 SET @saved_cs_results     = @@character_set_results */ ;
/*!50003 SET @saved_col_connection = @@collation_connection */ ;
/*!50003 SET character_set_client  = utf8mb3 */ ;
/*!50003 SET character_set_results = utf8mb3 */ ;
/*!50003 SET collation_connection  = utf8mb3_general_ci */ ;
DELIMITER ;;
CREATE DEFINER=`snaladm`@`mariadb` PROCEDURE `delete_scooter`(
    s_id INT
)
    MODIFIES SQL DATA
BEGIN
    DELETE FROM scooter WHERE id = s_id;
END ;;
DELIMITER ;
/*!50003 SET sql_mode              = @saved_sql_mode */ ;
/*!50003 SET character_set_client  = @saved_cs_client */ ;
/*!50003 SET character_set_results = @saved_cs_results */ ;
/*!50003 SET collation_connection  = @saved_col_connection */ ;
/*!50003 SET @saved_sql_mode       = @@sql_mode */ ;
/*!50003 SET sql_mode              = 'STRICT_TRANS_TABLES,ERROR_FOR_DIVISION_BY_ZERO,NO_AUTO_CREATE_USER,NO_ENGINE_SUBSTITUTION' */ ;
/*!50003 DROP PROCEDURE IF EXISTS `delete_trip` */;
/*!50003 SET @saved_cs_client      = @@character_set_client */ ;
/*!50003 SET @saved_cs_results     = @@character_set_results */ ;
/*!50003 SET @saved_col_connection = @@collation_connection */ ;
/*!50003 SET character_set_client  = utf8mb3 */ ;
/*!50003 SET character_set_results = utf8mb3 */ ;
/*!50003 SET collation_connection  = utf8mb3_general_ci */ ;
DELIMITER ;;
CREATE DEFINER=`snaladm`@`mariadb` PROCEDURE `delete_trip`(
    t_id INT
)
    MODIFIES SQL DATA
BEGIN
    DELETE FROM trip WHERE id = t_id;
END ;;
DELIMITER ;
/*!50003 SET sql_mode              = @saved_sql_mode */ ;
/*!50003 SET character_set_client  = @saved_cs_client */ ;
/*!50003 SET character_set_results = @saved_cs_results */ ;
/*!50003 SET collation_connection  = @saved_col_connection */ ;
/*!50003 SET @saved_sql_mode       = @@sql_mode */ ;
/*!50003 SET sql_mode              = 'STRICT_TRANS_TABLES,ERROR_FOR_DIVISION_BY_ZERO,NO_AUTO_CREATE_USER,NO_ENGINE_SUBSTITUTION' */ ;
/*!50003 DROP PROCEDURE IF EXISTS `delete_user` */;
/*!50003 SET @saved_cs_client      = @@character_set_client */ ;
/*!50003 SET @saved_cs_results     = @@character_set_results */ ;
/*!50003 SET @saved_col_connection = @@collation_connection */ ;
/*!50003 SET character_set_client  = utf8mb3 */ ;
/*!50003 SET character_set_results = utf8mb3 */ ;
/*!50003 SET collation_connection  = utf8mb3_general_ci */ ;
DELIMITER ;;
CREATE DEFINER=`snaladm`@`mariadb` PROCEDURE `delete_user`(
    u_id INT
)
    MODIFIES SQL DATA
BEGIN
    DELETE FROM user WHERE id = u_id;
END ;;
DELIMITER ;
/*!50003 SET sql_mode              = @saved_sql_mode */ ;
/*!50003 SET character_set_client  = @saved_cs_client */ ;
/*!50003 SET character_set_results = @saved_cs_results */ ;
/*!50003 SET collation_connection  = @saved_col_connection */ ;
/*!50003 SET @saved_sql_mode       = @@sql_mode */ ;
/*!50003 SET sql_mode              = 'STRICT_TRANS_TABLES,ERROR_FOR_DIVISION_BY_ZERO,NO_AUTO_CREATE_USER,NO_ENGINE_SUBSTITUTION' */ ;
/*!50003 DROP PROCEDURE IF EXISTS `disable_scooter` */;
/*!50003 SET @saved_cs_client      = @@character_set_client */ ;
/*!50003 SET @saved_cs_results     = @@character_set_results */ ;
/*!50003 SET @saved_col_connection = @@collation_connection */ ;
/*!50003 SET character_set_client  = utf8mb3 */ ;
/*!50003 SET character_set_results = utf8mb3 */ ;
/*!50003 SET collation_connection  = utf8mb3_general_ci */ ;
DELIMITER ;;
CREATE DEFINER=`snaladm`@`mariadb` PROCEDURE `disable_scooter`(
    s_id INT
)
BEGIN
    UPDATE scooter
    SET enabled = 0
    WHERE id = s_id;
END ;;
DELIMITER ;
/*!50003 SET sql_mode              = @saved_sql_mode */ ;
/*!50003 SET character_set_client  = @saved_cs_client */ ;
/*!50003 SET character_set_results = @saved_cs_results */ ;
/*!50003 SET collation_connection  = @saved_col_connection */ ;
/*!50003 SET @saved_sql_mode       = @@sql_mode */ ;
/*!50003 SET sql_mode              = 'STRICT_TRANS_TABLES,ERROR_FOR_DIVISION_BY_ZERO,NO_AUTO_CREATE_USER,NO_ENGINE_SUBSTITUTION' */ ;
/*!50003 DROP PROCEDURE IF EXISTS `enable_scooter` */;
/*!50003 SET @saved_cs_client      = @@character_set_client */ ;
/*!50003 SET @saved_cs_results     = @@character_set_results */ ;
/*!50003 SET @saved_col_connection = @@collation_connection */ ;
/*!50003 SET character_set_client  = utf8mb3 */ ;
/*!50003 SET character_set_results = utf8mb3 */ ;
/*!50003 SET collation_connection  = utf8mb3_general_ci */ ;
DELIMITER ;;
CREATE DEFINER=`snaladm`@`mariadb` PROCEDURE `enable_scooter`(
    s_id INT
)
BEGIN
    UPDATE scooter
    SET enabled = 1
    WHERE id = s_id;
END ;;
DELIMITER ;
/*!50003 SET sql_mode              = @saved_sql_mode */ ;
/*!50003 SET character_set_client  = @saved_cs_client */ ;
/*!50003 SET character_set_results = @saved_cs_results */ ;
/*!50003 SET collation_connection  = @saved_col_connection */ ;
/*!50003 SET @saved_sql_mode       = @@sql_mode */ ;
/*!50003 SET sql_mode              = 'STRICT_TRANS_TABLES,ERROR_FOR_DIVISION_BY_ZERO,NO_AUTO_CREATE_USER,NO_ENGINE_SUBSTITUTION' */ ;
/*!50003 DROP PROCEDURE IF EXISTS `invoice_add` */;
/*!50003 SET @saved_cs_client      = @@character_set_client */ ;
/*!50003 SET @saved_cs_results     = @@character_set_results */ ;
/*!50003 SET @saved_col_connection = @@collation_connection */ ;
/*!50003 SET character_set_client  = utf8mb3 */ ;
/*!50003 SET character_set_results = utf8mb3 */ ;
/*!50003 SET collation_connection  = utf8mb3_general_ci */ ;
DELIMITER ;;
CREATE DEFINER=`snaladm`@`mariadb` PROCEDURE `invoice_add`(
    t_id INT,
    i_amount FLOAT
)
    MODIFIES SQL DATA
BEGIN
    INSERT INTO invoice (trip_id, amount)
    VALUES (t_id, i_amount);
END ;;
DELIMITER ;
/*!50003 SET sql_mode              = @saved_sql_mode */ ;
/*!50003 SET character_set_client  = @saved_cs_client */ ;
/*!50003 SET character_set_results = @saved_cs_results */ ;
/*!50003 SET collation_connection  = @saved_col_connection */ ;
/*!50003 SET @saved_sql_mode       = @@sql_mode */ ;
/*!50003 SET sql_mode              = 'STRICT_TRANS_TABLES,ERROR_FOR_DIVISION_BY_ZERO,NO_AUTO_CREATE_USER,NO_ENGINE_SUBSTITUTION' */ ;
/*!50003 DROP PROCEDURE IF EXISTS `invoice_pay` */;
/*!50003 SET @saved_cs_client      = @@character_set_client */ ;
/*!50003 SET @saved_cs_results     = @@character_set_results */ ;
/*!50003 SET @saved_col_connection = @@collation_connection */ ;
/*!50003 SET character_set_client  = utf8mb3 */ ;
/*!50003 SET character_set_results = utf8mb3 */ ;
/*!50003 SET collation_connection  = utf8mb3_general_ci */ ;
DELIMITER ;;
CREATE DEFINER=`snaladm`@`mariadb` PROCEDURE `invoice_pay`(
    i_id INT
)
    MODIFIES SQL DATA
BEGIN
    START TRANSACTION;
    SELECT trip_id, amount INTO @t,@a FROM invoice WHERE id = i_id;
    SELECT @user:=user_id FROM trip WHERE id=@t;
    UPDATE user SET credit = credit + @a WHERE id = @user;
    UPDATE invoice
    SET payed = CURRENT_TIMESTAMP()
    WHERE id = i_id;
    COMMIT;
END ;;
DELIMITER ;
/*!50003 SET sql_mode              = @saved_sql_mode */ ;
/*!50003 SET character_set_client  = @saved_cs_client */ ;
/*!50003 SET character_set_results = @saved_cs_results */ ;
/*!50003 SET collation_connection  = @saved_col_connection */ ;
/*!50003 SET @saved_sql_mode       = @@sql_mode */ ;
/*!50003 SET sql_mode              = 'STRICT_TRANS_TABLES,ERROR_FOR_DIVISION_BY_ZERO,NO_AUTO_CREATE_USER,NO_ENGINE_SUBSTITUTION' */ ;
/*!50003 DROP PROCEDURE IF EXISTS `invoice_pay_all` */;
/*!50003 SET @saved_cs_client      = @@character_set_client */ ;
/*!50003 SET @saved_cs_results     = @@character_set_results */ ;
/*!50003 SET @saved_col_connection = @@collation_connection */ ;
/*!50003 SET character_set_client  = utf8mb3 */ ;
/*!50003 SET character_set_results = utf8mb3 */ ;
/*!50003 SET collation_connection  = utf8mb3_general_ci */ ;
DELIMITER ;;
CREATE DEFINER=`snaladm`@`mariadb` PROCEDURE `invoice_pay_all`()
    MODIFIES SQL DATA
BEGIN
    START TRANSACTION;
    UPDATE user SET credit = 0 WHERE credit < 0;
    UPDATE invoice
    SET payed = CURRENT_TIMESTAMP()
    WHERE payed IS NULL;
    COMMIT;
END ;;
DELIMITER ;
/*!50003 SET sql_mode              = @saved_sql_mode */ ;
/*!50003 SET character_set_client  = @saved_cs_client */ ;
/*!50003 SET character_set_results = @saved_cs_results */ ;
/*!50003 SET collation_connection  = @saved_col_connection */ ;
/*!50003 SET @saved_sql_mode       = @@sql_mode */ ;
/*!50003 SET sql_mode              = 'STRICT_TRANS_TABLES,ERROR_FOR_DIVISION_BY_ZERO,NO_AUTO_CREATE_USER,NO_ENGINE_SUBSTITUTION' */ ;
/*!50003 DROP PROCEDURE IF EXISTS `parking_zone_add` */;
/*!50003 SET @saved_cs_client      = @@character_set_client */ ;
/*!50003 SET @saved_cs_results     = @@character_set_results */ ;
/*!50003 SET @saved_col_connection = @@collation_connection */ ;
/*!50003 SET character_set_client  = utf8mb3 */ ;
/*!50003 SET character_set_results = utf8mb3 */ ;
/*!50003 SET collation_connection  = utf8mb3_general_ci */ ;
DELIMITER ;;
CREATE DEFINER=`snaladm`@`mariadb` PROCEDURE `parking_zone_add`(
    c_id VARCHAR(20),
    z_area TEXT
)
    MODIFIES SQL DATA
BEGIN
    INSERT INTO parking_zone (city_id, area)
    VALUES (c_id, ST_GeomFromGeoJSON(z_area));
END ;;
DELIMITER ;
/*!50003 SET sql_mode              = @saved_sql_mode */ ;
/*!50003 SET character_set_client  = @saved_cs_client */ ;
/*!50003 SET character_set_results = @saved_cs_results */ ;
/*!50003 SET collation_connection  = @saved_col_connection */ ;
/*!50003 SET @saved_sql_mode       = @@sql_mode */ ;
/*!50003 SET sql_mode              = 'STRICT_TRANS_TABLES,ERROR_FOR_DIVISION_BY_ZERO,NO_AUTO_CREATE_USER,NO_ENGINE_SUBSTITUTION' */ ;
/*!50003 DROP PROCEDURE IF EXISTS `scooter_add` */;
/*!50003 SET @saved_cs_client      = @@character_set_client */ ;
/*!50003 SET @saved_cs_results     = @@character_set_results */ ;
/*!50003 SET @saved_col_connection = @@collation_connection */ ;
/*!50003 SET character_set_client  = utf8mb3 */ ;
/*!50003 SET character_set_results = utf8mb3 */ ;
/*!50003 SET collation_connection  = utf8mb3_general_ci */ ;
DELIMITER ;;
CREATE DEFINER=`snaladm`@`mariadb` PROCEDURE `scooter_add`(
    s_available TINYINT(1),
    s_enabled TINYINT(1),
    s_charge FLOAT,
    s_last_position TEXT,
    s_is_charging TINYINT(1),
    c_id VARCHAR(20)
)
BEGIN
    INSERT INTO scooter (available, enabled, charge, last_position, is_charging, city_id)
    VALUES (s_available, s_enabled, s_charge, ST_GeomFromGeoJSON(s_last_position), s_is_charging, c_id);
END ;;
DELIMITER ;
/*!50003 SET sql_mode              = @saved_sql_mode */ ;
/*!50003 SET character_set_client  = @saved_cs_client */ ;
/*!50003 SET character_set_results = @saved_cs_results */ ;
/*!50003 SET collation_connection  = @saved_col_connection */ ;
/*!50003 SET @saved_sql_mode       = @@sql_mode */ ;
/*!50003 SET sql_mode              = 'STRICT_TRANS_TABLES,ERROR_FOR_DIVISION_BY_ZERO,NO_AUTO_CREATE_USER,NO_ENGINE_SUBSTITUTION' */ ;
/*!50003 DROP PROCEDURE IF EXISTS `scooter_log_add` */;
/*!50003 SET @saved_cs_client      = @@character_set_client */ ;
/*!50003 SET @saved_cs_results     = @@character_set_results */ ;
/*!50003 SET @saved_col_connection = @@collation_connection */ ;
/*!50003 SET character_set_client  = utf8mb3 */ ;
/*!50003 SET character_set_results = utf8mb3 */ ;
/*!50003 SET collation_connection  = utf8mb3_general_ci */ ;
DELIMITER ;;
CREATE DEFINER=`snaladm`@`mariadb` PROCEDURE `scooter_log_add`(
    s_id INT,
    s_speed INT,
    s_position TEXT,
    s_status VARCHAR(20),
    s_charge INT
)
BEGIN
    INSERT INTO scooter_log (scooter_id, speed, position, status, charge)
    VALUES (s_id, s_speed, ST_GeomFromGeoJSON(s_position), s_status, s_charge);
END ;;
DELIMITER ;
/*!50003 SET sql_mode              = @saved_sql_mode */ ;
/*!50003 SET character_set_client  = @saved_cs_client */ ;
/*!50003 SET character_set_results = @saved_cs_results */ ;
/*!50003 SET collation_connection  = @saved_col_connection */ ;
/*!50003 SET @saved_sql_mode       = @@sql_mode */ ;
/*!50003 SET sql_mode              = 'STRICT_TRANS_TABLES,ERROR_FOR_DIVISION_BY_ZERO,NO_AUTO_CREATE_USER,NO_ENGINE_SUBSTITUTION' */ ;
/*!50003 DROP PROCEDURE IF EXISTS `scooter_log_maintenance_add` */;
/*!50003 SET @saved_cs_client      = @@character_set_client */ ;
/*!50003 SET @saved_cs_results     = @@character_set_results */ ;
/*!50003 SET @saved_col_connection = @@collation_connection */ ;
/*!50003 SET character_set_client  = utf8mb3 */ ;
/*!50003 SET character_set_results = utf8mb3 */ ;
/*!50003 SET collation_connection  = utf8mb3_general_ci */ ;
DELIMITER ;;
CREATE DEFINER=`snaladm`@`mariadb` PROCEDURE `scooter_log_maintenance_add`(
    s_id INT,
    l_event VARCHAR(100),
    l_invoked_by VARCHAR(20)
)
BEGIN
    INSERT INTO maintenance_log (scooter_id, event, invoked_by)
    VALUES (s_id, l_event, l_invoked_by);
END ;;
DELIMITER ;
/*!50003 SET sql_mode              = @saved_sql_mode */ ;
/*!50003 SET character_set_client  = @saved_cs_client */ ;
/*!50003 SET character_set_results = @saved_cs_results */ ;
/*!50003 SET collation_connection  = @saved_col_connection */ ;
/*!50003 SET @saved_sql_mode       = @@sql_mode */ ;
/*!50003 SET sql_mode              = 'STRICT_TRANS_TABLES,ERROR_FOR_DIVISION_BY_ZERO,NO_AUTO_CREATE_USER,NO_ENGINE_SUBSTITUTION' */ ;
/*!50003 DROP PROCEDURE IF EXISTS `show_charging_station_all` */;
/*!50003 SET @saved_cs_client      = @@character_set_client */ ;
/*!50003 SET @saved_cs_results     = @@character_set_results */ ;
/*!50003 SET @saved_col_connection = @@collation_connection */ ;
/*!50003 SET character_set_client  = utf8mb3 */ ;
/*!50003 SET character_set_results = utf8mb3 */ ;
/*!50003 SET collation_connection  = utf8mb3_general_ci */ ;
DELIMITER ;;
CREATE DEFINER=`snaladm`@`mariadb` PROCEDURE `show_charging_station_all`()
    READS SQL DATA
BEGIN
SELECT id,
    charging_zone_id,
    ST_AsGeoJSON(position) as position,
    occupied,
    scooter_id
FROM charging_station;
END ;;
DELIMITER ;
/*!50003 SET sql_mode              = @saved_sql_mode */ ;
/*!50003 SET character_set_client  = @saved_cs_client */ ;
/*!50003 SET character_set_results = @saved_cs_results */ ;
/*!50003 SET collation_connection  = @saved_col_connection */ ;
/*!50003 SET @saved_sql_mode       = @@sql_mode */ ;
/*!50003 SET sql_mode              = 'STRICT_TRANS_TABLES,ERROR_FOR_DIVISION_BY_ZERO,NO_AUTO_CREATE_USER,NO_ENGINE_SUBSTITUTION' */ ;
/*!50003 DROP PROCEDURE IF EXISTS `show_charging_station_id` */;
/*!50003 SET @saved_cs_client      = @@character_set_client */ ;
/*!50003 SET @saved_cs_results     = @@character_set_results */ ;
/*!50003 SET @saved_col_connection = @@collation_connection */ ;
/*!50003 SET character_set_client  = utf8mb3 */ ;
/*!50003 SET character_set_results = utf8mb3 */ ;
/*!50003 SET collation_connection  = utf8mb3_general_ci */ ;
DELIMITER ;;
CREATE DEFINER=`snaladm`@`mariadb` PROCEDURE `show_charging_station_id`(s_id INT)
BEGIN
SELECT id,
    charging_zone_id,
    ST_AsGeoJSON(position) as position,
    occupied,
    scooter_id
FROM charging_station
WHERE id = s_id;
END ;;
DELIMITER ;
/*!50003 SET sql_mode              = @saved_sql_mode */ ;
/*!50003 SET character_set_client  = @saved_cs_client */ ;
/*!50003 SET character_set_results = @saved_cs_results */ ;
/*!50003 SET collation_connection  = @saved_col_connection */ ;
/*!50003 SET @saved_sql_mode       = @@sql_mode */ ;
/*!50003 SET sql_mode              = 'STRICT_TRANS_TABLES,ERROR_FOR_DIVISION_BY_ZERO,NO_AUTO_CREATE_USER,NO_ENGINE_SUBSTITUTION' */ ;
/*!50003 DROP PROCEDURE IF EXISTS `show_charging_station_zone` */;
/*!50003 SET @saved_cs_client      = @@character_set_client */ ;
/*!50003 SET @saved_cs_results     = @@character_set_results */ ;
/*!50003 SET @saved_col_connection = @@collation_connection */ ;
/*!50003 SET character_set_client  = utf8mb3 */ ;
/*!50003 SET character_set_results = utf8mb3 */ ;
/*!50003 SET collation_connection  = utf8mb3_general_ci */ ;
DELIMITER ;;
CREATE DEFINER=`snaladm`@`mariadb` PROCEDURE `show_charging_station_zone`(z_id VARCHAR(20))
BEGIN
SELECT id,
    charging_zone_id,
    ST_AsGeoJSON(position) as position,
    occupied,
    scooter_id
FROM charging_station
WHERE charging_zone_id = z_id;
END ;;
DELIMITER ;
/*!50003 SET sql_mode              = @saved_sql_mode */ ;
/*!50003 SET character_set_client  = @saved_cs_client */ ;
/*!50003 SET character_set_results = @saved_cs_results */ ;
/*!50003 SET collation_connection  = @saved_col_connection */ ;
/*!50003 SET @saved_sql_mode       = @@sql_mode */ ;
/*!50003 SET sql_mode              = 'STRICT_TRANS_TABLES,ERROR_FOR_DIVISION_BY_ZERO,NO_AUTO_CREATE_USER,NO_ENGINE_SUBSTITUTION' */ ;
/*!50003 DROP PROCEDURE IF EXISTS `show_charging_zone_all` */;
/*!50003 SET @saved_cs_client      = @@character_set_client */ ;
/*!50003 SET @saved_cs_results     = @@character_set_results */ ;
/*!50003 SET @saved_col_connection = @@collation_connection */ ;
/*!50003 SET character_set_client  = utf8mb3 */ ;
/*!50003 SET character_set_results = utf8mb3 */ ;
/*!50003 SET collation_connection  = utf8mb3_general_ci */ ;
DELIMITER ;;
CREATE DEFINER=`snaladm`@`mariadb` PROCEDURE `show_charging_zone_all`()
    READS SQL DATA
BEGIN
    SELECT  id,
            parking_zone_id,
            ST_AsGeoJSON(area) AS area
    FROM charging_zone;
END ;;
DELIMITER ;
/*!50003 SET sql_mode              = @saved_sql_mode */ ;
/*!50003 SET character_set_client  = @saved_cs_client */ ;
/*!50003 SET character_set_results = @saved_cs_results */ ;
/*!50003 SET collation_connection  = @saved_col_connection */ ;
/*!50003 SET @saved_sql_mode       = @@sql_mode */ ;
/*!50003 SET sql_mode              = 'STRICT_TRANS_TABLES,ERROR_FOR_DIVISION_BY_ZERO,NO_AUTO_CREATE_USER,NO_ENGINE_SUBSTITUTION' */ ;
/*!50003 DROP PROCEDURE IF EXISTS `show_charging_zone_city` */;
/*!50003 SET @saved_cs_client      = @@character_set_client */ ;
/*!50003 SET @saved_cs_results     = @@character_set_results */ ;
/*!50003 SET @saved_col_connection = @@collation_connection */ ;
/*!50003 SET character_set_client  = utf8mb3 */ ;
/*!50003 SET character_set_results = utf8mb3 */ ;
/*!50003 SET collation_connection  = utf8mb3_general_ci */ ;
DELIMITER ;;
CREATE DEFINER=`snaladm`@`mariadb` PROCEDURE `show_charging_zone_city`(
    c_name VARCHAR(45)
)
    READS SQL DATA
BEGIN
    SELECT
        id,
        parking_zone_id,
        ST_AsGeoJSON(area) as area
    FROM charging_zone 
    WHERE parking_zone_id IN
        (SELECT id from parking_zone 
        WHERE city_id = 
            (SELECT id 
            FROM city 
            WHERE name = c_name));
END ;;
DELIMITER ;
/*!50003 SET sql_mode              = @saved_sql_mode */ ;
/*!50003 SET character_set_client  = @saved_cs_client */ ;
/*!50003 SET character_set_results = @saved_cs_results */ ;
/*!50003 SET collation_connection  = @saved_col_connection */ ;
/*!50003 SET @saved_sql_mode       = @@sql_mode */ ;
/*!50003 SET sql_mode              = 'STRICT_TRANS_TABLES,ERROR_FOR_DIVISION_BY_ZERO,NO_AUTO_CREATE_USER,NO_ENGINE_SUBSTITUTION' */ ;
/*!50003 DROP PROCEDURE IF EXISTS `show_charging_zone_id` */;
/*!50003 SET @saved_cs_client      = @@character_set_client */ ;
/*!50003 SET @saved_cs_results     = @@character_set_results */ ;
/*!50003 SET @saved_col_connection = @@collation_connection */ ;
/*!50003 SET character_set_client  = utf8mb3 */ ;
/*!50003 SET character_set_results = utf8mb3 */ ;
/*!50003 SET collation_connection  = utf8mb3_general_ci */ ;
DELIMITER ;;
CREATE DEFINER=`snaladm`@`mariadb` PROCEDURE `show_charging_zone_id`(
    z_id VARCHAR(20)
)
    READS SQL DATA
BEGIN
    SELECT
        id,
        parking_zone_id,
        ST_AsGeoJSON(area) as area
    FROM charging_zone WHERE id = z_id;
END ;;
DELIMITER ;
/*!50003 SET sql_mode              = @saved_sql_mode */ ;
/*!50003 SET character_set_client  = @saved_cs_client */ ;
/*!50003 SET character_set_results = @saved_cs_results */ ;
/*!50003 SET collation_connection  = @saved_col_connection */ ;
/*!50003 SET @saved_sql_mode       = @@sql_mode */ ;
/*!50003 SET sql_mode              = 'STRICT_TRANS_TABLES,ERROR_FOR_DIVISION_BY_ZERO,NO_AUTO_CREATE_USER,NO_ENGINE_SUBSTITUTION' */ ;
/*!50003 DROP PROCEDURE IF EXISTS `show_city_all` */;
/*!50003 SET @saved_cs_client      = @@character_set_client */ ;
/*!50003 SET @saved_cs_results     = @@character_set_results */ ;
/*!50003 SET @saved_col_connection = @@collation_connection */ ;
/*!50003 SET character_set_client  = utf8mb3 */ ;
/*!50003 SET character_set_results = utf8mb3 */ ;
/*!50003 SET collation_connection  = utf8mb3_general_ci */ ;
DELIMITER ;;
CREATE DEFINER=`snaladm`@`mariadb` PROCEDURE `show_city_all`()
    READS SQL DATA
BEGIN
    SELECT  *
    FROM city;
END ;;
DELIMITER ;
/*!50003 SET sql_mode              = @saved_sql_mode */ ;
/*!50003 SET character_set_client  = @saved_cs_client */ ;
/*!50003 SET character_set_results = @saved_cs_results */ ;
/*!50003 SET collation_connection  = @saved_col_connection */ ;
/*!50003 SET @saved_sql_mode       = @@sql_mode */ ;
/*!50003 SET sql_mode              = 'STRICT_TRANS_TABLES,ERROR_FOR_DIVISION_BY_ZERO,NO_AUTO_CREATE_USER,NO_ENGINE_SUBSTITUTION' */ ;
/*!50003 DROP PROCEDURE IF EXISTS `show_invoice_all` */;
/*!50003 SET @saved_cs_client      = @@character_set_client */ ;
/*!50003 SET @saved_cs_results     = @@character_set_results */ ;
/*!50003 SET @saved_col_connection = @@collation_connection */ ;
/*!50003 SET character_set_client  = utf8mb3 */ ;
/*!50003 SET character_set_results = utf8mb3 */ ;
/*!50003 SET collation_connection  = utf8mb3_general_ci */ ;
DELIMITER ;;
CREATE DEFINER=`snaladm`@`mariadb` PROCEDURE `show_invoice_all`()
    READS SQL DATA
BEGIN
    SELECT *
    FROM invoice;
END ;;
DELIMITER ;
/*!50003 SET sql_mode              = @saved_sql_mode */ ;
/*!50003 SET character_set_client  = @saved_cs_client */ ;
/*!50003 SET character_set_results = @saved_cs_results */ ;
/*!50003 SET collation_connection  = @saved_col_connection */ ;
/*!50003 SET @saved_sql_mode       = @@sql_mode */ ;
/*!50003 SET sql_mode              = 'STRICT_TRANS_TABLES,ERROR_FOR_DIVISION_BY_ZERO,NO_AUTO_CREATE_USER,NO_ENGINE_SUBSTITUTION' */ ;
/*!50003 DROP PROCEDURE IF EXISTS `show_invoice_id` */;
/*!50003 SET @saved_cs_client      = @@character_set_client */ ;
/*!50003 SET @saved_cs_results     = @@character_set_results */ ;
/*!50003 SET @saved_col_connection = @@collation_connection */ ;
/*!50003 SET character_set_client  = utf8mb3 */ ;
/*!50003 SET character_set_results = utf8mb3 */ ;
/*!50003 SET collation_connection  = utf8mb3_general_ci */ ;
DELIMITER ;;
CREATE DEFINER=`snaladm`@`mariadb` PROCEDURE `show_invoice_id`(
    i_id INT
)
    READS SQL DATA
BEGIN
    SELECT *
    FROM invoice WHERE id = i_id;
END ;;
DELIMITER ;
/*!50003 SET sql_mode              = @saved_sql_mode */ ;
/*!50003 SET character_set_client  = @saved_cs_client */ ;
/*!50003 SET character_set_results = @saved_cs_results */ ;
/*!50003 SET collation_connection  = @saved_col_connection */ ;
/*!50003 SET @saved_sql_mode       = @@sql_mode */ ;
/*!50003 SET sql_mode              = 'STRICT_TRANS_TABLES,ERROR_FOR_DIVISION_BY_ZERO,NO_AUTO_CREATE_USER,NO_ENGINE_SUBSTITUTION' */ ;
/*!50003 DROP PROCEDURE IF EXISTS `show_invoice_user` */;
/*!50003 SET @saved_cs_client      = @@character_set_client */ ;
/*!50003 SET @saved_cs_results     = @@character_set_results */ ;
/*!50003 SET @saved_col_connection = @@collation_connection */ ;
/*!50003 SET character_set_client  = utf8mb3 */ ;
/*!50003 SET character_set_results = utf8mb3 */ ;
/*!50003 SET collation_connection  = utf8mb3_general_ci */ ;
DELIMITER ;;
CREATE DEFINER=`snaladm`@`mariadb` PROCEDURE `show_invoice_user`(
    u_id INT
)
    READS SQL DATA
BEGIN
    SELECT *
    FROM invoice WHERE trip_id IN
        (SELECT id
        FROM trip 
        WHERE user_id = u_id);
END ;;
DELIMITER ;
/*!50003 SET sql_mode              = @saved_sql_mode */ ;
/*!50003 SET character_set_client  = @saved_cs_client */ ;
/*!50003 SET character_set_results = @saved_cs_results */ ;
/*!50003 SET collation_connection  = @saved_col_connection */ ;
/*!50003 SET @saved_sql_mode       = @@sql_mode */ ;
/*!50003 SET sql_mode              = 'STRICT_TRANS_TABLES,ERROR_FOR_DIVISION_BY_ZERO,NO_AUTO_CREATE_USER,NO_ENGINE_SUBSTITUTION' */ ;
/*!50003 DROP PROCEDURE IF EXISTS `show_parking_zone_all` */;
/*!50003 SET @saved_cs_client      = @@character_set_client */ ;
/*!50003 SET @saved_cs_results     = @@character_set_results */ ;
/*!50003 SET @saved_col_connection = @@collation_connection */ ;
/*!50003 SET character_set_client  = utf8mb3 */ ;
/*!50003 SET character_set_results = utf8mb3 */ ;
/*!50003 SET collation_connection  = utf8mb3_general_ci */ ;
DELIMITER ;;
CREATE DEFINER=`snaladm`@`mariadb` PROCEDURE `show_parking_zone_all`()
    READS SQL DATA
BEGIN
    SELECT 
        id,
        city_id,
        ST_AsGeoJSON(area) AS area
    FROM parking_zone;
END ;;
DELIMITER ;
/*!50003 SET sql_mode              = @saved_sql_mode */ ;
/*!50003 SET character_set_client  = @saved_cs_client */ ;
/*!50003 SET character_set_results = @saved_cs_results */ ;
/*!50003 SET collation_connection  = @saved_col_connection */ ;
/*!50003 SET @saved_sql_mode       = @@sql_mode */ ;
/*!50003 SET sql_mode              = 'STRICT_TRANS_TABLES,ERROR_FOR_DIVISION_BY_ZERO,NO_AUTO_CREATE_USER,NO_ENGINE_SUBSTITUTION' */ ;
/*!50003 DROP PROCEDURE IF EXISTS `show_parking_zone_city` */;
/*!50003 SET @saved_cs_client      = @@character_set_client */ ;
/*!50003 SET @saved_cs_results     = @@character_set_results */ ;
/*!50003 SET @saved_col_connection = @@collation_connection */ ;
/*!50003 SET character_set_client  = utf8mb3 */ ;
/*!50003 SET character_set_results = utf8mb3 */ ;
/*!50003 SET collation_connection  = utf8mb3_general_ci */ ;
DELIMITER ;;
CREATE DEFINER=`snaladm`@`mariadb` PROCEDURE `show_parking_zone_city`(
    c_name VARCHAR(45)
)
    READS SQL DATA
BEGIN
    SELECT  id,
            city_id,
            ST_AsGeoJSON(area) as area
    FROM parking_zone WHERE city_id = 
        (SELECT id
        FROM city
        WHERE name = c_name);
END ;;
DELIMITER ;
/*!50003 SET sql_mode              = @saved_sql_mode */ ;
/*!50003 SET character_set_client  = @saved_cs_client */ ;
/*!50003 SET character_set_results = @saved_cs_results */ ;
/*!50003 SET collation_connection  = @saved_col_connection */ ;
/*!50003 SET @saved_sql_mode       = @@sql_mode */ ;
/*!50003 SET sql_mode              = 'STRICT_TRANS_TABLES,ERROR_FOR_DIVISION_BY_ZERO,NO_AUTO_CREATE_USER,NO_ENGINE_SUBSTITUTION' */ ;
/*!50003 DROP PROCEDURE IF EXISTS `show_parking_zone_id` */;
/*!50003 SET @saved_cs_client      = @@character_set_client */ ;
/*!50003 SET @saved_cs_results     = @@character_set_results */ ;
/*!50003 SET @saved_col_connection = @@collation_connection */ ;
/*!50003 SET character_set_client  = utf8mb3 */ ;
/*!50003 SET character_set_results = utf8mb3 */ ;
/*!50003 SET collation_connection  = utf8mb3_general_ci */ ;
DELIMITER ;;
CREATE DEFINER=`snaladm`@`mariadb` PROCEDURE `show_parking_zone_id`(
    p_id VARCHAR(20)
)
    READS SQL DATA
BEGIN
    SELECT  id,
            city_id,
            ST_AsGeoJSON(area) as area
    FROM parking_zone WHERE id = p_id;
END ;;
DELIMITER ;
/*!50003 SET sql_mode              = @saved_sql_mode */ ;
/*!50003 SET character_set_client  = @saved_cs_client */ ;
/*!50003 SET character_set_results = @saved_cs_results */ ;
/*!50003 SET collation_connection  = @saved_col_connection */ ;
/*!50003 SET @saved_sql_mode       = @@sql_mode */ ;
/*!50003 SET sql_mode              = 'STRICT_TRANS_TABLES,ERROR_FOR_DIVISION_BY_ZERO,NO_AUTO_CREATE_USER,NO_ENGINE_SUBSTITUTION' */ ;
/*!50003 DROP PROCEDURE IF EXISTS `show_scooter_all` */;
/*!50003 SET @saved_cs_client      = @@character_set_client */ ;
/*!50003 SET @saved_cs_results     = @@character_set_results */ ;
/*!50003 SET @saved_col_connection = @@collation_connection */ ;
/*!50003 SET character_set_client  = utf8mb3 */ ;
/*!50003 SET character_set_results = utf8mb3 */ ;
/*!50003 SET collation_connection  = utf8mb3_general_ci */ ;
DELIMITER ;;
CREATE DEFINER=`snaladm`@`mariadb` PROCEDURE `show_scooter_all`()
    READS SQL DATA
BEGIN
    SELECT  id,
            available,
            enabled,
            charge,
            DATE_FORMAT(last_serviced, '%Y-%m-%d %H:%i:%s') as last_serviced,
            DATE_FORMAT(first_used, '%Y-%m-%d %H:%i:%s') as first_used,
            distance_traveled,
            ST_AsGeoJSON(last_position) as last_position,
            is_charging,
            city_id
    FROM scooter;
END ;;
DELIMITER ;
/*!50003 SET sql_mode              = @saved_sql_mode */ ;
/*!50003 SET character_set_client  = @saved_cs_client */ ;
/*!50003 SET character_set_results = @saved_cs_results */ ;
/*!50003 SET collation_connection  = @saved_col_connection */ ;
/*!50003 SET @saved_sql_mode       = @@sql_mode */ ;
/*!50003 SET sql_mode              = 'STRICT_TRANS_TABLES,ERROR_FOR_DIVISION_BY_ZERO,NO_AUTO_CREATE_USER,NO_ENGINE_SUBSTITUTION' */ ;
/*!50003 DROP PROCEDURE IF EXISTS `show_scooter_available` */;
/*!50003 SET @saved_cs_client      = @@character_set_client */ ;
/*!50003 SET @saved_cs_results     = @@character_set_results */ ;
/*!50003 SET @saved_col_connection = @@collation_connection */ ;
/*!50003 SET character_set_client  = utf8mb3 */ ;
/*!50003 SET character_set_results = utf8mb3 */ ;
/*!50003 SET collation_connection  = utf8mb3_general_ci */ ;
DELIMITER ;;
CREATE DEFINER=`snaladm`@`mariadb` PROCEDURE `show_scooter_available`()
    READS SQL DATA
BEGIN
    SELECT  id,
            available,
            enabled,
            charge,
            DATE_FORMAT(last_serviced, '%Y-%m-%d %H:%i:%s') as last_serviced,
            DATE_FORMAT(first_used, '%Y-%m-%d %H:%i:%s') as first_used,
            distance_traveled,
            ST_AsGeoJSON(last_position) as last_position,
            is_charging,
            city_id
    FROM scooter WHERE available = 1 AND enabled = 1;
END ;;
DELIMITER ;
/*!50003 SET sql_mode              = @saved_sql_mode */ ;
/*!50003 SET character_set_client  = @saved_cs_client */ ;
/*!50003 SET character_set_results = @saved_cs_results */ ;
/*!50003 SET collation_connection  = @saved_col_connection */ ;
/*!50003 SET @saved_sql_mode       = @@sql_mode */ ;
/*!50003 SET sql_mode              = 'STRICT_TRANS_TABLES,ERROR_FOR_DIVISION_BY_ZERO,NO_AUTO_CREATE_USER,NO_ENGINE_SUBSTITUTION' */ ;
/*!50003 DROP PROCEDURE IF EXISTS `show_scooter_city` */;
/*!50003 SET @saved_cs_client      = @@character_set_client */ ;
/*!50003 SET @saved_cs_results     = @@character_set_results */ ;
/*!50003 SET @saved_col_connection = @@collation_connection */ ;
/*!50003 SET character_set_client  = utf8mb3 */ ;
/*!50003 SET character_set_results = utf8mb3 */ ;
/*!50003 SET collation_connection  = utf8mb3_general_ci */ ;
DELIMITER ;;
CREATE DEFINER=`snaladm`@`mariadb` PROCEDURE `show_scooter_city`(
    c_name VARCHAR(45)
)
    READS SQL DATA
BEGIN
    SELECT  id,
            available,
            enabled,
            charge,
            DATE_FORMAT(last_serviced, '%Y-%m-%d %H:%i:%s') as last_serviced,
            DATE_FORMAT(first_used, '%Y-%m-%d %H:%i:%s') as first_used,
            distance_traveled,
            ST_AsGeoJSON(last_position) as last_position,
            is_charging,
            city_id
    FROM scooter WHERE city_id = 
        (SELECT id FROM city
        WHERE name = c_name);
END ;;
DELIMITER ;
/*!50003 SET sql_mode              = @saved_sql_mode */ ;
/*!50003 SET character_set_client  = @saved_cs_client */ ;
/*!50003 SET character_set_results = @saved_cs_results */ ;
/*!50003 SET collation_connection  = @saved_col_connection */ ;
/*!50003 SET @saved_sql_mode       = @@sql_mode */ ;
/*!50003 SET sql_mode              = 'STRICT_TRANS_TABLES,ERROR_FOR_DIVISION_BY_ZERO,NO_AUTO_CREATE_USER,NO_ENGINE_SUBSTITUTION' */ ;
/*!50003 DROP PROCEDURE IF EXISTS `show_scooter_id` */;
/*!50003 SET @saved_cs_client      = @@character_set_client */ ;
/*!50003 SET @saved_cs_results     = @@character_set_results */ ;
/*!50003 SET @saved_col_connection = @@collation_connection */ ;
/*!50003 SET character_set_client  = utf8mb3 */ ;
/*!50003 SET character_set_results = utf8mb3 */ ;
/*!50003 SET collation_connection  = utf8mb3_general_ci */ ;
DELIMITER ;;
CREATE DEFINER=`snaladm`@`mariadb` PROCEDURE `show_scooter_id`(
    s_id INT
)
    READS SQL DATA
BEGIN
    SELECT  id,
            available,
            enabled,
            charge,
            DATE_FORMAT(last_serviced, '%Y-%m-%d %H:%i:%s') as last_serviced,
            DATE_FORMAT(first_used, '%Y-%m-%d %H:%i:%s') as first_used,
            distance_traveled,
            ST_AsGeoJSON(last_position) as last_position,
            is_charging,
            city_id
    FROM scooter WHERE id = s_id;
    
END ;;
DELIMITER ;
/*!50003 SET sql_mode              = @saved_sql_mode */ ;
/*!50003 SET character_set_client  = @saved_cs_client */ ;
/*!50003 SET character_set_results = @saved_cs_results */ ;
/*!50003 SET collation_connection  = @saved_col_connection */ ;
/*!50003 SET @saved_sql_mode       = @@sql_mode */ ;
/*!50003 SET sql_mode              = 'STRICT_TRANS_TABLES,ERROR_FOR_DIVISION_BY_ZERO,NO_AUTO_CREATE_USER,NO_ENGINE_SUBSTITUTION' */ ;
/*!50003 DROP PROCEDURE IF EXISTS `show_scooter_logs` */;
/*!50003 SET @saved_cs_client      = @@character_set_client */ ;
/*!50003 SET @saved_cs_results     = @@character_set_results */ ;
/*!50003 SET @saved_col_connection = @@collation_connection */ ;
/*!50003 SET character_set_client  = utf8mb3 */ ;
/*!50003 SET character_set_results = utf8mb3 */ ;
/*!50003 SET collation_connection  = utf8mb3_general_ci */ ;
DELIMITER ;;
CREATE DEFINER=`snaladm`@`mariadb` PROCEDURE `show_scooter_logs`(
    s_id INT
)
    READS SQL DATA
BEGIN
    SELECT  * FROM scooter_log 
    WHERE scooter_id = s_id
    ORDER BY 'timestamp' DESC;
END ;;
DELIMITER ;
/*!50003 SET sql_mode              = @saved_sql_mode */ ;
/*!50003 SET character_set_client  = @saved_cs_client */ ;
/*!50003 SET character_set_results = @saved_cs_results */ ;
/*!50003 SET collation_connection  = @saved_col_connection */ ;
/*!50003 SET @saved_sql_mode       = @@sql_mode */ ;
/*!50003 SET sql_mode              = 'STRICT_TRANS_TABLES,ERROR_FOR_DIVISION_BY_ZERO,NO_AUTO_CREATE_USER,NO_ENGINE_SUBSTITUTION' */ ;
/*!50003 DROP PROCEDURE IF EXISTS `show_scooter_logs_maintenance` */;
/*!50003 SET @saved_cs_client      = @@character_set_client */ ;
/*!50003 SET @saved_cs_results     = @@character_set_results */ ;
/*!50003 SET @saved_col_connection = @@collation_connection */ ;
/*!50003 SET character_set_client  = utf8mb3 */ ;
/*!50003 SET character_set_results = utf8mb3 */ ;
/*!50003 SET collation_connection  = utf8mb3_general_ci */ ;
DELIMITER ;;
CREATE DEFINER=`snaladm`@`mariadb` PROCEDURE `show_scooter_logs_maintenance`(
    s_id INT
)
    READS SQL DATA
BEGIN
    SELECT  * FROM maintenance_log 
    WHERE scooter_id = s_id
    ORDER BY 'timestamp' DESC;
END ;;
DELIMITER ;
/*!50003 SET sql_mode              = @saved_sql_mode */ ;
/*!50003 SET character_set_client  = @saved_cs_client */ ;
/*!50003 SET character_set_results = @saved_cs_results */ ;
/*!50003 SET collation_connection  = @saved_col_connection */ ;
/*!50003 SET @saved_sql_mode       = @@sql_mode */ ;
/*!50003 SET sql_mode              = 'STRICT_TRANS_TABLES,ERROR_FOR_DIVISION_BY_ZERO,NO_AUTO_CREATE_USER,NO_ENGINE_SUBSTITUTION' */ ;
/*!50003 DROP PROCEDURE IF EXISTS `show_trip_all` */;
/*!50003 SET @saved_cs_client      = @@character_set_client */ ;
/*!50003 SET @saved_cs_results     = @@character_set_results */ ;
/*!50003 SET @saved_col_connection = @@collation_connection */ ;
/*!50003 SET character_set_client  = utf8mb3 */ ;
/*!50003 SET character_set_results = utf8mb3 */ ;
/*!50003 SET collation_connection  = utf8mb3_general_ci */ ;
DELIMITER ;;
CREATE DEFINER=`snaladm`@`mariadb` PROCEDURE `show_trip_all`()
    READS SQL DATA
BEGIN
    SELECT  id,
            user_id,
            scooter_id,
            distance,
            completed,
            ST_AsGeoJSON(start_position) as start_position,
            ST_AsGeoJSON(stop_position) as stop_position,
            DATE_FORMAT(start_time, '%Y-%m-%d %H:%i:%s') as start_time,
            DATE_FORMAT(stop_time, '%Y-%m-%d %H:%i:%s') as stop_time
    FROM trip;
END ;;
DELIMITER ;
/*!50003 SET sql_mode              = @saved_sql_mode */ ;
/*!50003 SET character_set_client  = @saved_cs_client */ ;
/*!50003 SET character_set_results = @saved_cs_results */ ;
/*!50003 SET collation_connection  = @saved_col_connection */ ;
/*!50003 SET @saved_sql_mode       = @@sql_mode */ ;
/*!50003 SET sql_mode              = 'STRICT_TRANS_TABLES,ERROR_FOR_DIVISION_BY_ZERO,NO_AUTO_CREATE_USER,NO_ENGINE_SUBSTITUTION' */ ;
/*!50003 DROP PROCEDURE IF EXISTS `show_trip_id` */;
/*!50003 SET @saved_cs_client      = @@character_set_client */ ;
/*!50003 SET @saved_cs_results     = @@character_set_results */ ;
/*!50003 SET @saved_col_connection = @@collation_connection */ ;
/*!50003 SET character_set_client  = utf8mb3 */ ;
/*!50003 SET character_set_results = utf8mb3 */ ;
/*!50003 SET collation_connection  = utf8mb3_general_ci */ ;
DELIMITER ;;
CREATE DEFINER=`snaladm`@`mariadb` PROCEDURE `show_trip_id`(
    t_id INT
)
    READS SQL DATA
BEGIN
    SELECT  id,
            user_id,
            scooter_id,
            distance,
            completed,
            ST_AsGeoJSON(start_position) as start_position,
            ST_AsGeoJSON(stop_position) as stop_position,
            DATE_FORMAT(start_time, '%Y-%m-%d %H:%i:%s') as start_time,
            DATE_FORMAT(stop_time, '%Y-%m-%d %H:%i:%s') as stop_time
    FROM trip WHERE id = t_id;
END ;;
DELIMITER ;
/*!50003 SET sql_mode              = @saved_sql_mode */ ;
/*!50003 SET character_set_client  = @saved_cs_client */ ;
/*!50003 SET character_set_results = @saved_cs_results */ ;
/*!50003 SET collation_connection  = @saved_col_connection */ ;
/*!50003 SET @saved_sql_mode       = @@sql_mode */ ;
/*!50003 SET sql_mode              = 'STRICT_TRANS_TABLES,ERROR_FOR_DIVISION_BY_ZERO,NO_AUTO_CREATE_USER,NO_ENGINE_SUBSTITUTION' */ ;
/*!50003 DROP PROCEDURE IF EXISTS `show_trip_user` */;
/*!50003 SET @saved_cs_client      = @@character_set_client */ ;
/*!50003 SET @saved_cs_results     = @@character_set_results */ ;
/*!50003 SET @saved_col_connection = @@collation_connection */ ;
/*!50003 SET character_set_client  = utf8mb3 */ ;
/*!50003 SET character_set_results = utf8mb3 */ ;
/*!50003 SET collation_connection  = utf8mb3_general_ci */ ;
DELIMITER ;;
CREATE DEFINER=`snaladm`@`mariadb` PROCEDURE `show_trip_user`(
    u_id INT
)
    READS SQL DATA
BEGIN
    SELECT  id,
            user_id,
            scooter_id,
            distance,
            completed,
            ST_AsGeoJSON(start_position) as start_position,
            ST_AsGeoJSON(stop_position) as stop_position,
            DATE_FORMAT(start_time, '%Y-%m-%d %H:%i:%s') as start_time,
            IF(stop_time,date_format(stop_time, '%Y-%m-%d %H:%i:%s'),NULL) as stop_time
    FROM trip WHERE user_id = u_id;
END ;;
DELIMITER ;
/*!50003 SET sql_mode              = @saved_sql_mode */ ;
/*!50003 SET character_set_client  = @saved_cs_client */ ;
/*!50003 SET character_set_results = @saved_cs_results */ ;
/*!50003 SET collation_connection  = @saved_col_connection */ ;
/*!50003 SET @saved_sql_mode       = @@sql_mode */ ;
/*!50003 SET sql_mode              = 'STRICT_TRANS_TABLES,ERROR_FOR_DIVISION_BY_ZERO,NO_AUTO_CREATE_USER,NO_ENGINE_SUBSTITUTION' */ ;
/*!50003 DROP PROCEDURE IF EXISTS `show_user_all` */;
/*!50003 SET @saved_cs_client      = @@character_set_client */ ;
/*!50003 SET @saved_cs_results     = @@character_set_results */ ;
/*!50003 SET @saved_col_connection = @@collation_connection */ ;
/*!50003 SET character_set_client  = utf8mb3 */ ;
/*!50003 SET character_set_results = utf8mb3 */ ;
/*!50003 SET collation_connection  = utf8mb3_general_ci */ ;
DELIMITER ;;
CREATE DEFINER=`snaladm`@`mariadb` PROCEDURE `show_user_all`()
    READS SQL DATA
BEGIN
SELECT *
FROM user;
END ;;
DELIMITER ;
/*!50003 SET sql_mode              = @saved_sql_mode */ ;
/*!50003 SET character_set_client  = @saved_cs_client */ ;
/*!50003 SET character_set_results = @saved_cs_results */ ;
/*!50003 SET collation_connection  = @saved_col_connection */ ;
/*!50003 SET @saved_sql_mode       = @@sql_mode */ ;
/*!50003 SET sql_mode              = 'STRICT_TRANS_TABLES,ERROR_FOR_DIVISION_BY_ZERO,NO_AUTO_CREATE_USER,NO_ENGINE_SUBSTITUTION' */ ;
/*!50003 DROP PROCEDURE IF EXISTS `show_user_id` */;
/*!50003 SET @saved_cs_client      = @@character_set_client */ ;
/*!50003 SET @saved_cs_results     = @@character_set_results */ ;
/*!50003 SET @saved_col_connection = @@collation_connection */ ;
/*!50003 SET character_set_client  = utf8mb3 */ ;
/*!50003 SET character_set_results = utf8mb3 */ ;
/*!50003 SET collation_connection  = utf8mb3_general_ci */ ;
DELIMITER ;;
CREATE DEFINER=`snaladm`@`mariadb` PROCEDURE `show_user_id`(u_id INT)
    READS SQL DATA
BEGIN
SELECT *
FROM user
WHERE id = u_id;
END ;;
DELIMITER ;
/*!50003 SET sql_mode              = @saved_sql_mode */ ;
/*!50003 SET character_set_client  = @saved_cs_client */ ;
/*!50003 SET character_set_results = @saved_cs_results */ ;
/*!50003 SET collation_connection  = @saved_col_connection */ ;
/*!50003 SET @saved_sql_mode       = @@sql_mode */ ;
/*!50003 SET sql_mode              = 'STRICT_TRANS_TABLES,ERROR_FOR_DIVISION_BY_ZERO,NO_AUTO_CREATE_USER,NO_ENGINE_SUBSTITUTION' */ ;
/*!50003 DROP PROCEDURE IF EXISTS `show_user_token` */;
/*!50003 SET @saved_cs_client      = @@character_set_client */ ;
/*!50003 SET @saved_cs_results     = @@character_set_results */ ;
/*!50003 SET @saved_col_connection = @@collation_connection */ ;
/*!50003 SET character_set_client  = utf8mb3 */ ;
/*!50003 SET character_set_results = utf8mb3 */ ;
/*!50003 SET collation_connection  = utf8mb3_general_ci */ ;
DELIMITER ;;
CREATE DEFINER=`snaladm`@`mariadb` PROCEDURE `show_user_token`(u_token VARCHAR(45))
    READS SQL DATA
BEGIN
SELECT *
FROM user
WHERE token = u_token;
END ;;
DELIMITER ;
/*!50003 SET sql_mode              = @saved_sql_mode */ ;
/*!50003 SET character_set_client  = @saved_cs_client */ ;
/*!50003 SET character_set_results = @saved_cs_results */ ;
/*!50003 SET collation_connection  = @saved_col_connection */ ;
/*!50003 SET @saved_sql_mode       = @@sql_mode */ ;
/*!50003 SET sql_mode              = 'STRICT_TRANS_TABLES,ERROR_FOR_DIVISION_BY_ZERO,NO_AUTO_CREATE_USER,NO_ENGINE_SUBSTITUTION' */ ;
/*!50003 DROP PROCEDURE IF EXISTS `trip_add` */;
/*!50003 SET @saved_cs_client      = @@character_set_client */ ;
/*!50003 SET @saved_cs_results     = @@character_set_results */ ;
/*!50003 SET @saved_col_connection = @@collation_connection */ ;
/*!50003 SET character_set_client  = utf8mb3 */ ;
/*!50003 SET character_set_results = utf8mb3 */ ;
/*!50003 SET collation_connection  = utf8mb3_general_ci */ ;
DELIMITER ;;
CREATE DEFINER=`snaladm`@`mariadb` PROCEDURE `trip_add`(
    u_id INT,
    s_id INT,
    t_start_position TEXT
)
BEGIN
    INSERT INTO trip (user_id, scooter_id, start_position)
    VALUES (u_id, s_id, ST_GeomFromGeoJSON(t_start_position))
    RETURNING id;
END ;;
DELIMITER ;
/*!50003 SET sql_mode              = @saved_sql_mode */ ;
/*!50003 SET character_set_client  = @saved_cs_client */ ;
/*!50003 SET character_set_results = @saved_cs_results */ ;
/*!50003 SET collation_connection  = @saved_col_connection */ ;
/*!50003 SET @saved_sql_mode       = @@sql_mode */ ;
/*!50003 SET sql_mode              = 'STRICT_TRANS_TABLES,ERROR_FOR_DIVISION_BY_ZERO,NO_AUTO_CREATE_USER,NO_ENGINE_SUBSTITUTION' */ ;
/*!50003 DROP PROCEDURE IF EXISTS `trip_stop` */;
/*!50003 SET @saved_cs_client      = @@character_set_client */ ;
/*!50003 SET @saved_cs_results     = @@character_set_results */ ;
/*!50003 SET @saved_col_connection = @@collation_connection */ ;
/*!50003 SET character_set_client  = utf8mb3 */ ;
/*!50003 SET character_set_results = utf8mb3 */ ;
/*!50003 SET collation_connection  = utf8mb3_general_ci */ ;
DELIMITER ;;
CREATE DEFINER=`snaladm`@`mariadb` PROCEDURE `trip_stop`(
    t_id INT,
    stop_position TEXT
)
BEGIN
    UPDATE trip
    SET stop_position  = ST_GeomFromGeoJSON(stop_position),
        stop_time      = CURRENT_TIMESTAMP(),
        completed      = 1 
    WHERE id = t_id;
END ;;
DELIMITER ;
/*!50003 SET sql_mode              = @saved_sql_mode */ ;
/*!50003 SET character_set_client  = @saved_cs_client */ ;
/*!50003 SET character_set_results = @saved_cs_results */ ;
/*!50003 SET collation_connection  = @saved_col_connection */ ;
/*!50003 SET @saved_sql_mode       = @@sql_mode */ ;
/*!50003 SET sql_mode              = 'STRICT_TRANS_TABLES,ERROR_FOR_DIVISION_BY_ZERO,NO_AUTO_CREATE_USER,NO_ENGINE_SUBSTITUTION' */ ;
/*!50003 DROP PROCEDURE IF EXISTS `update_charging_station` */;
/*!50003 SET @saved_cs_client      = @@character_set_client */ ;
/*!50003 SET @saved_cs_results     = @@character_set_results */ ;
/*!50003 SET @saved_col_connection = @@collation_connection */ ;
/*!50003 SET character_set_client  = utf8mb3 */ ;
/*!50003 SET character_set_results = utf8mb3 */ ;
/*!50003 SET collation_connection  = utf8mb3_general_ci */ ;
DELIMITER ;;
CREATE DEFINER=`snaladm`@`mariadb` PROCEDURE `update_charging_station`(
    s_id INT,
    z_id VARCHAR(20),
    s_position TEXT,
    s_occupied TINYINT(1)
)
BEGIN
UPDATE charging_station
SET charging_zone_id = z_id,
    position = ST_GeomFromGeoJSON(s_position),
    occupied = s_occupied
WHERE id = s_id;
END ;;
DELIMITER ;
/*!50003 SET sql_mode              = @saved_sql_mode */ ;
/*!50003 SET character_set_client  = @saved_cs_client */ ;
/*!50003 SET character_set_results = @saved_cs_results */ ;
/*!50003 SET collation_connection  = @saved_col_connection */ ;
/*!50003 SET @saved_sql_mode       = @@sql_mode */ ;
/*!50003 SET sql_mode              = 'STRICT_TRANS_TABLES,ERROR_FOR_DIVISION_BY_ZERO,NO_AUTO_CREATE_USER,NO_ENGINE_SUBSTITUTION' */ ;
/*!50003 DROP PROCEDURE IF EXISTS `update_charging_zone` */;
/*!50003 SET @saved_cs_client      = @@character_set_client */ ;
/*!50003 SET @saved_cs_results     = @@character_set_results */ ;
/*!50003 SET @saved_col_connection = @@collation_connection */ ;
/*!50003 SET character_set_client  = utf8mb3 */ ;
/*!50003 SET character_set_results = utf8mb3 */ ;
/*!50003 SET collation_connection  = utf8mb3_general_ci */ ;
DELIMITER ;;
CREATE DEFINER=`snaladm`@`mariadb` PROCEDURE `update_charging_zone`(
    z_id VARCHAR(20),
    parking_z_id VARCHAR(20),
    z_area TEXT
)
BEGIN
    UPDATE charging_zone
    SET parking_zone_id = parking_z_id,
        area            = ST_GeomFromGeoJSON(z_area)
    WHERE id = z_id;
END ;;
DELIMITER ;
/*!50003 SET sql_mode              = @saved_sql_mode */ ;
/*!50003 SET character_set_client  = @saved_cs_client */ ;
/*!50003 SET character_set_results = @saved_cs_results */ ;
/*!50003 SET collation_connection  = @saved_col_connection */ ;
/*!50003 SET @saved_sql_mode       = @@sql_mode */ ;
/*!50003 SET sql_mode              = 'STRICT_TRANS_TABLES,ERROR_FOR_DIVISION_BY_ZERO,NO_AUTO_CREATE_USER,NO_ENGINE_SUBSTITUTION' */ ;
/*!50003 DROP PROCEDURE IF EXISTS `update_invoice` */;
/*!50003 SET @saved_cs_client      = @@character_set_client */ ;
/*!50003 SET @saved_cs_results     = @@character_set_results */ ;
/*!50003 SET @saved_col_connection = @@collation_connection */ ;
/*!50003 SET character_set_client  = utf8mb3 */ ;
/*!50003 SET character_set_results = utf8mb3 */ ;
/*!50003 SET collation_connection  = utf8mb3_general_ci */ ;
DELIMITER ;;
CREATE DEFINER=`snaladm`@`mariadb` PROCEDURE `update_invoice`(
    i_id INT,
    t_id INT,
    i_amount FLOAT
)
BEGIN
    UPDATE invoice
    SET trip_id      = t_id,
        amount       = i_amount
    WHERE id = i_id;
END ;;
DELIMITER ;
/*!50003 SET sql_mode              = @saved_sql_mode */ ;
/*!50003 SET character_set_client  = @saved_cs_client */ ;
/*!50003 SET character_set_results = @saved_cs_results */ ;
/*!50003 SET collation_connection  = @saved_col_connection */ ;
/*!50003 SET @saved_sql_mode       = @@sql_mode */ ;
/*!50003 SET sql_mode              = 'STRICT_TRANS_TABLES,ERROR_FOR_DIVISION_BY_ZERO,NO_AUTO_CREATE_USER,NO_ENGINE_SUBSTITUTION' */ ;
/*!50003 DROP PROCEDURE IF EXISTS `update_parking_zone` */;
/*!50003 SET @saved_cs_client      = @@character_set_client */ ;
/*!50003 SET @saved_cs_results     = @@character_set_results */ ;
/*!50003 SET @saved_col_connection = @@collation_connection */ ;
/*!50003 SET character_set_client  = utf8mb3 */ ;
/*!50003 SET character_set_results = utf8mb3 */ ;
/*!50003 SET collation_connection  = utf8mb3_general_ci */ ;
DELIMITER ;;
CREATE DEFINER=`snaladm`@`mariadb` PROCEDURE `update_parking_zone`(
    z_id VARCHAR(20),
    c_id VARCHAR(20),
    z_area TEXT
)
BEGIN
    UPDATE parking_zone
    SET city_id       = c_id,
        area          = ST_GeomFromGeoJSON(z_area)
    WHERE id = z_id;
END ;;
DELIMITER ;
/*!50003 SET sql_mode              = @saved_sql_mode */ ;
/*!50003 SET character_set_client  = @saved_cs_client */ ;
/*!50003 SET character_set_results = @saved_cs_results */ ;
/*!50003 SET collation_connection  = @saved_col_connection */ ;
/*!50003 SET @saved_sql_mode       = @@sql_mode */ ;
/*!50003 SET sql_mode              = 'STRICT_TRANS_TABLES,ERROR_FOR_DIVISION_BY_ZERO,NO_AUTO_CREATE_USER,NO_ENGINE_SUBSTITUTION' */ ;
/*!50003 DROP PROCEDURE IF EXISTS `update_scooter` */;
/*!50003 SET @saved_cs_client      = @@character_set_client */ ;
/*!50003 SET @saved_cs_results     = @@character_set_results */ ;
/*!50003 SET @saved_col_connection = @@collation_connection */ ;
/*!50003 SET character_set_client  = utf8mb3 */ ;
/*!50003 SET character_set_results = utf8mb3 */ ;
/*!50003 SET collation_connection  = utf8mb3_general_ci */ ;
DELIMITER ;;
CREATE DEFINER=`snaladm`@`mariadb` PROCEDURE `update_scooter`(
    s_id INT,
    s_available TINYINT(1),
    s_enabled TINYINT(1),
    s_charge FLOAT,
    s_last_serviced DATETIME,
    s_first_used DATETIME,
    s_distance_traveled FLOAT,
    s_last_position TEXT,
    s_is_charging TINYINT(1),
    c_id VARCHAR(20)
)
BEGIN
    UPDATE scooter
    SET available         = s_available,
        enabled           = s_enabled,
        charge            = s_charge,
        last_serviced     = s_last_serviced,
        first_used        = s_first_used,
        distance_traveled = s_distance_traveled,
        last_position     = ST_GeomFromGeoJSON(s_last_position),
        is_charging       = s_is_charging,
        city_id           = c_id
    WHERE id = s_id;
END ;;
DELIMITER ;
/*!50003 SET sql_mode              = @saved_sql_mode */ ;
/*!50003 SET character_set_client  = @saved_cs_client */ ;
/*!50003 SET character_set_results = @saved_cs_results */ ;
/*!50003 SET collation_connection  = @saved_col_connection */ ;
/*!50003 SET @saved_sql_mode       = @@sql_mode */ ;
/*!50003 SET sql_mode              = 'STRICT_TRANS_TABLES,ERROR_FOR_DIVISION_BY_ZERO,NO_AUTO_CREATE_USER,NO_ENGINE_SUBSTITUTION' */ ;
/*!50003 DROP PROCEDURE IF EXISTS `update_trip` */;
/*!50003 SET @saved_cs_client      = @@character_set_client */ ;
/*!50003 SET @saved_cs_results     = @@character_set_results */ ;
/*!50003 SET @saved_col_connection = @@collation_connection */ ;
/*!50003 SET character_set_client  = utf8mb3 */ ;
/*!50003 SET character_set_results = utf8mb3 */ ;
/*!50003 SET collation_connection  = utf8mb3_general_ci */ ;
DELIMITER ;;
CREATE DEFINER=`snaladm`@`mariadb` PROCEDURE `update_trip`(
    t_id INT,
    u_id INT,
    s_id INT,
    t_distance FLOAT,
    t_completed TINYINT(1),
    t_start_position TEXT,
    t_stop_position TEXT,
    t_start_time TIMESTAMP,
    t_stop_time TIMESTAMP
)
BEGIN
    UPDATE trip
    SET user_id        = u_id,
        scooter_id     = s_id,
        distance       = t_distance,
        completed      = t_completed,
        start_position = ST_GeomFromGeoJSON(t_start_position),
        stop_position  = ST_GeomFromGeoJSON(t_stop_position),
        start_time     = t_start_time,
        stop_time      = t_stop_time
    WHERE id = t_id;
END ;;
DELIMITER ;
/*!50003 SET sql_mode              = @saved_sql_mode */ ;
/*!50003 SET character_set_client  = @saved_cs_client */ ;
/*!50003 SET character_set_results = @saved_cs_results */ ;
/*!50003 SET collation_connection  = @saved_col_connection */ ;
/*!50003 SET @saved_sql_mode       = @@sql_mode */ ;
/*!50003 SET sql_mode              = 'STRICT_TRANS_TABLES,ERROR_FOR_DIVISION_BY_ZERO,NO_AUTO_CREATE_USER,NO_ENGINE_SUBSTITUTION' */ ;
/*!50003 DROP PROCEDURE IF EXISTS `update_user` */;
/*!50003 SET @saved_cs_client      = @@character_set_client */ ;
/*!50003 SET @saved_cs_results     = @@character_set_results */ ;
/*!50003 SET @saved_col_connection = @@collation_connection */ ;
/*!50003 SET character_set_client  = utf8mb3 */ ;
/*!50003 SET character_set_results = utf8mb3 */ ;
/*!50003 SET collation_connection  = utf8mb3_general_ci */ ;
DELIMITER ;;
CREATE DEFINER=`snaladm`@`mariadb` PROCEDURE `update_user`(
    u_id INT,
    u_first_name VARCHAR(45),
    u_last_name VARCHAR(45),
    u_phone_nr INT,
    u_email VARCHAR(45),
    u_social_security VARCHAR(45),
    u_enabled TINYINT(1),
    u_credit FLOAT,
    u_token VARCHAR(45)
)
BEGIN
UPDATE user
SET first_name = u_first_name,
    last_name = u_last_name,
    phone_number = u_phone_nr,
    email = u_email,
    social_security = u_social_security,
    enabled = u_enabled,
    credit = u_credit,
    token = u_token
WHERE id = u_id;
END ;;
DELIMITER ;
/*!50003 SET sql_mode              = @saved_sql_mode */ ;
/*!50003 SET character_set_client  = @saved_cs_client */ ;
/*!50003 SET character_set_results = @saved_cs_results */ ;
/*!50003 SET collation_connection  = @saved_col_connection */ ;
/*!50003 SET @saved_sql_mode       = @@sql_mode */ ;
/*!50003 SET sql_mode              = 'STRICT_TRANS_TABLES,ERROR_FOR_DIVISION_BY_ZERO,NO_AUTO_CREATE_USER,NO_ENGINE_SUBSTITUTION' */ ;
/*!50003 DROP PROCEDURE IF EXISTS `user_add` */;
/*!50003 SET @saved_cs_client      = @@character_set_client */ ;
/*!50003 SET @saved_cs_results     = @@character_set_results */ ;
/*!50003 SET @saved_col_connection = @@collation_connection */ ;
/*!50003 SET character_set_client  = utf8mb3 */ ;
/*!50003 SET character_set_results = utf8mb3 */ ;
/*!50003 SET collation_connection  = utf8mb3_general_ci */ ;
DELIMITER ;;
CREATE DEFINER=`snaladm`@`mariadb` PROCEDURE `user_add`(

    u_first_name VARCHAR(45),
    u_last_name VARCHAR(45),
    u_phone_nr INT,
    u_email VARCHAR(45),
    u_social_security VARCHAR(45),
    u_token VARCHAR(45)
)
BEGIN
INSERT INTO user (
        first_name,
        last_name,
        phone_number,
        email,
        social_security,
        token
    )
VALUES (
        u_first_name,
        u_last_name,
        u_phone_nr,
        u_email,
        u_social_security,
        u_token
    );
END ;;
DELIMITER ;
/*!50003 SET sql_mode              = @saved_sql_mode */ ;
/*!50003 SET character_set_client  = @saved_cs_client */ ;
/*!50003 SET character_set_results = @saved_cs_results */ ;
/*!50003 SET collation_connection  = @saved_col_connection */ ;
/*!40103 SET TIME_ZONE=@OLD_TIME_ZONE */;

/*!40101 SET SQL_MODE=@OLD_SQL_MODE */;
/*!40014 SET FOREIGN_KEY_CHECKS=@OLD_FOREIGN_KEY_CHECKS */;
/*!40014 SET UNIQUE_CHECKS=@OLD_UNIQUE_CHECKS */;
/*!40101 SET CHARACTER_SET_CLIENT=@OLD_CHARACTER_SET_CLIENT */;
/*!40101 SET CHARACTER_SET_RESULTS=@OLD_CHARACTER_SET_RESULTS */;
/*!40101 SET COLLATION_CONNECTION=@OLD_COLLATION_CONNECTION */;
/*!40111 SET SQL_NOTES=@OLD_SQL_NOTES */;

-- Dump completed on 2023-01-22 13:19:56
